"objetID,C,254","dateRefere,D","route,C,100","pr,C,10","depPr,C,10","concession,C,1","abs,N,24,15","cumul,N,24,15","x,N,24,15","y,N,24,15","z,N,24,15","cote,C,1","voie,N,10,0","accrochage,C,20","longueurd,N,10,0","longueurg,N,10,0","sectionnem,C,3","sectionn_1,C,15"
66377,02/01/2026,25N905701,1,25,N,0,0,"926420,83","6695383,05",0,D,0,ACCROCHE,242,0,25,DIRE
46811,02/01/2026,25N905701,2,25,N,0,242,"926317,33","6695145,91",0,D,0,ACCROCHE,210,0,25,DIRE
51191,02/01/2026,25N905701,3,25,N,0,452,"926399,16","6694951,37",0,D,0,ACCROCHE,295,0,25,DIRE
9742,02/01/2026,25N905701,4,25,N,0,747,"926483,18","6695318,03",0,D,0,ACCROCHE,243,0,25,DIRE
52293,02/01/2026,25N905701,5,25,N,0,990,"926313,62","6695177,32",0,D,0,ACCROCHE,126,0,25,DIRE
50788,02/01/2026,25N905702,1,25,N,0,0,"925514,76","6691560,18",0,D,0,ACCROCHE,661,0,25,DIRE
64246,02/01/2026,25N905702,2,25,N,0,661,"925666,79","6690959,25",0,D,0,ACCROCHE,405,0,25,DIRE
28301,02/01/2026,25N905702,3,25,N,0,1066,"926042,77","6690933,69",0,D,0,ACCROCHE,215,0,25,DIRE
28346,02/01/2026,25N905702,4,25,N,0,1281,"926000,83","6691118,72",0,D,0,ACCROCHE,200,0,25,DIRE
39847,02/01/2026,25N905703,1,25,N,0,0,"926083,85","6690774,95",0,D,0,ACCROCHE,175,0,25,DIRE
67306,02/01/2026,25N905703,2,25,N,0,175,"926212,77","6690555,7",0,D,0,ACCROCHE,175,0,25,DIRE
53175,02/01/2026,25N905703,3,25,N,0,350,"926362,63","6690425,04",0,D,0,ACCROCHE,215,0,25,DIRE
22665,02/01/2026,25N905703,4,25,N,0,565,"926190,57","6690639,3",0,D,0,ACCROCHE,175,0,25,DIRE
23576,02/01/2026,25N905703,5,25,N,0,740,"926148,94","6690604,71",0,D,0,ACCROCHE,297,0,25,DIRE
60902,02/01/2026,25N905703,6,25,N,0,1037,"926147,87","6690589,47",0,D,0,ACCROCHE,120,0,25,DIRE
63903,02/01/2026,25N905703,7,25,N,0,1157,"926071,5","6690506,61",0,D,0,ACCROCHE,120,0,25,DIRE
16877,02/01/2026,25N905704,1,25,N,0,0,"926457,75",6690209,0,D,0,ACCROCHE,205,0,25,DIRE
54549,02/01/2026,25N905704,2,25,N,0,205,"926729,61","6689805,41",0,D,0,ACCROCHE,193,0,25,DIRE
40123,02/01/2026,25N905704,3,25,N,0,398,"926766,65","6689888,18",0,D,0,ACCROCHE,335,0,25,DIRE
55015,02/01/2026,25N905704,4,25,N,0,733,"926564,83","6690007,17",0,D,0,ACCROCHE,300,0,25,DIRE
4643,02/01/2026,25N905705,1,25,N,0,0,"927175,56","6689311,5",0,D,0,ACCROCHE,320,0,25,DIRE
47978,02/01/2026,25N905705,2,25,N,0,320,"927168,15","6688947,33",0,D,0,ACCROCHE,247,0,25,DIRE
63107,02/01/2026,25N905705,3,25,N,0,567,"926966,34","6688568,55",0,D,0,ACCROCHE,420,0,25,DIRE
12910,02/01/2026,25N905705,4,25,N,0,987,"927250,12","6688974,6",0,D,0,ACCROCHE,655,0,25,DIRE
71346,02/01/2026,25N905705,5,25,N,0,1642,"927180,21","6688990,99",0,D,0,ACCROCHE,298,0,25,DIRE
24081,02/01/2026,25N905706,1,25,N,0,0,"926563,06","6688313,85",0,D,0,ACCROCHE,176,0,25,DIRE
10629,02/01/2026,25N905706,2,25,N,0,176,"926372,95","6688227,32",0,D,0,ACCROCHE,185,0,25,DIRE
33738,02/01/2026,25N905706,3,25,N,0,361,"926242,53","6688073,76",0,D,0,ACCROCHE,210,0,25,DIRE
39679,02/01/2026,25N905706,4,25,N,0,571,"926479,06","6688134,18",0,D,0,ACCROCHE,210,0,25,DIRE
21296,02/01/2026,25N905707,1,25,N,0,0,"925710,85","6687686,74",0,D,0,ACCROCHE,215,0,25,DIRE
65675,02/01/2026,25N905707,2,25,N,0,215,"925582,66","6687473,09",0,D,0,ACCROCHE,160,0,25,DIRE
13148,02/01/2026,25N905707,3,25,N,0,375,"925617,38","6687293,04",0,D,0,ACCROCHE,155,0,25,DIRE
50955,02/01/2026,25N905707,4,25,N,0,530,"925675,19","6687473,9",0,D,0,ACCROCHE,215,0,25,DIRE
31077,02/01/2026,25N905708,1,25,N,0,0,"925583,97","6687114,65",0,D,0,ACCROCHE,145,0,25,DIRE
1221,02/01/2026,25N905708,2,25,N,0,145,925536,"6686927,51",0,D,0,ACCROCHE,130,0,25,DIRE
65852,02/01/2026,25N905708,3,25,N,0,275,"925559,23","6686713,37",0,D,0,ACCROCHE,195,0,25,DIRE
43328,02/01/2026,25N905708,4,25,N,0,470,"925601,51","6686958,62",0,D,0,ACCROCHE,130,0,25,DIRE
33225,02/01/2026,25N905709,1,25,N,0,0,"925341,25","6686349,05",0,D,0,ACCROCHE,250,0,25,DIRE
72571,02/01/2026,25N905709,2,25,N,0,250,"925390,02","6686128,17",0,D,0,ACCROCHE,178,0,25,DIRE
47160,02/01/2026,25N905710,1,25,N,0,0,"925703,78","6685767,43",0,D,0,ACCROCHE,350,0,25,DIRE
38137,02/01/2026,25N905710,2,25,N,0,350,"925677,41","6685711,3",0,D,0,ACCROCHE,80,0,25,DIRE
27692,02/01/2026,25N905710,3,25,N,0,430,"925587,72","6685423,01",0,D,0,ACCROCHE,296,0,25,DIRE
18336,02/01/2026,25N905711,1,25,N,0,0,"925369,62","6684794,2",0,D,0,ACCROCHE,424,0,25,DIRE
13541,02/01/2026,25N905711,2,25,N,0,424,"925446,25","6684997,35",0,D,0,ACCROCHE,240,0,25,DIRE
16798,02/01/2026,25N905711,3,25,N,0,664,"925405,29","6685066,11",0,D,0,ACCROCHE,145,0,25,DIRE
36153,02/01/2026,25N905711,4,25,N,0,809,"925540,57","6685043,19",0,D,0,ACCROCHE,192,0,25,DIRE
39663,02/01/2026,25N905711,5,25,N,0,1001,"925371,09","6684971,72",0,D,0,ACCROCHE,178,0,25,DIRE
43327,02/01/2026,25N905711,6,25,N,0,1179,"925445,38","6685171,71",0,D,0,ACCROCHE,290,0,25,DIRE
34886,02/01/2026,25N905711,7,25,N,0,1469,"925381,27","6684905,09",0,D,0,ACCROCHE,133,0,25,DIRE
47717,02/01/2026,25N905711,8,25,N,0,1602,"925244,82","6684912,05",0,D,0,ACCROCHE,170,0,25,DIRE
24743,02/01/2026,25N905712,1,25,N,0,0,"925657,76",6684120,0,D,0,ACCROCHE,235,0,25,DIRE
37862,02/01/2026,25N905712,2,25,N,0,235,"925510,14","6684375,55",0,D,0,ACCROCHE,140,0,25,DIRE
63960,02/01/2026,25N905712,3,25,N,0,375,"925411,24","6684468,73",0,D,0,ACCROCHE,122,0,25,DIRE
74020,02/01/2026,25N905712,4,25,N,0,497,"925498,49","6684298,41",0,D,0,ACCROCHE,200,0,25,DIRE
19890,02/01/2026,25N905714,1,25,N,0,0,"926940,61","6683243,88",0,D,0,ACCROCHE,170,0,25,DIRE
50211,02/01/2026,25N905715,1,25,N,0,0,"932705,46","6684985,84",0,D,0,ACCROCHE,330,0,25,DIRE
27852,02/01/2026,25N905715,2,25,N,0,330,"932814,78","6684834,92",0,D,0,ACCROCHE,267,0,25,DIRE
33100,02/01/2026,25N905715,3,25,N,0,597,"932740,02","6684755,72",0,D,0,ACCROCHE,70,0,25,DIRE
18798,02/01/2026,25N905715,4,25,N,0,667,"932622,93","6684754,42",0,D,0,ACCROCHE,308,0,25,DIRE
56685,02/01/2026,25N905715,5,25,N,0,975,"932835,62","6684788,94",0,D,0,ACCROCHE,237,0,25,DIRE
39757,02/01/2026,25N905715,6,25,N,0,1212,"932750,81","6684950,73",0,D,0,ACCROCHE,250,0,25,DIRE
33511,02/01/2026,25N905715,7,25,N,0,1462,"932877,58","6685028,98",0,D,0,ACCROCHE,230,0,25,DIRE
34993,02/01/2026,25N905715,8,25,N,0,1692,"932619,03","6685030,84",0,D,0,ACCROCHE,154,0,25,DIRE
27380,02/01/2026,25N905715,9,25,N,0,1846,"932750,81","6684950,73",0,D,0,ACCROCHE,154,0,25,DIRE
63829,02/01/2026,25N905716,1,25,N,0,0,"934183,9","6683697,43",0,D,0,ACCROCHE,366,0,25,DIRE
58320,02/01/2026,25N905716,2,25,N,0,366,"934427,58","6683575,7",0,D,0,ACCROCHE,320,0,25,DIRE
66733,02/01/2026,25N905717,1,25,N,0,0,"934492,8","6683223,6",0,D,0,ACCROCHE,130,0,25,DIRE
10121,02/01/2026,25N905717,2,25,N,0,130,"934834,02","6682930,48",0,D,0,ACCROCHE,245,0,25,DIRE
18863,02/01/2026,25N905717,3,25,N,0,375,"934951,06","6683010,96",0,D,0,ACCROCHE,195,0,25,DIRE
3413,02/01/2026,25N905717,4,25,N,0,570,"934654,5","6683214,71",0,D,0,ACCROCHE,263,0,25,DIRE
73305,02/01/2026,25N905717,5,25,N,0,833,"934530,88","6683144,13",0,D,0,ACCROCHE,44,0,25,DIRE
43654,02/01/2026,25N905718,1,25,N,0,0,"938461,88","6682155,69",0,D,0,ACCROCHE,170,0,25,DIRE
27986,02/01/2026,25N905718,2,25,N,0,170,938534,"6682008,49",0,D,0,ACCROCHE,90,0,25,DIRE
17138,02/01/2026,25N905718,3,25,N,0,260,"939825,72","6682131,51",0,D,0,ACCROCHE,160,0,25,DIRE
20868,02/01/2026,25N905718,4,25,N,0,420,"938496,18","6682165,4",0,D,0,ACCROCHE,120,0,25,DIRE
25914,02/01/2026,25N905719,1,25,N,0,0,"942750,81","6680174,07",0,D,0,ACCROCHE,233,0,25,DIRE
15189,02/01/2026,25N905719,2,25,N,0,233,"942947,84","6680052,41",0,D,0,ACCROCHE,230,0,25,DIRE
21844,02/01/2026,25N905719,3,25,N,0,463,"943175,53","6680148,15",0,D,0,ACCROCHE,350,0,25,DIRE
18395,02/01/2026,25N905719,4,25,N,0,813,"942952,78","6680060,82",0,D,0,ACCROCHE,300,0,25,DIRE
52918,02/01/2026,25N905720,1,25,N,0,0,"946938,67","6677714,74",0,D,0,ACCROCHE,129,0,25,DIRE
65975,02/01/2026,25N905720,2,25,N,0,129,"946862,6","6677710,84",0,D,0,ACCROCHE,129,0,25,DIRE
28274,02/01/2026,25N905720,3,25,N,0,258,"946969,97","6677690,02",0,D,0,ACCROCHE,95,0,25,DIRE
61172,02/01/2026,25N905720,4,25,N,0,353,"946990,81","6677778,02",0,D,0,ACCROCHE,101,0,25,DIRE
5846,02/01/2026,25N905721,1,25,N,0,0,"949047,49","6675145,21",0,D,0,ACCROCHE,131,0,25,DIRE
46900,02/01/2026,25N905721,2,25,N,0,131,"948940,06","6675113,67",0,D,0,ACCROCHE,134,0,25,DIRE
65830,02/01/2026,25N905721,3,25,N,0,265,"949117,43","6675233,38",0,D,0,ACCROCHE,306,0,25,DIRE
32459,02/01/2026,25N905722,1,25,N,0,0,"953340,68","6672013,22",0,D,0,ACCROCHE,286,0,25,DIRE
37508,02/01/2026,25N905722,2,25,N,0,286,"953476,15","6671748,83",0,D,0,ACCROCHE,300,0,25,DIRE
25843,02/01/2026,25N905722,3,25,N,0,586,"953732,97","6671576,53",0,D,0,ACCROCHE,368,0,25,DIRE
17707,02/01/2026,25N905722,4,25,N,0,954,"953686,5","6671912,19",0,D,0,ACCROCHE,272,0,25,DIRE
2837,02/01/2026,25N905722,5,25,N,0,1226,"953677,61","6671882,66",0,D,0,ACCROCHE,20,0,25,DIRE
3857,02/01/2026,25N905722,6,25,N,0,1246,"953618,14","6671879,68",0,D,0,ACCROCHE,29,0,25,DIRE
17857,02/01/2026,25N905722,7,25,N,0,1275,"953483,36","6671808,92",0,D,0,ACCROCHE,34,0,25,DIRE
29726,02/01/2026,25N905722,8,25,N,0,1309,"953498,48","6671777,91",0,D,0,ACCROCHE,29,0,25,DIRE
54879,02/01/2026,25N905723,1,25,N,0,0,"956157,51","6648129,68",0,D,0,ACCROCHE,240,0,25,DIRE
17337,02/01/2026,25N905723,2,25,N,0,240,"956133,17","6647885,23",0,D,0,ACCROCHE,160,0,25,DIRE
52453,02/01/2026,25N905724,1,25,N,0,0,"956132,2","6637530,57",0,D,0,ACCROCHE,247,0,25,DIRE
37752,02/01/2026,25N905724,2,25,N,0,247,"956375,03","6637351,33",0,D,0,ACCROCHE,196,0,25,DIRE
21219,02/01/2026,25N905724,3,25,N,0,443,"956617,42","6637367,84",0,D,0,ACCROCHE,228,0,25,DIRE
61169,02/01/2026,25N905724,4,25,N,0,671,"956331,75","6637419,48",0,D,0,ACCROCHE,260,0,25,DIRE
11255,02/01/2026,25N905724,5,25,N,0,931,"956315,24","6637373,02",0,D,0,ACCROCHE,274,0,25,DIRE
72037,02/01/2026,25N905727,1,25,N,0,0,"932982,53","6684603,58",0,D,0,ACCROCHE,313,0,25,DIRE
49396,02/01/2026,25N905727,2,25,N,0,313,"933091,49","6684623,31",0,D,0,ACCROCHE,321,0,25,DIRE
15339,02/01/2026,25N905751,1,25,N,0,0,"926046,3","6694111,23",0,D,0,ACCROCHE,515,0,25,DIRE
2523,02/01/2026,25N905751,2,25,N,0,515,"925754,99","6693974,17",0,D,0,ACCROCHE,393,0,25,DIRE
11041,02/01/2026,25N905751,3,25,N,0,908,"925817,81","6693343,9",0,D,0,ACCROCHE,1165,0,25,DIRE
19896,02/01/2026,25N905751,4,25,N,0,2073,"925590,68","6693840,56",0,D,0,ACCROCHE,983,0,25,DIRE
8706,02/01/2026,25N908301,1,25,N,0,0,"918699,63","6668416,59",0,D,0,ACCROCHE,146,0,25,DIRE
20256,02/01/2026,25N908301,2,25,N,0,146,"918742,06","6668568,43",0,D,0,ACCROCHE,210,0,25,DIRE
34914,02/01/2026,25N908301,3,25,N,0,356,"918708,18","6668749,98",0,D,0,ACCROCHE,172,0,25,DIRE
3962,02/01/2026,25N908301,4,25,N,0,528,"918639,55","6668557,12",0,D,0,ACCROCHE,137,0,25,DIRE
28433,02/01/2026,25N908301,5,25,N,0,665,"918739,39","6668547,97",0,D,0,ACCROCHE,30,0,25,DIRE
66140,02/01/2026,25N908302,1,25,N,0,0,"919792,99","6671476,14",0,D,0,ACCROCHE,766,0,25,DIRE
50674,02/01/2026,25N908302,2,25,N,0,766,"920193,03","6671740,66",0,D,0,ACCROCHE,520,0,25,DIRE
58931,02/01/2026,39N900507,1,39,N,0,0,"921704,12","6633260,51",0,D,0,ACCROCHE,360,0,39,DIRE
61526,02/01/2026,39N900507,2,39,N,0,360,"921820,22","6632921,22",0,D,0,ACCROCHE,266,0,39,DIRE
21962,02/01/2026,39N900507,3,39,N,0,626,"921995,56","6632822,56",0,D,0,ACCROCHE,220,0,39,DIRE
38135,02/01/2026,39N900507,4,39,N,0,846,"921869,45","6633046,6",0,D,0,ACCROCHE,233,0,39,DIRE
12187,02/01/2026,39N900507,5,39,N,0,1079,"921896,95","6633024,51",0,D,0,ACCROCHE,150,0,39,DIRE
15340,02/01/2026,39N900507,6,39,N,0,1229,"921768,47","6632877,73",0,D,0,ACCROCHE,167,0,39,DIRE
3425,02/01/2026,39N900507,7,39,N,0,1396,"921862,61","6633019,33",0,D,0,ACCROCHE,157,0,39,DIRE
25807,02/01/2026,39N900507,8,39,N,0,1553,"921740,23","6632913,79",0,D,0,ACCROCHE,163,0,39,DIRE
63845,02/01/2026,39N900508,1,39,N,0,0,"923229,06","6631474,28",0,D,0,ACCROCHE,210,0,39,DIRE
73032,02/01/2026,39N900508,2,39,N,0,210,"923188,9","6631355,34",0,D,0,ACCROCHE,220,0,39,DIRE
30061,02/01/2026,39N900508,3,39,N,0,430,"923469,15","6631198,37",0,D,0,ACCROCHE,768,0,39,DIRE
34462,02/01/2026,39N900508,4,39,N,0,1198,"923032,51","6631531,07",0,D,0,ACCROCHE,688,0,39,DIRE
21737,02/01/2026,39N900509,1,39,N,0,0,"923324,64","6629529,43",0,D,0,ACCROCHE,240,0,39,DIRE
6328,02/01/2026,39N900509,2,39,N,0,240,"923150,42","6629581,17",0,D,0,ACCROCHE,240,0,39,DIRE
39931,02/01/2026,39N900509,3,39,N,0,480,"923158,16","6629250,89",0,D,0,ACCROCHE,150,0,39,DIRE
16463,02/01/2026,39N900509,4,39,N,0,630,"923274,19","6629263,39",0,D,0,ACCROCHE,160,0,39,DIRE
55686,02/01/2026,39N900509,5,39,N,0,790,"923152,24","6629606,67",0,D,0,ACCROCHE,170,0,39,DIRE
50088,02/01/2026,39N900509,6,39,N,0,960,"923248,07","6629258,02",0,D,0,ACCROCHE,170,0,39,DIRE
10974,02/01/2026,39N900509,7,39,N,0,1130,"923117,5","6629575,39",0,D,0,ACCROCHE,410,0,39,DIRE
34011,02/01/2026,39N900509,8,39,N,0,1540,"923290,5","6629239,8",0,D,0,ACCROCHE,405,0,39,DIRE
33255,02/01/2026,39N900511,1,39,N,0,0,"926066,04","6613503,5",0,D,0,ACCROCHE,155,0,39,DIRE
30521,02/01/2026,39N908301,1,39,N,0,0,"899740,56","6641236,13",0,D,0,ACCROCHE,175,0,39,DIRE
59660,02/01/2026,39N908311,1,39,N,0,0,"905937,75","6641905,17",0,D,0,ACCROCHE,150,0,39,DIRE
47557,02/01/2026,39N908311,2,39,N,0,150,"906032,2","6642013,07",0,D,0,ACCROCHE,35,0,39,DIRE
52821,02/01/2026,39N908311,3,39,N,0,185,"905960,54","6641952,3",0,D,0,ACCROCHE,160,0,39,DIRE
61968,02/01/2026,39N908311,4,39,N,0,345,"905861,87","6641819,69",0,D,0,ACCROCHE,160,0,39,DIRE
48221,02/01/2026,51N900401,1,51,N,0,0,"752825,83","6848041,87",0,D,0,ACCROCHE,335,0,51,GE DIRE
13881,02/01/2026,51N900401,2,51,N,0,335,"753104,13","6848068,79",0,D,0,ACCROCHE,340,0,51,GE DIRE
47578,02/01/2026,51N900401,3,51,N,0,675,"753238,65",6848125,0,D,0,ACCROCHE,260,0,51,GE DIRE
58133,02/01/2026,51N900401,4,51,N,0,935,"752947,92","6848286,03",0,D,0,ACCROCHE,230,0,51,GE DIRE
25294,02/01/2026,51N900401,5,51,N,0,1165,"753122,74","6848026,74",0,D,0,ACCROCHE,29,0,51,GE DIRE
49330,02/01/2026,51N900402,1,51,N,0,0,"754472,24","6847024,05",0,D,0,ACCROCHE,365,0,51,GE DIRE
61205,02/01/2026,51N900402,2,51,N,0,365,"754676,13","6846709,41",0,D,0,ACCROCHE,455,0,51,GE DIRE
2308,02/01/2026,51N900402,3,51,N,0,820,"755208,89","6846800,55",0,D,0,ACCROCHE,737,0,51,GE DIRE
62848,02/01/2026,51N900402,4,51,N,0,1557,"754676,26","6846732,55",0,D,0,ACCROCHE,539,0,51,GE DIRE
47179,02/01/2026,51N900402,5,51,N,0,2096,"754752,73","6846951,81",0,D,0,ACCROCHE,45,0,51,GE DIRE
1569,02/01/2026,51N900403,1,51,N,0,0,"788399,37","6848775,69",0,D,0,ACCROCHE,130,0,51,GE DIRE
41833,02/01/2026,51N900403,2,51,N,0,130,"788610,67","6848686,07",0,D,0,ACCROCHE,170,0,51,GE DIRE
4186,02/01/2026,51N900403,3,51,N,0,300,"788819,74","6848742,08",0,D,0,ACCROCHE,170,0,51,GE DIRE
72150,02/01/2026,51N900403,4,51,N,0,470,"788599,06","6848866,07",0,D,0,ACCROCHE,200,0,51,GE DIRE
53249,02/01/2026,51N900404,1,51,N,0,0,"817883,63","6849824,12",0,D,0,ACCROCHE,533,0,51,GE DIRE
34428,02/01/2026,51N900404,2,51,N,0,533,"818077,23","6849359,03",0,D,0,ACCROCHE,462,0,51,GE DIRE
59240,02/01/2026,51N900405,1,51,N,0,0,"818644,57","6849450,66",0,D,0,ACCROCHE,295,0,51,GE DIRE
43014,02/01/2026,51N900405,2,51,N,0,295,"818566,35","6849680,65",0,D,0,ACCROCHE,245,0,51,GE DIRE
6266,02/01/2026,51N900405,3,51,N,0,540,"818590,11","6849705,36",0,D,0,ACCROCHE,39,0,51,GE DIRE
58663,02/01/2026,51N900406,1,51,N,0,0,"819266,91","6848874,5",0,D,0,ACCROCHE,185,0,51,GE DIRE
14205,02/01/2026,51N900406,2,51,N,0,185,"819196,58","6848758,63",0,D,0,ACCROCHE,137,0,51,GE DIRE
45236,02/01/2026,51N900407,1,51,N,0,0,"819725,89","6848262,14",0,D,0,ACCROCHE,413,0,51,GE DIRE
14670,02/01/2026,51N900407,2,51,N,0,413,"819882,12","6848178,67",0,D,0,ACCROCHE,446,0,51,GE DIRE
33441,02/01/2026,51N900408,1,51,N,0,0,"820313,2","6847380,8",0,D,0,ACCROCHE,235,0,51,GE DIRE
34692,02/01/2026,51N900408,2,51,N,0,235,"820313,89","6847077,99",0,D,0,ACCROCHE,320,0,51,GE DIRE
9814,02/01/2026,51N900408,3,51,N,0,555,"820634,65","6847015,97",0,D,0,ACCROCHE,545,0,51,GE DIRE
43497,02/01/2026,51N900408,4,51,N,0,1100,"820314,76","6847090,47",0,D,0,ACCROCHE,594,0,51,GE DIRE
72054,02/01/2026,51N900409,1,51,N,0,0,"750443,58","6847719,52",0,D,0,ACCROCHE,255,0,51,GE DIRE
59478,02/01/2026,51N900409,2,51,N,0,255,"750519,91","6847678,43",0,D,0,ACCROCHE,100,0,51,GE DIRE
71855,02/01/2026,51N900409,3,51,N,0,355,"750456,57","6847700,67",0,D,0,ACCROCHE,27,0,51,GE DIRE
35136,02/01/2026,51N900410,1,51,N,0,0,"751677,91","6847535,87",0,D,0,ACCROCHE,220,0,51,GE DIRE
49257,02/01/2026,51N900410,2,51,N,0,220,"751894,93","6847510,2",0,D,0,ACCROCHE,360,0,51,GE DIRE
42593,02/01/2026,51N900411,1,51,N,0,0,"766397,71","6848123,65",0,D,0,ACCROCHE,230,0,51,GE DIRE
8474,02/01/2026,51N900411,2,51,N,0,230,"766623,56","6848080,93",0,D,0,ACCROCHE,271,0,51,GE DIRE
9046,02/01/2026,51N900411,3,51,N,0,501,"766879,52","6848195,14",0,D,0,ACCROCHE,275,0,51,GE DIRE
25655,02/01/2026,51N900411,4,51,N,0,776,"766607,21","6848220,84",0,D,0,ACCROCHE,350,0,51,GE DIRE
71003,02/01/2026,51N900411,5,51,N,0,1126,"766596,64","6848088,43",0,D,0,ACCROCHE,20,0,51,GE DIRE
57417,02/01/2026,51N900411,6,51,N,0,1146,"766618,28","6848122,38",0,D,0,ACCROCHE,25,0,51,GE DIRE
31663,02/01/2026,51N900411,7,51,N,0,1171,"766636,22","6848230,2",0,D,0,ACCROCHE,20,0,51,GE DIRE
22307,02/01/2026,51N900411,8,51,N,0,1191,"766607,39","6848188,4",0,D,0,ACCROCHE,31,0,51,GE DIRE
73947,02/01/2026,51N900412,1,51,N,0,0,"773221,84","6850400,45",0,D,0,ACCROCHE,436,0,51,GE DIRE
12521,02/01/2026,51N900412,2,51,N,0,436,"773646,96","6850479,45",0,D,0,ACCROCHE,285,0,51,GE DIRE
46505,02/01/2026,51N900412,3,51,N,0,721,"773822,1","6850724,14",0,D,0,ACCROCHE,242,0,51,GE DIRE
4443,02/01/2026,51N900412,4,51,N,0,963,"773558,18","6850694,53",0,D,0,ACCROCHE,205,0,51,GE DIRE
19584,02/01/2026,51N900413,1,51,N,0,0,"784983,25","6849333,19",0,D,0,ACCROCHE,195,0,51,GE DIRE
41677,02/01/2026,51N900413,2,51,N,0,195,"785177,46","6849252,26",0,D,0,ACCROCHE,230,0,51,GE DIRE
22021,02/01/2026,51N900413,3,51,N,0,425,"785421,69","6849291,3",0,D,0,ACCROCHE,195,0,51,GE DIRE
68075,02/01/2026,51N900413,4,51,N,0,620,"785229,91","6849372,58",0,D,0,ACCROCHE,215,0,51,GE DIRE
20509,02/01/2026,51N900414,1,51,N,0,0,"827892,63","6844113,8",0,D,0,ACCROCHE,275,0,51,GE DIRE
66205,02/01/2026,51N900414,2,51,N,0,275,"828126,83","6843906,25",0,D,0,ACCROCHE,237,0,51,GE DIRE
3200,02/01/2026,51N900414,3,51,N,0,512,"828371,28","6843891,16",0,D,0,ACCROCHE,284,0,51,GE DIRE
8667,02/01/2026,51N900414,4,51,N,0,796,"828130,91","6844117,33",0,D,0,ACCROCHE,208,0,51,GE DIRE
34187,02/01/2026,51N900415,1,51,N,0,0,"770796,87","6849799,4",0,D,0,ACCROCHE,341,0,51,GE DIRE
43427,02/01/2026,51N900415,2,51,N,0,341,"771155,06","6849800,95",0,D,0,ACCROCHE,256,0,51,GE DIRE
54829,02/01/2026,51N900415,3,51,N,0,597,"771411,66","6849852,33",0,D,0,ACCROCHE,273,0,51,GE DIRE
27597,02/01/2026,51N900415,4,51,N,0,870,"771126,73","6849950,1",0,D,0,ACCROCHE,250,0,51,GE DIRE
46497,02/01/2026,51N904404,2,51,N,0,0,"796425,97","6882360,48",0,D,0,ACCROCHE,265,0,51,GE DIRE
54791,02/01/2026,51N904404,3,51,N,0,265,"796547,28","6882256,23",0,D,0,ACCROCHE,255,0,51,GE DIRE
44439,02/01/2026,51N904405,1,51,N,0,0,"798925,52","6876787,28",0,D,0,ACCROCHE,410,0,51,GE DIRE
26124,02/01/2026,51N904405,2,51,N,0,410,"799136,4","6876407,65",0,D,0,ACCROCHE,522,0,51,GE DIRE
6122,02/01/2026,51N904406,1,51,N,0,0,"799158,9","6876386,27",0,D,0,ACCROCHE,265,0,51,GE DIRE
950,02/01/2026,51N904406,2,51,N,0,265,"799551,84","6876415,35",0,D,0,ACCROCHE,490,0,51,GE DIRE
17954,02/01/2026,51N904407,1,51,N,0,0,"800493,67","6876087,05",0,D,0,ACCROCHE,246,0,51,GE DIRE
40635,02/01/2026,51N904407,2,51,N,0,246,"800680,02","6875926,86",0,D,0,ACCROCHE,153,0,51,GE DIRE
26089,02/01/2026,51N904407,3,51,N,0,399,"800902,56","6875822,91",0,D,0,ACCROCHE,250,0,51,GE DIRE
17036,02/01/2026,51N904407,4,51,N,0,649,"800762,22","6876090,05",0,D,0,ACCROCHE,253,0,51,GE DIRE
2499,02/01/2026,51N904408,1,51,N,0,0,"801539,01","6874793,28",0,D,0,ACCROCHE,297,0,51,GE DIRE
62983,02/01/2026,51N904408,2,51,N,0,297,"801778,41","6874469,33",0,D,0,ACCROCHE,182,0,51,GE DIRE
8284,02/01/2026,51N904408,3,51,N,0,479,"801825,71","6874236,7",0,D,0,ACCROCHE,282,0,51,GE DIRE
20831,02/01/2026,51N904408,4,51,N,0,761,801819,"6874576,92",0,D,0,ACCROCHE,300,0,51,GE DIRE
4833,02/01/2026,51N904409,1,51,N,0,0,"801833,1","6873312,87",0,D,0,ACCROCHE,260,0,51,GE DIRE
46498,02/01/2026,51N904409,2,51,N,0,260,"801823,81","6873016,79",0,D,0,ACCROCHE,185,0,51,GE DIRE
7814,02/01/2026,51N904409,3,51,N,0,445,"801960,9","6873083,98",0,D,0,ACCROCHE,262,0,51,GE DIRE
3574,02/01/2026,51N904409,4,51,N,0,707,"801924,2",6873070,0,D,0,ACCROCHE,28,0,51,GE DIRE
16755,02/01/2026,51N904410,1,51,N,0,0,"801924,28","6872397,7",0,D,0,ACCROCHE,280,0,51,GE DIRE
58197,02/01/2026,51N904410,2,51,N,0,280,"802200,51","6872143,79",0,D,0,ACCROCHE,140,0,51,GE DIRE
38011,02/01/2026,51N904410,3,51,N,0,420,"802180,37","6872320,46",0,D,0,ACCROCHE,165,0,51,GE DIRE
56602,02/01/2026,51N904411,1,51,N,0,0,"810826,13","6861284,92",0,D,0,ACCROCHE,255,0,51,GE DIRE
57457,02/01/2026,51N904411,2,51,N,0,255,"811055,81","6861216,5",0,D,0,ACCROCHE,200,0,51,GE DIRE
42774,02/01/2026,51N904412,1,51,N,0,0,"813361,97","6858574,9",0,D,0,ACCROCHE,300,0,51,GE DIRE
3843,02/01/2026,51N904412,2,51,N,0,300,"813648,17","6858387,17",0,D,0,ACCROCHE,260,0,51,GE DIRE
20668,02/01/2026,51N904413,1,51,N,0,0,"808125,1","6864467,73",0,D,0,ACCROCHE,575,0,51,GE DIRE
57226,02/01/2026,51N904414,1,51,N,0,0,"809020,22","6863558,77",0,D,0,ACCROCHE,447,0,51,GE DIRE
321,02/01/2026,51N904414,2,51,N,0,447,"809228,21","6863150,49",0,D,0,ACCROCHE,450,0,51,GE DIRE
27539,02/01/2026,51N904414,3,51,N,0,897,"809132,75","6863606,08",0,D,0,ACCROCHE,216,0,51,GE DIRE
19607,02/01/2026,51N904415,1,51,N,0,0,"798215,87","6878091,44",0,D,0,ACCROCHE,356,0,51,GE DIRE
25603,02/01/2026,51N904415,2,51,N,0,356,"798239,31","6877703,88",0,D,0,ACCROCHE,245,0,51,GE DIRE
13964,02/01/2026,51N904415,3,51,N,0,601,"798483,01","6877617,66",0,D,0,ACCROCHE,470,0,51,GE DIRE
23229,02/01/2026,51N904415,4,51,N,0,1071,"798246,74","6877724,07",0,D,0,ACCROCHE,438,0,51,GE DIRE
74494,02/01/2026,51N904416,1,51,N,0,0,"816735,58","6848828,25",0,D,0,ACCROCHE,160,0,51,GE DIRE
35342,02/01/2026,51N904417,5,51,N,0,0,"804850,61","6868818,94",0,D,0,ACCROCHE,157,0,51,GE DIRE
7337,02/01/2026,51N904417,6,51,N,0,157,"805041,64","6869022,11",0,D,0,ACCROCHE,157,0,51,GE DIRE
14015,02/01/2026,51N904417,7,51,N,0,314,"805005,8","6869022,05",0,D,0,ACCROCHE,232,0,51,GE DIRE
2047,02/01/2026,51N904417,8,51,N,0,546,"804890,11","6868824,41",0,D,0,ACCROCHE,232,0,51,GE DIRE
52110,02/01/2026,51N904418,1,51,N,0,0,"806624,91","6866445,26",0,D,0,ACCROCHE,300,0,51,GE DIRE
47720,02/01/2026,51N904418,2,51,N,0,300,"806834,88","6866275,92",0,D,0,ACCROCHE,330,0,51,GE DIRE
4376,02/01/2026,52N900401,1,52,N,0,0,"834642,18","6840762,23",0,D,0,ACCROCHE,96,0,52,GE DIRE
27194,02/01/2026,52N900401,2,52,N,0,96,"834668,16","6840692,83",0,D,0,ACCROCHE,150,0,52,GE DIRE
21820,02/01/2026,52N900401,3,52,N,0,246,"835144,75","6840781,41",0,D,0,ACCROCHE,245,0,52,GE DIRE
47392,02/01/2026,52N900401,4,52,N,0,491,"833785,43","6841204,78",0,D,0,ACCROCHE,126,0,52,GE DIRE
41883,02/01/2026,52N900403,1,52,N,0,0,"840739,99","6839561,79",0,D,0,ACCROCHE,577,0,52,GE DIRE
41598,02/01/2026,52N900403,2,52,N,0,577,"841168,09","6839640,24",0,D,0,ACCROCHE,567,0,52,GE DIRE
55067,02/01/2026,52N900403,3,52,N,0,1144,"841166,07","6839462,09",0,D,0,ACCROCHE,225,0,52,GE DIRE
73136,02/01/2026,52N900403,4,52,N,0,1369,"841187,74","6839647,37",0,D,0,ACCROCHE,415,0,52,GE DIRE
33505,02/01/2026,52N900404,1,52,N,0,0,"842583,09","6837921,23",0,D,0,ACCROCHE,360,0,52,GE DIRE
22668,02/01/2026,52N900404,2,52,N,0,360,"842747,07","6837609,11",0,D,0,ACCROCHE,245,0,52,GE DIRE
60032,02/01/2026,52N900404,3,52,N,0,605,"842853,41","6837687,26",0,D,0,ACCROCHE,270,0,52,GE DIRE
7962,02/01/2026,52N900404,4,52,N,0,875,"842943,94","6837778,73",0,D,0,ACCROCHE,330,0,52,GE DIRE
16894,02/01/2026,52N900405,1,52,N,0,0,"844339,19","6837494,6",0,D,0,ACCROCHE,540,0,52,GE DIRE
6508,02/01/2026,52N900405,2,52,N,0,540,"844587,46","6837664,05",0,D,0,ACCROCHE,525,0,52,GE DIRE
68722,02/01/2026,52N900405,3,52,N,0,1065,"844883,52","6837559,63",0,D,0,ACCROCHE,385,0,52,GE DIRE
28607,02/01/2026,52N900405,4,52,N,0,1450,"844577,38","6837671,02",0,D,0,ACCROCHE,285,0,52,GE DIRE
70614,02/01/2026,52N900406,1,52,N,0,0,"846001,07","6837397,09",0,D,0,ACCROCHE,300,0,52,GE DIRE
14478,02/01/2026,52N900406,2,52,N,0,300,"846445,75","6837428,73",0,D,0,ACCROCHE,370,0,52,GE DIRE
29927,02/01/2026,52N900406,3,52,N,0,670,"846422,03","6837563,96",0,D,0,ACCROCHE,1200,0,52,GE DIRE
69741,02/01/2026,52N900406,4,52,N,0,1870,"846888,47","6837701,51",0,D,0,ACCROCHE,1100,0,52,GE DIRE
60708,02/01/2026,52N901901,1,52,N,0,0,"870915,55","6762064,89",0,D,0,ACCROCHE,205,0,52,DIRE
885,02/01/2026,54A803105,1,54,N,0,0,"921433,79","6847359,48",0,D,0,ACCROCHE,125,0,54,GE DIRE
29138,02/01/2026,54A803105,2,54,N,0,125,"921699,86","6847369,47",0,D,0,ACCROCHE,161,0,54,GE DIRE
40239,02/01/2026,54A803301,1,54,N,0,0,"929984,65","6845119,92",0,D,0,ACCROCHE,126,0,54,GE DIRE
63655,02/01/2026,54A803301,2,54,N,0,126,"930015,27","6844864,1",0,D,0,ACCROCHE,121,0,54,GE DIRE
11986,02/01/2026,54A803302,1,54,N,0,0,"930082,39","6844758,33",0,D,0,ACCROCHE,127,0,54,GE DIRE
364,02/01/2026,54A803302,2,54,N,0,127,"930051,98","6845013,74",0,D,0,ACCROCHE,127,0,54,GE DIRE
53229,02/01/2026,54A903105,1,54,N,0,0,"913089,4","6843422,33",0,D,0,ACCROCHE,427,0,54,GE DIRE
4873,02/01/2026,54A903105,2,54,N,0,427,"912920,05","6843416,39",0,D,0,ACCROCHE,451,0,54,GE DIRE
36901,02/01/2026,54A903105,3,54,N,0,878,"913120,41","6843380,29",0,D,0,ACCROCHE,28,0,54,GE DIRE
39281,02/01/2026,54A903105,4,54,N,0,906,"913022,37","6843460,98",0,D,0,ACCROCHE,18,0,54,GE DIRE
46944,02/01/2026,54A903110,1,54,N,0,0,"914995,53","6845530,41",0,D,0,ACCROCHE,2677,0,54,GE DIRE
39871,02/01/2026,54A903110,2,54,N,0,2677,"913567,07","6847403,2",0,D,0,ACCROCHE,2611,0,54,GE DIRE
3895,02/01/2026,54A903110,3,54,N,0,5288,"915251,32","6845959,92",0,D,0,ACCROCHE,372,0,54,GE DIRE
49925,02/01/2026,54A903110,4,54,N,0,5660,"914970,91","6845899,07",0,D,0,ACCROCHE,414,0,54,GE DIRE
6952,02/01/2026,54A903110,5,54,N,0,6074,"913736,12","6847152,46",0,D,0,ACCROCHE,280,0,54,GE DIRE
14894,02/01/2026,54A903110,6,54,N,0,6354,"913523,61","6847124,65",0,D,0,ACCROCHE,235,0,54,GE DIRE
11241,02/01/2026,54A903115,1,54,N,0,0,"915506,29","6846107,69",0,D,0,ACCROCHE,508,0,54,GE DIRE
59291,02/01/2026,54A903115,2,54,N,0,508,"916006,06","6846090,54",0,D,0,ACCROCHE,432,0,54,GE DIRE
5430,02/01/2026,54A903115,3,54,N,0,940,"916905,82","6846627,9",0,D,0,ACCROCHE,322,0,54,GE DIRE
51345,02/01/2026,54A903115,4,54,N,0,1262,"916402,66","6846381,97",0,D,0,ACCROCHE,522,0,54,GE DIRE
60363,02/01/2026,54A903115,5,54,N,0,1784,"915821,1","6846153,9",0,D,0,ACCROCHE,142,0,54,GE DIRE
52960,02/01/2026,54A903115,6,54,N,0,1926,"916273,99","6846302,81",0,D,0,ACCROCHE,142,0,54,GE DIRE
62633,02/01/2026,54A903120,1,54,N,0,0,"919098,4","6847353,57",0,D,0,ACCROCHE,629,0,54,GE DIRE
63803,02/01/2026,54A903120,2,54,N,0,629,"919434,82","6847579,42",0,D,0,ACCROCHE,588,0,54,GE DIRE
49577,02/01/2026,54A903120,3,54,N,0,1217,"919678,37","6847386,73",0,D,0,ACCROCHE,310,0,54,GE DIRE
5246,02/01/2026,54A903120,4,54,N,0,1527,"919469,86","6847555,71",0,D,0,ACCROCHE,261,0,54,GE DIRE
71185,02/01/2026,54A903125,1,54,N,0,0,"925716,32","6847980,33",0,D,0,ACCROCHE,247,0,54,GE DIRE
16708,02/01/2026,54A903125,2,54,N,0,247,"926000,1","6847970,11",0,D,0,ACCROCHE,321,0,54,GE DIRE
44038,02/01/2026,54A903125,3,54,N,0,568,"926407,59","6848111,06",0,D,0,ACCROCHE,441,0,54,GE DIRE
46332,02/01/2026,54A903125,4,54,N,0,1009,"923943,36","6847855,47",0,D,0,ACCROCHE,226,0,54,GE DIRE
40895,02/01/2026,54A903125,5,54,N,0,1235,"925963,55","6847959,56",0,D,0,ACCROCHE,141,0,54,GE DIRE
58258,02/01/2026,54A903125,6,54,N,0,1376,"925985,48","6847980,66",0,D,0,ACCROCHE,102,0,54,GE DIRE
28130,02/01/2026,54A903125,7,54,N,0,1478,"925944,5","6848085,11",0,D,0,ACCROCHE,103,0,54,GE DIRE
36125,02/01/2026,54A903130,1,54,N,0,0,"930668,36","6849275,29",0,D,0,ACCROCHE,488,0,54,GE DIRE
10042,02/01/2026,54A903130,2,54,N,0,488,"930973,33","6849750,22",0,D,0,ACCROCHE,407,0,54,GE DIRE
2454,02/01/2026,54A903135,1,54,N,0,0,"932597,15","6849891,76",0,D,0,ACCROCHE,1375,0,54,GE DIRE
28745,02/01/2026,54A903135,2,54,N,0,1375,"932827,54","6851229,43",0,D,0,ACCROCHE,1426,0,54,GE DIRE
11823,02/01/2026,54A903140,1,54,N,0,0,"933297,51","6851642,12",0,D,0,ACCROCHE,815,0,54,GE DIRE
57621,02/01/2026,54A903140,2,54,N,0,815,"932405,19","6852432,22",0,D,0,ACCROCHE,1020,0,54,GE DIRE
48887,02/01/2026,54A903145,1,54,N,0,0,"931943,72","6853410,19",0,D,0,ACCROCHE,870,0,54,GE DIRE
53834,02/01/2026,54A903145,2,54,N,0,870,"931654,95","6854076,57",0,D,0,ACCROCHE,530,0,54,GE DIRE
67150,02/01/2026,54A903145,3,54,N,0,1400,"931784,83","6854001,37",0,D,0,ACCROCHE,322,0,54,GE DIRE
17805,02/01/2026,54A903145,4,54,N,0,1722,"931831,56","6853952,22",0,D,0,ACCROCHE,467,0,54,GE DIRE
35279,02/01/2026,54A903145,5,54,N,0,2189,"931911,94","6853718,22",0,D,0,ACCROCHE,83,0,54,GE DIRE
21231,02/01/2026,54A903145,6,54,N,0,2272,"931935,73","6853816,91",0,D,0,ACCROCHE,45,0,54,GE DIRE
33170,02/01/2026,54A903150,1,54,N,0,0,"932041,83","6854605,02",0,D,0,ACCROCHE,309,0,54,GE DIRE
18459,02/01/2026,54A903150,2,54,N,0,309,"932362,28","6854572,86",0,D,0,ACCROCHE,820,0,54,GE DIRE
72432,02/01/2026,54A903150,3,54,N,0,1129,"931734,24","6855353,13",0,D,0,ACCROCHE,871,0,54,GE DIRE
21328,02/01/2026,54A903150,4,54,N,0,2000,"932312,02","6854619,76",0,D,0,ACCROCHE,781,0,54,GE DIRE
51828,02/01/2026,54A903155,1,54,N,0,0,"930991,96","6857330,61",0,D,0,ACCROCHE,311,0,54,GE DIRE
60962,02/01/2026,54A903155,2,54,N,0,311,"931073,28","6857631,17",0,D,0,ACCROCHE,139,0,54,GE DIRE
21854,02/01/2026,54A903155,3,54,N,0,450,"931012,73","6857683,38",0,D,0,ACCROCHE,303,0,54,GE DIRE
25045,02/01/2026,54A903155,4,54,N,0,753,"930910,08","6857352,65",0,D,0,ACCROCHE,275,0,54,GE DIRE
17911,02/01/2026,54A903160,1,54,N,0,0,"928636,89","6861210,76",0,D,0,ACCROCHE,480,0,54,GE DIRE
8576,02/01/2026,54A903160,2,54,N,0,480,"928664,14","6861666,64",0,D,0,ACCROCHE,449,0,54,GE DIRE
51468,02/01/2026,54A903160,3,54,N,0,929,"928123,54","6862107,33",0,D,0,ACCROCHE,461,0,54,GE DIRE
47714,02/01/2026,54A903160,4,54,N,0,1390,"928222,48","6861712,72",0,D,0,ACCROCHE,462,0,54,GE DIRE
8887,02/01/2026,54A903160,5,54,N,0,1852,"928122,74","6861807,15",0,D,0,ACCROCHE,20,0,54,GE DIRE
41496,02/01/2026,54A903160,6,54,N,0,1872,"928135,92","6861769,33",0,D,0,ACCROCHE,22,0,54,GE DIRE
36735,02/01/2026,54A903160,7,54,N,0,1894,"928685,02","6861623,78",0,D,0,ACCROCHE,24,0,54,GE DIRE
32343,02/01/2026,54A903165,1,54,N,0,0,"927047,51","6868926,64",0,D,0,ACCROCHE,1158,0,54,GE DIRE
27602,02/01/2026,54A903165,2,54,N,0,1158,"926684,56","6869568,14",0,D,0,ACCROCHE,656,0,54,GE DIRE
5918,02/01/2026,54A903170,1,54,N,0,0,"927169,01","6869813,18",0,D,0,ACCROCHE,295,0,54,GE DIRE
44480,02/01/2026,54A903170,2,54,N,0,295,"927325,79","6870032,22",0,D,0,ACCROCHE,229,0,54,GE DIRE
14572,02/01/2026,54A903170,3,54,N,0,524,"927311,87","6870286,3",0,D,0,ACCROCHE,296,0,54,GE DIRE
1864,02/01/2026,54A903170,4,54,N,0,820,"927131,89","6870053,48",0,D,0,ACCROCHE,228,0,54,GE DIRE
12862,02/01/2026,54A903170,5,54,N,0,1048,"927298,54","6870001,08",0,D,0,ACCROCHE,25,0,54,GE DIRE
10185,02/01/2026,54A903170,6,54,N,0,1073,"927293,54",6870036,0,D,0,ACCROCHE,20,0,54,GE DIRE
57514,02/01/2026,54A903170,7,54,N,0,1093,"927169,46","6870087,44",0,D,0,ACCROCHE,31,0,54,GE DIRE
55241,02/01/2026,54A903170,8,54,N,0,1124,"927179,12","6870048,38",0,D,0,ACCROCHE,25,0,54,GE DIRE
73164,02/01/2026,54A903175,1,54,N,0,0,"927941,9","6874940,67",0,D,0,ACCROCHE,325,0,54,GE DIRE
72897,02/01/2026,54A903175,2,54,N,0,325,"928046,2","6875276,49",0,D,0,ACCROCHE,325,0,54,GE DIRE
28588,02/01/2026,54A903175,3,54,N,0,650,"927941,3","6875469,52",0,D,0,ACCROCHE,370,0,54,GE DIRE
46122,02/01/2026,54A903175,4,54,N,0,1020,"927765,32","6874998,81",0,D,0,ACCROCHE,241,0,54,GE DIRE
68205,02/01/2026,54A903175,6,54,N,0,1261,"927839,39","6875089,31",0,D,0,ACCROCHE,52,0,54,GE DIRE
12666,02/01/2026,54A903175,8,54,N,0,1313,"927884,03","6875179,07",0,D,0,ACCROCHE,26,0,54,GE DIRE
68376,02/01/2026,54A903305,1,54,N,0,0,"928959,44","6848322,53",0,D,0,ACCROCHE,636,0,54,GE DIRE
69825,02/01/2026,54A903305,2,54,N,0,636,"929372,74","6847680,17",0,D,0,ACCROCHE,910,0,54,GE DIRE
20129,02/01/2026,54A903305,3,54,N,0,1546,"929354,78","6847885,95",0,D,0,ACCROCHE,834,0,54,GE DIRE
68887,02/01/2026,54A903305,4,54,N,0,2380,"929294,79","6848446,36",0,D,0,ACCROCHE,299,0,54,GE DIRE
11129,02/01/2026,54A903305,5,54,N,0,2679,"929898,34","6848425,98",0,D,0,ACCROCHE,1162,0,54,GE DIRE
16008,02/01/2026,54A903305,6,54,N,0,3841,"929331,62","6848318,72",0,D,0,ACCROCHE,587,0,54,GE DIRE
28595,02/01/2026,54A903310,1,54,N,0,0,"931030,63","6843205,84",0,D,0,ACCROCHE,292,0,54,GE DIRE
29279,02/01/2026,54A903310,2,54,N,0,292,"931190,44","6842987,39",0,D,0,ACCROCHE,225,0,54,GE DIRE
63421,02/01/2026,54A903310,3,54,N,0,517,"931204,1","6842992,43",0,D,0,ACCROCHE,339,0,54,GE DIRE
46973,02/01/2026,54A903310,4,54,N,0,856,"931354,24","6843039,44",0,D,0,ACCROCHE,278,0,54,GE DIRE
29036,02/01/2026,54A903310,5,54,N,0,1134,"931551,36","6842983,83",0,D,0,ACCROCHE,265,0,54,GE DIRE
73200,02/01/2026,54A903310,6,54,N,0,1399,"931370,56","6843141,91",0,D,0,ACCROCHE,182,0,54,GE DIRE
39067,02/01/2026,54A903310,7,54,N,0,1581,"931407,58","6843174,7",0,D,0,ACCROCHE,333,0,54,GE DIRE
29124,02/01/2026,54A903310,8,54,N,0,1914,"931270,8","6843088,76",0,D,0,ACCROCHE,305,0,54,GE DIRE
43909,02/01/2026,54A903315,1,54,N,0,0,"936406,75","6840133,56",0,D,0,ACCROCHE,202,0,54,GE DIRE
69782,02/01/2026,54A903315,2,54,N,0,202,"936543,65","6840035,1",0,D,0,ACCROCHE,224,0,54,GE DIRE
62757,02/01/2026,54A903315,3,54,N,0,426,"936740,77","6840161,55",0,D,0,ACCROCHE,345,0,54,GE DIRE
42280,02/01/2026,54A903315,4,54,N,0,771,"936429,73","6840259,12",0,D,0,ACCROCHE,354,0,54,GE DIRE
65952,02/01/2026,54A903320,1,54,N,0,0,"940820,58","6840362,78",0,D,0,ACCROCHE,405,0,54,GE DIRE
21256,02/01/2026,54A903320,2,54,N,0,405,"941262,72","6840255,75",0,D,0,ACCROCHE,180,0,54,GE DIRE
973,02/01/2026,54A903320,3,54,N,0,585,"941577,14","6840276,19",0,D,0,ACCROCHE,219,0,54,GE DIRE
519,02/01/2026,54A903320,4,54,N,0,804,"941355,13","6840429,08",0,D,0,ACCROCHE,333,0,54,GE DIRE
17428,02/01/2026,54A903325,1,54,N,0,0,"945642,13","6838978,45",0,D,0,ACCROCHE,695,0,54,GE DIRE
69861,02/01/2026,54A903325,2,54,N,0,695,"946725,09","6838961,2",0,D,0,ACCROCHE,305,0,54,GE DIRE
15471,02/01/2026,54A903325,3,54,N,0,1000,"946003,94","6838476,54",0,D,0,ACCROCHE,47,0,54,GE DIRE
68074,02/01/2026,54A903330,1,54,N,0,0,"947475,17","6838999,18",0,D,0,ACCROCHE,203,0,54,GE DIRE
46690,02/01/2026,54A903330,2,54,N,0,203,"947700,13","6838977,32",0,D,0,ACCROCHE,149,0,54,GE DIRE
8177,02/01/2026,54A903330,3,54,N,0,352,"947877,3","6839114,63",0,D,0,ACCROCHE,402,0,54,GE DIRE
16679,02/01/2026,54A903330,4,54,N,0,754,"947538,64","6839086,27",0,D,0,ACCROCHE,318,0,54,GE DIRE
58325,02/01/2026,54A931301,1,54,N,0,0,"925552,38","6870376,41",0,D,0,ACCROCHE,162,0,54,GE DIRE
20614,02/01/2026,54A933005,1,54,N,0,0,"934571,67","6844586,72",0,D,0,ACCROCHE,161,0,54,DIRE
61474,02/01/2026,54A933005,2,54,N,0,161,"934599,59","6844571,68",0,D,0,ACCROCHE,76,0,54,DIRE
38777,02/01/2026,54A933010,1,54,N,0,0,"934267,83","6843817,45",0,D,0,ACCROCHE,241,0,54,DIRE
57856,02/01/2026,54A933010,2,54,N,0,241,"934306,71","6843632,31",0,D,0,ACCROCHE,233,0,54,DIRE
65565,02/01/2026,54A933015,1,54,N,0,0,"934302,14","6842730,07",0,D,0,ACCROCHE,439,0,54,DIRE
73516,02/01/2026,54A933015,2,54,N,0,439,"934401,24","6842459,45",0,D,0,ACCROCHE,306,0,54,DIRE
22766,02/01/2026,54A933015,3,54,N,0,745,"934365,13","6842532,06",0,D,0,ACCROCHE,317,0,54,DIRE
10366,02/01/2026,54A933020,1,54,N,0,0,"934352,59","6842160,77",0,D,0,ACCROCHE,308,0,54,DIRE
43802,02/01/2026,54A933020,2,54,N,0,308,"934361,31","6841925,63",0,D,0,ACCROCHE,192,0,54,DIRE
41041,02/01/2026,54A933020,3,54,N,0,500,"934429,99","6841733,41",0,D,0,ACCROCHE,380,0,54,DIRE
61338,02/01/2026,54A933025,1,54,N,0,0,"934436,12","6841596,26",0,D,0,ACCROCHE,434,0,54,DIRE
15591,02/01/2026,54A933025,2,54,N,0,434,"934438,79","6841500,95",0,D,0,ACCROCHE,927,0,54,DIRE
45705,02/01/2026,54A933025,3,54,N,0,1361,"934543,1","6840623,75",0,D,0,ACCROCHE,356,0,54,DIRE
26973,02/01/2026,54A933025,4,54,N,0,1717,"934792,14","6840714,69",0,D,0,ACCROCHE,753,0,54,DIRE
34066,02/01/2026,54A933025,5,54,N,0,2470,"934496,83","6841060,39",0,D,0,ACCROCHE,310,0,54,DIRE
66122,02/01/2026,54A933025,6,54,N,0,2780,"934447,26","6841100,01",0,D,0,ACCROCHE,323,0,54,DIRE
4634,02/01/2026,54A933025,7,54,N,0,3103,"934629,4","6840886,52",0,D,0,ACCROCHE,191,0,54,DIRE
59329,02/01/2026,54A933025,8,54,N,0,3294,"934569,82","6840996,21",0,D,0,ACCROCHE,381,0,54,DIRE
19576,02/01/2026,54A933030,1,54,N,0,0,"934447,12","6840344,63",0,D,0,ACCROCHE,367,0,54,DIRE
19570,02/01/2026,54A933030,2,54,N,0,367,"934301,04","6839982,67",0,D,0,ACCROCHE,205,0,54,DIRE
3549,02/01/2026,54A933030,3,54,N,0,572,"934265,63","6839722,07",0,D,0,ACCROCHE,240,0,54,DIRE
219,02/01/2026,54A933030,4,54,N,0,812,"934375,17","6839942,03",0,D,0,ACCROCHE,354,0,54,DIRE
8274,02/01/2026,54A933035,1,54,N,0,0,"934094,09","6839213,66",0,D,0,ACCROCHE,234,0,54,DIRE
23421,02/01/2026,54A933035,2,54,N,0,234,"933943,66","6839010,9",0,D,0,ACCROCHE,397,0,54,DIRE
3237,02/01/2026,54A933040,1,54,N,0,0,"934113,94","6835464,22",0,D,0,ACCROCHE,758,0,54,DIRE
63071,02/01/2026,54A933040,2,54,N,0,758,"934476,43","6835444,94",0,D,0,ACCROCHE,873,0,54,DIRE
58454,02/01/2026,54A933040,3,54,N,0,1631,"934149,33","6835148,18",0,D,0,ACCROCHE,435,0,54,DIRE
18671,02/01/2026,54A933040,4,54,N,0,2066,"934338,67","6836074,15",0,D,0,ACCROCHE,297,0,54,DIRE
56265,02/01/2026,54N900405,1,54,N,0,0,"906825,33","6844676,35",0,D,0,ACCROCHE,131,0,54,GE DIRE
32927,02/01/2026,54N900405,2,54,N,0,131,"906865,79","6844580,65",0,D,0,ACCROCHE,132,0,54,GE DIRE
7367,02/01/2026,54N900405,3,54,N,0,263,"906389,15","6844764,88",0,D,0,ACCROCHE,213,0,54,GE DIRE
55446,02/01/2026,54N900405,4,54,N,0,476,"906248,73","6844906,25",0,D,0,ACCROCHE,339,0,54,GE DIRE
13150,02/01/2026,54N900410,1,54,N,0,0,"911026,27","6842605,55",0,D,0,ACCROCHE,398,0,54,GE DIRE
46094,02/01/2026,54N900410,2,54,N,0,398,"911373,83","6842650,89",0,D,0,ACCROCHE,351,0,54,GE DIRE
25586,02/01/2026,54N900410,3,54,N,0,749,"911592,29","6842761,98",0,D,0,ACCROCHE,204,0,54,GE DIRE
32593,02/01/2026,54N900410,4,54,N,0,953,"911474,13","6842912,96",0,D,0,ACCROCHE,588,0,54,GE DIRE
45932,02/01/2026,54N900410,5,54,N,0,1541,"911470,5","6842781,77",0,D,0,ACCROCHE,36,0,54,GE DIRE
14287,02/01/2026,54N900410,6,54,N,0,1577,"911406,22","6842733,36",0,D,0,ACCROCHE,43,0,54,GE DIRE
59690,02/01/2026,54N900410,7,54,N,0,1620,"911268,98","6842521,07",0,D,0,ACCROCHE,32,0,54,GE DIRE
24694,02/01/2026,54N900410,8,54,N,0,1652,"911323,12","6842517,71",0,D,0,ACCROCHE,21,0,54,GE DIRE
24710,02/01/2026,54N900435,1,54,N,0,0,"948992,76","6839112,65",0,D,0,ACCROCHE,688,0,54,GE DIRE
6625,02/01/2026,54N900435,2,54,N,0,688,"949388,74","6839215,12",0,D,0,ACCROCHE,567,0,54,GE DIRE
8731,02/01/2026,54N900435,3,54,N,0,1255,"949425,24","6838899,3",0,D,0,ACCROCHE,217,0,54,GE DIRE
43431,02/01/2026,54N900435,4,54,N,0,1472,"949341,34","6839089,37",0,D,0,ACCROCHE,283,0,54,GE DIRE
56092,02/01/2026,54N900440,1,54,N,0,0,"956871,44","6836267,53",0,D,0,ACCROCHE,320,0,54,GE DIRE
18542,02/01/2026,54N900440,2,54,N,0,320,"956836,67","6836092,31",0,D,0,ACCROCHE,405,0,54,GE DIRE
32857,02/01/2026,54N900440,3,54,N,0,725,"957101,8","6836219,88",0,D,0,ACCROCHE,416,0,54,GE DIRE
73265,02/01/2026,54N900440,4,54,N,0,1141,"956764,37","6836403,48",0,D,0,ACCROCHE,340,0,54,GE DIRE
40257,02/01/2026,54N900445,1,54,N,0,0,"967033,61","6836560,02",0,D,0,ACCROCHE,220,0,54,GE DIRE
28904,02/01/2026,54N900445,2,54,N,0,220,"967252,01","6836520,3",0,D,0,ACCROCHE,264,0,54,GE DIRE
38925,02/01/2026,54N900445,3,54,N,0,484,"967941,2","6836644,77",0,D,0,ACCROCHE,296,0,54,GE DIRE
45723,02/01/2026,54N900445,4,54,N,0,780,"967654,28","6836729,31",0,D,0,ACCROCHE,198,0,54,GE DIRE
45773,02/01/2026,54N900450,1,54,N,0,0,"971315,75","6835616,98",0,D,0,ACCROCHE,437,0,54,GE DIRE
6103,02/01/2026,54N900450,2,54,N,0,437,"971774,65","6835595,63",0,D,0,ACCROCHE,310,0,54,GE DIRE
69880,02/01/2026,54N900450,3,54,N,0,747,"971965,54","6835823,5",0,D,0,ACCROCHE,370,0,54,GE DIRE
18830,02/01/2026,54N900450,4,54,N,0,1117,"971567,68","6835789,65",0,D,0,ACCROCHE,340,0,54,GE DIRE
72464,02/01/2026,54N900455,1,54,N,0,0,"983299,86","6840324,01",0,D,0,ACCROCHE,285,0,54,GE DIRE
74363,02/01/2026,54N900455,3,54,N,0,285,"983755,92","6840790,62",0,D,0,ACCROCHE,370,0,54,GE DIRE
73067,02/01/2026,54N900455,4,54,N,0,655,"983411,21","6840579,92",0,D,0,ACCROCHE,300,0,54,GE DIRE
39709,02/01/2026,54N905205,1,54,N,0,0,"911011,57","6930190,64",0,D,0,ACCROCHE,374,0,54,GE DIRE
19447,02/01/2026,54N905205,2,54,N,0,374,"911000,41","6930501,64",0,D,0,ACCROCHE,430,0,54,GE DIRE
6760,02/01/2026,54N905205,3,54,N,0,804,"910523,29","6930754,03",0,D,0,ACCROCHE,320,0,54,GE DIRE
35537,02/01/2026,54N905205,4,54,N,0,1124,"910646,58","6930469,22",0,D,0,ACCROCHE,250,0,54,GE DIRE
39030,02/01/2026,54N905205,5,54,N,0,1374,"910630,04","6930467,9",0,D,0,ACCROCHE,112,0,54,GE DIRE
18278,02/01/2026,54N905210,1,54,N,0,0,"910179,26","6931069,72",0,D,0,ACCROCHE,259,0,54,GE DIRE
73211,02/01/2026,54N905210,2,54,N,0,259,"910016,02","6931317,49",0,D,0,ACCROCHE,246,0,54,GE DIRE
4415,02/01/2026,54N905210,3,54,N,0,505,"909721,52","6931390,14",0,D,0,ACCROCHE,231,0,54,GE DIRE
37249,02/01/2026,54N905210,4,54,N,0,736,"909921,24","6931252,24",0,D,0,ACCROCHE,276,0,54,GE DIRE
32255,02/01/2026,54N905215,1,54,N,0,0,"907708,74","6932471,7",0,D,0,ACCROCHE,77,0,54,GE DIRE
67074,02/01/2026,54N905215,2,54,N,0,77,"907291,48","6932786,57",0,D,0,ACCROCHE,216,0,54,GE DIRE
56538,02/01/2026,54N905215,3,54,N,0,293,"907045,4","6932809,95",0,D,0,ACCROCHE,248,0,54,GE DIRE
20348,02/01/2026,54N905215,4,54,N,0,541,"907236,73","6932638,63",0,D,0,ACCROCHE,204,0,54,GE DIRE
70548,02/01/2026,54N905215,5,54,N,0,745,"907213,29","6932678,89",0,D,0,ACCROCHE,30,0,54,GE DIRE
28603,02/01/2026,54N905215,6,54,N,0,775,"907253,25","6932659,08",0,D,0,ACCROCHE,32,0,54,GE DIRE
15904,02/01/2026,54N905220,1,54,N,0,0,"905705,37","6933799,29",0,D,0,ACCROCHE,229,0,54,GE DIRE
11306,02/01/2026,54N905220,2,54,N,0,229,"905641,77","6933983,29",0,D,0,ACCROCHE,202,0,54,GE DIRE
63782,02/01/2026,54N905220,3,54,N,0,431,"905425,06","6934176,79",0,D,0,ACCROCHE,219,0,54,GE DIRE
47972,02/01/2026,54N905225,1,54,N,0,0,"903780,15","6936007,27",0,D,0,ACCROCHE,175,0,54,GE DIRE
65559,02/01/2026,54N905225,2,54,N,0,175,"903745,66","6936181,03",0,D,0,ACCROCHE,233,0,54,GE DIRE
21738,02/01/2026,54N905225,3,54,N,0,408,"903611,84","6936310,91",0,D,0,ACCROCHE,189,0,54,GE DIRE
66703,02/01/2026,54N905225,4,54,N,0,597,"903661,6","6936116,18",0,D,0,ACCROCHE,184,0,54,GE DIRE
44855,02/01/2026,54N905230,1,54,N,0,0,"902214,71","6937282,13",0,D,0,ACCROCHE,275,0,54,GE DIRE
34366,02/01/2026,54N905230,2,54,N,0,275,"902000,99","6937391,49",0,D,0,ACCROCHE,237,0,54,GE DIRE
36411,02/01/2026,54N905230,3,54,N,0,512,"901853,49","6937446,7",0,D,0,ACCROCHE,204,0,54,GE DIRE
924,02/01/2026,54N905235,1,54,N,0,0,"899150,11","6938619,93",0,D,0,ACCROCHE,302,0,54,GE DIRE
71609,02/01/2026,54N905235,2,54,N,0,302,"899299,33","6938914,72",0,D,0,ACCROCHE,158,0,54,GE DIRE
21312,02/01/2026,54N905235,3,54,N,0,460,"899277,1","6939044,11",0,D,0,ACCROCHE,275,0,54,GE DIRE
9643,02/01/2026,54N905235,4,54,N,0,735,"899098,74","6938798,51",0,D,0,ACCROCHE,246,0,54,GE DIRE
1175,02/01/2026,54N905240,1,54,N,0,0,"899448,93","6939717,71",0,D,0,ACCROCHE,274,0,54,GE DIRE
73804,02/01/2026,54N905240,2,54,N,0,274,"899556,73","6939975,02",0,D,0,ACCROCHE,205,0,54,GE DIRE
21223,02/01/2026,54N905240,3,54,N,0,479,"899544,47","6940139,51",0,D,0,ACCROCHE,186,0,54,GE DIRE
14583,02/01/2026,54N905240,4,54,N,0,665,"899411,05","6939980,07",0,D,0,ACCROCHE,265,0,54,GE DIRE
9902,02/01/2026,54N905240,5,54,N,0,930,"899453,97","6940007,88",0,D,0,ACCROCHE,24,0,54,GE DIRE
42724,02/01/2026,54N905240,6,54,N,0,954,"899460,51","6939978,34",0,D,0,ACCROCHE,28,0,54,GE DIRE
30716,02/01/2026,54N905240,7,54,N,0,982,"899522,45","6939975,91",0,D,0,ACCROCHE,23,0,54,GE DIRE
58734,02/01/2026,54N905245,1,54,N,0,0,"899647,34","6940411,5",0,D,0,ACCROCHE,761,0,54,GE DIRE
47561,02/01/2026,54N905245,2,54,N,0,761,"900290,4","6940846,17",0,D,0,ACCROCHE,933,0,54,GE DIRE
72696,02/01/2026,54N905250,1,54,N,0,0,"901769,65","6942660,64",0,D,0,ACCROCHE,506,0,54,GE DIRE
64392,02/01/2026,54N905250,2,54,N,0,506,"901580,8","6942320,33",0,D,0,ACCROCHE,742,0,54,GE DIRE
67080,02/01/2026,54N905250,3,54,N,0,1248,"901851,34","6942632,54",0,D,0,ACCROCHE,230,0,54,GE DIRE
17120,02/01/2026,54N905250,4,54,N,0,1478,"901635,68","6942706,45",0,D,0,ACCROCHE,250,0,54,GE DIRE
35559,02/01/2026,54N905255,1,54,N,0,0,"902458,02","6942358,21",0,D,0,ACCROCHE,195,0,54,GE DIRE
1799,02/01/2026,54N905255,2,54,N,0,195,"902686,16","6942185,97",0,D,0,ACCROCHE,262,0,54,GE DIRE
45628,02/01/2026,54N905255,3,54,N,0,457,"902549,45","6942334,67",0,D,0,ACCROCHE,130,0,54,GE DIRE
15438,02/01/2026,54N905255,4,54,N,0,587,"902513,5","6942425,97",0,D,0,ACCROCHE,177,0,54,GE DIRE
28504,02/01/2026,54N905750,1,54,N,0,0,"935304,44","6832874,38",0,D,0,ACCROCHE,351,0,54,DIRE
43983,02/01/2026,54N905750,2,54,N,0,351,"935369,26","6832974,86",0,D,0,ACCROCHE,322,0,54,DIRE
3298,02/01/2026,54N905755,1,54,N,0,0,"940062,99","6824057,38",0,D,0,ACCROCHE,399,0,54,DIRE
73731,02/01/2026,54N905755,2,54,N,0,399,"940003,69","6823647,45",0,D,0,ACCROCHE,425,0,54,DIRE
52488,02/01/2026,54N905755,3,54,N,0,824,"940036,33","6823318,19",0,D,0,ACCROCHE,385,0,54,DIRE
15127,02/01/2026,54N905755,4,54,N,0,1209,"940184,53","6823665,98",0,D,0,ACCROCHE,300,0,54,DIRE
19558,02/01/2026,54N905755,5,54,N,0,1509,940069,"6823654,09",0,D,0,ACCROCHE,24,0,54,DIRE
821,02/01/2026,54N905760,1,54,N,0,0,"938991,63","6818144,71",0,D,0,ACCROCHE,323,0,54,DIRE
42101,02/01/2026,54N905760,2,54,N,0,323,"938968,02","6817810,79",0,D,0,ACCROCHE,294,0,54,DIRE
46483,02/01/2026,54N905760,3,54,N,0,617,"939139,71","6817448,21",0,D,0,ACCROCHE,423,0,54,DIRE
73922,02/01/2026,54N905760,4,54,N,0,1040,"939132,93","6817889,66",0,D,0,ACCROCHE,356,0,54,DIRE
12108,02/01/2026,54N905760,5,54,N,0,1396,"939018,7","6817834,93",0,D,0,ACCROCHE,24,0,54,DIRE
20004,02/01/2026,54N905760,6,54,N,0,1420,"939085,53","6817866,53",0,D,0,ACCROCHE,24,0,54,DIRE
73086,02/01/2026,54N905905,1,54,N,0,0,"960588,67","6835842,93",0,D,0,ACCROCHE,295,0,54,DIRE
27002,02/01/2026,54N905905,2,54,N,0,295,"960541,95","6835609,82",0,D,0,ACCROCHE,620,0,54,DIRE
35277,02/01/2026,54N905905,3,54,N,0,915,"961089,84","6835336,63",0,D,0,ACCROCHE,760,0,54,DIRE
61737,02/01/2026,54N905905,4,54,N,0,1675,"961032,62","6835607,75",0,D,0,ACCROCHE,340,0,54,DIRE
29560,02/01/2026,54N905905,5,54,N,0,2015,"960796,03","6835452,5",0,D,0,ACCROCHE,74,0,54,DIRE
55759,02/01/2026,54N905905,8,54,N,0,2089,"960867,62","6835479,86",0,D,0,ACCROCHE,250,0,54,DIRE
29692,02/01/2026,54N905905,9,54,N,0,2339,"960981,45","6835422,41",0,D,0,ACCROCHE,514,0,54,DIRE
27926,02/01/2026,54N905910,1,54,N,0,0,"962185,73","6834379,81",0,D,0,ACCROCHE,942,0,54,DIRE
36815,02/01/2026,54N905910,2,54,N,0,942,"962794,12","6833285,71",0,D,0,ACCROCHE,138,0,54,DIRE
74334,02/01/2026,54N905910,3,54,N,0,1080,"962493,99","6833729,06",0,D,0,ACCROCHE,280,0,54,DIRE
2440,02/01/2026,54N905910,4,54,N,0,1360,"962516,37","6833965,28",0,D,0,ACCROCHE,527,0,54,DIRE
15665,02/01/2026,54N905920,1,54,N,0,0,"964022,08","6832196,02",0,D,0,ACCROCHE,352,0,54,DIRE
24343,02/01/2026,54N905920,2,54,N,0,352,"964003,34","6832557,53",0,D,0,ACCROCHE,243,0,54,DIRE
7650,02/01/2026,54N905930,1,54,N,0,0,"966464,64","6831079,39",0,D,0,ACCROCHE,373,0,54,DIRE
64676,02/01/2026,54N905930,2,54,N,0,373,"966897,95","6831094,92",0,D,0,ACCROCHE,302,0,54,DIRE
2107,02/01/2026,54N905930,3,54,N,0,675,"967102,66","6831290,83",0,D,0,ACCROCHE,349,0,54,DIRE
44964,02/01/2026,54N905930,4,54,N,0,1024,"966709,05","6831255,81",0,D,0,ACCROCHE,272,0,54,DIRE
15240,02/01/2026,54N905940,1,54,N,0,0,"972302,16","6828734,02",0,D,0,ACCROCHE,412,0,54,DIRE
72647,02/01/2026,54N905940,4,54,N,0,412,"972687,25","6828638,1",0,D,0,ACCROCHE,285,0,54,DIRE
38800,02/01/2026,54N905950,1,54,N,0,0,"975686,05","6825212,79",0,D,0,ACCROCHE,285,0,54,DIRE
69644,02/01/2026,54N905950,2,54,N,0,285,"975903,23","6824999,43",0,D,0,ACCROCHE,315,0,54,DIRE
61743,02/01/2026,54N905950,3,54,N,0,600,"976227,98","6824992,08",0,D,0,ACCROCHE,885,0,54,DIRE
35899,02/01/2026,54N905950,4,54,N,0,1485,975980,"6824713,85",0,D,0,ACCROCHE,822,0,54,DIRE
37529,02/01/2026,54N905960,1,54,N,0,0,"978213,76","6822174,61",0,D,0,ACCROCHE,377,0,54,DIRE
68586,02/01/2026,54N905960,2,54,N,0,377,"978541,56","6821913,16",0,D,0,ACCROCHE,314,0,54,DIRE
53532,02/01/2026,54N905960,3,54,N,0,691,"978816,37","6821937,81",0,D,0,ACCROCHE,455,0,54,DIRE
60538,02/01/2026,54N905960,4,54,N,0,1146,"978534,8","6821927,91",0,D,0,ACCROCHE,385,0,54,DIRE
33677,02/01/2026,55N900401,1,55,N,0,0,"847994,02","6839058,27",0,D,0,ACCROCHE,438,0,55,GE DIRE
35289,02/01/2026,55N900401,2,55,N,0,438,"848334,06","6839413,42",0,D,0,ACCROCHE,286,0,55,GE DIRE
6111,02/01/2026,55N900401,3,55,N,0,724,"848522,55","6839635,01",0,D,0,ACCROCHE,566,0,55,GE DIRE
1984,02/01/2026,55N900401,4,55,N,0,1290,"848006,32","6839349,03",0,D,0,ACCROCHE,300,0,55,GE DIRE
60221,02/01/2026,55N900402,1,55,N,0,0,"849304,13","6839647,78",0,D,0,ACCROCHE,227,0,55,GE DIRE
66632,02/01/2026,55N900403,1,55,N,0,0,"852862,41","6840171,8",0,D,0,ACCROCHE,262,0,55,GE DIRE
55335,02/01/2026,55N900403,2,55,N,0,262,"853150,76","6840093,45",0,D,0,ACCROCHE,387,0,55,GE DIRE
43526,02/01/2026,55N900403,3,55,N,0,649,"853432,9","6840179,35",0,D,0,ACCROCHE,324,0,55,GE DIRE
14114,02/01/2026,55N900403,4,55,N,0,973,"852463,01","6840232,61",0,D,0,ACCROCHE,238,0,55,GE DIRE
56197,02/01/2026,55N900404,1,55,N,0,0,"856806,99","6839997,41",0,D,0,ACCROCHE,220,0,55,GE DIRE
25971,02/01/2026,55N900404,2,55,N,0,220,"857026,85","6839984,38",0,D,0,ACCROCHE,238,0,55,GE DIRE
40785,02/01/2026,55N900404,3,55,N,0,458,"857293,35","6840083,48",0,D,0,ACCROCHE,281,0,55,GE DIRE
25057,02/01/2026,55N900404,4,55,N,0,739,"857041,97","6840159,4",0,D,0,ACCROCHE,249,0,55,GE DIRE
62703,02/01/2026,55N900405,1,55,N,0,0,"861170,36","6840458,77",0,D,0,ACCROCHE,298,0,55,GE DIRE
47921,02/01/2026,55N900405,2,55,N,0,298,"861456,01","6840410,14",0,D,0,ACCROCHE,205,0,55,GE DIRE
47003,02/01/2026,55N900405,3,55,N,0,503,"861418,29","6840487,13",0,D,0,ACCROCHE,216,0,55,GE DIRE
66877,02/01/2026,55N900405,4,55,N,0,719,"861447,71","6840588,53",0,D,0,ACCROCHE,266,0,55,GE DIRE
30783,02/01/2026,55N900406,1,55,N,0,0,"865745,9","6842464,61",0,D,0,ACCROCHE,219,0,55,GE DIRE
42178,02/01/2026,55N900406,2,55,N,0,219,"865961,17","6842500,38",0,D,0,ACCROCHE,200,0,55,GE DIRE
28109,02/01/2026,55N900406,3,55,N,0,419,"866427,35","6842760,86",0,D,0,ACCROCHE,261,0,55,GE DIRE
36399,02/01/2026,55N900406,4,55,N,0,680,"865971,12","6842592,53",0,D,0,ACCROCHE,250,0,55,GE DIRE
20456,02/01/2026,55N900407,1,55,N,0,0,"870613,12","6845972,96",0,D,0,ACCROCHE,245,0,55,GE DIRE
23106,02/01/2026,55N900407,2,55,N,0,245,"870716,17","6846207,99",0,D,0,ACCROCHE,225,0,55,GE DIRE
66890,02/01/2026,55N900407,3,55,N,0,470,"869585,67","6844567,23",0,D,0,ACCROCHE,75,0,55,GE DIRE
72859,02/01/2026,55N900407,4,55,N,0,545,"869643,79","6844644,23",0,D,0,ACCROCHE,375,0,55,GE DIRE
30994,02/01/2026,55N900408,1,55,N,0,0,"879059,72","6847680,94",0,D,0,ACCROCHE,444,0,55,GE DIRE
48063,02/01/2026,55N900408,2,55,N,0,444,"879460,22","6847503,15",0,D,0,ACCROCHE,265,0,55,GE DIRE
25739,02/01/2026,55N900408,3,55,N,0,709,"880189,32","6847807,2",0,D,0,ACCROCHE,162,0,55,GE DIRE
70009,02/01/2026,55N900408,4,55,N,0,871,"878181,73",6847539,0,D,0,ACCROCHE,165,0,55,GE DIRE
30586,02/01/2026,55N900409,1,55,N,0,0,"881144,71","6847844,83",0,D,0,ACCROCHE,390,0,55,GE DIRE
58858,02/01/2026,55N900409,2,55,N,0,390,"881415,38","6847998,77",0,D,0,ACCROCHE,280,0,55,GE DIRE
33220,02/01/2026,55N900410,1,55,N,0,0,"881579,03","6847864,31",0,D,0,ACCROCHE,263,0,55,GE DIRE
29189,02/01/2026,55N900410,2,55,N,0,263,"881861,33","6847840,21",0,D,0,ACCROCHE,158,0,55,GE DIRE
13992,02/01/2026,55N900410,3,55,N,0,421,"882037,1","6847941,01",0,D,0,ACCROCHE,77,0,55,GE DIRE
1815,02/01/2026,55N900410,4,55,N,0,498,"881833,14","6847933,48",0,D,0,ACCROCHE,133,0,55,GE DIRE
12735,02/01/2026,55N900411,1,55,N,0,0,"885437,67","6847911,57",0,D,0,ACCROCHE,352,0,55,GE DIRE
59828,02/01/2026,55N900411,2,55,N,0,352,"886213,09","6847672,43",0,D,0,ACCROCHE,271,0,55,GE DIRE
60794,02/01/2026,55N900411,3,55,N,0,623,"886618,46","6847425,42",0,D,0,ACCROCHE,203,0,55,GE DIRE
49471,02/01/2026,55N900411,4,55,N,0,826,"886360,01","6847732,48",0,D,0,ACCROCHE,233,0,55,GE DIRE
61801,02/01/2026,55N900412,1,55,N,0,0,"892746,36","6846694,27",0,D,0,ACCROCHE,245,0,55,GE DIRE
49181,02/01/2026,55N900412,2,55,N,0,245,"893022,35","6846616,01",0,D,0,ACCROCHE,185,0,55,GE DIRE
795,02/01/2026,55N900412,3,55,N,0,430,"893267,84","6846561,73",0,D,0,ACCROCHE,306,0,55,GE DIRE
32810,02/01/2026,55N900412,4,55,N,0,736,"892466,4","6846699,66",0,D,0,ACCROCHE,232,0,55,GE DIRE
34711,02/01/2026,55N900413,1,55,N,0,0,"896750,46","6846640,35",0,D,0,ACCROCHE,228,0,55,GE DIRE
17912,02/01/2026,55N900413,2,55,N,0,228,"896984,64","6846592,21",0,D,0,ACCROCHE,260,0,55,GE DIRE
16563,02/01/2026,55N900413,3,55,N,0,488,"897170,85","6846673,87",0,D,0,ACCROCHE,200,0,55,GE DIRE
22796,02/01/2026,55N900413,4,55,N,0,688,"896954,38","6846784,26",0,D,0,ACCROCHE,229,0,55,GE DIRE
7864,02/01/2026,55N900414,1,55,N,0,0,"900315,71","6846142,23",0,D,0,ACCROCHE,210,0,55,GE DIRE
62114,02/01/2026,55N900414,2,55,N,0,210,"900510,44","6846081,6",0,D,0,ACCROCHE,291,0,55,GE DIRE
34191,02/01/2026,55N900414,3,55,N,0,501,"900821,03","6846153,92",0,D,0,ACCROCHE,290,0,55,GE DIRE
36343,02/01/2026,55N900414,4,55,N,0,791,"900557,22","6846281,15",0,D,0,ACCROCHE,185,0,55,GE DIRE
60240,02/01/2026,55N900414,5,55,N,0,976,"900524,87","6846136,24",0,D,0,ACCROCHE,31,0,55,GE DIRE
25954,02/01/2026,55N900414,6,55,N,0,1007,"900489,85","6846119,93",0,D,0,ACCROCHE,33,0,55,GE DIRE
25988,02/01/2026,55N900415,1,55,N,0,0,"874753,56","6846612,58",0,D,0,ACCROCHE,160,0,55,GE DIRE
8969,02/01/2026,55N913501A,1,55,N,0,0,"859600,33","6854712,81",0,D,0,ACCROCHE,82,0,55,DIRE
18999,02/01/2026,55N913501B,1,55,N,0,0,"863303,61","6850733,67",0,D,0,ACCROCHE,193,0,55,DIRE
25475,02/01/2026,57A903005,1,57,N,0,0,"930514,68","6914988,76",0,D,0,ACCROCHE,345,0,57,GE DIRE
28471,02/01/2026,57A903005,2,57,N,0,345,"930264,97","6915334,98",0,D,0,ACCROCHE,552,0,57,GE DIRE
25386,02/01/2026,57A903005,3,57,N,0,897,"930088,41","6915212,34",0,D,0,ACCROCHE,507,0,57,GE DIRE
54004,02/01/2026,57A903005,4,57,N,0,1404,"930398,86","6914963,04",0,D,0,ACCROCHE,465,0,57,GE DIRE
57622,02/01/2026,57A903010,1,57,N,0,0,"927523,2","6916215,64",0,D,0,ACCROCHE,282,0,57,GE DIRE
3775,02/01/2026,57A903010,2,57,N,0,282,"927178,51","6916433,12",0,D,0,ACCROCHE,388,0,57,GE DIRE
40041,02/01/2026,57A903010,3,57,N,0,670,"926882,17",6916520,0,D,0,ACCROCHE,309,0,57,GE DIRE
73310,02/01/2026,57A903010,4,57,N,0,979,"927261,86","6916287,2",0,D,0,ACCROCHE,311,0,57,GE DIRE
30719,02/01/2026,57A903010,5,57,N,0,1290,"927302,66","6916374,28",0,D,0,ACCROCHE,529,0,57,GE DIRE
5139,02/01/2026,57A903010,6,57,N,0,1819,"926900,2","6916536,18",0,D,0,ACCROCHE,475,0,57,GE DIRE
44732,02/01/2026,57A903015,1,57,N,0,0,"925851,53","6916976,56",0,D,0,ACCROCHE,397,0,57,GE DIRE
43647,02/01/2026,57A903015,2,57,N,0,397,"925451,2","6916881,27",0,D,0,ACCROCHE,338,0,57,GE DIRE
12168,02/01/2026,57A903015,3,57,N,0,735,"925756,62","6916740,86",0,D,0,ACCROCHE,382,0,57,GE DIRE
41878,02/01/2026,57A903015,4,57,N,0,1117,"925809,62","6916875,42",0,D,0,ACCROCHE,62,0,57,GE DIRE
66569,02/01/2026,57A903015,5,57,N,0,1179,"925791,87","6916828,4",0,D,0,ACCROCHE,61,0,57,GE DIRE
60211,02/01/2026,57A903020,1,57,N,0,0,"924102,59","6917467,14",0,D,0,ACCROCHE,1606,0,57,GE DIRE
4279,02/01/2026,57A903020,2,57,N,0,1606,"923132,2","6918503,62",0,D,0,ACCROCHE,1890,0,57,GE DIRE
5342,02/01/2026,57A903020,3,57,N,0,3496,"924134,48","6917420,4",0,D,0,ACCROCHE,665,0,57,GE DIRE
34661,02/01/2026,57A903020,4,57,N,0,4161,"923434,21","6917968,83",0,D,0,ACCROCHE,450,0,57,GE DIRE
27977,02/01/2026,57A903020,5,57,N,0,4611,"924104,71","6917411,98",0,D,0,ACCROCHE,500,0,57,GE DIRE
13938,02/01/2026,57A903020,6,57,N,0,5111,"924522,27","6917154,48",0,D,0,ACCROCHE,488,0,57,GE DIRE
67472,02/01/2026,57A903020,7,57,N,0,5599,"923816,23","6917542,3",0,D,0,ACCROCHE,45,0,57,GE DIRE
20155,02/01/2026,57A903025,1,57,N,0,0,"922014,34","6918926,86",0,D,0,ACCROCHE,246,0,57,GE DIRE
61868,02/01/2026,57A903025,2,57,N,0,246,"921571,8","6919394,42",0,D,0,ACCROCHE,919,0,57,GE DIRE
8329,02/01/2026,57A903025,3,57,N,0,1165,"921540,9","6918861,51",0,D,0,ACCROCHE,1027,0,57,GE DIRE
5965,02/01/2026,57A903030,1,57,N,0,0,"916625,84","6921567,76",0,D,0,ACCROCHE,554,0,57,GE DIRE
63476,02/01/2026,57A903030,2,57,N,0,554,"916614,55","6922014,01",0,D,0,ACCROCHE,487,0,57,GE DIRE
64299,02/01/2026,57A903030,3,57,N,0,1041,"916459,76","6921655,82",0,D,0,ACCROCHE,252,0,57,GE DIRE
47804,02/01/2026,57A903030,4,57,N,0,1293,"916430,5","6921564,22",0,D,0,ACCROCHE,667,0,57,GE DIRE
34249,02/01/2026,57A903035,1,57,N,0,0,"915599,77","6924811,66",0,D,0,ACCROCHE,383,0,57,GE DIRE
54775,02/01/2026,57A903035,2,57,N,0,383,"915680,85","6925112,64",0,D,0,ACCROCHE,548,0,57,GE DIRE
55115,02/01/2026,57A903035,3,57,N,0,931,"915159,37","6925121,57",0,D,0,ACCROCHE,1865,0,57,GE DIRE
59420,02/01/2026,57A903035,4,57,N,0,2796,"916684,17","6925426,21",0,D,0,ACCROCHE,1810,0,57,GE DIRE
64222,02/01/2026,57A903040,1,57,N,0,0,"912928,22","6926648,16",0,D,0,ACCROCHE,492,0,57,GE DIRE
55183,02/01/2026,57A903040,2,57,N,0,492,"912631,65","6927024,7",0,D,0,ACCROCHE,415,0,57,GE DIRE
46549,02/01/2026,57A903040,3,57,N,0,907,"912201,11","6927179,28",0,D,0,ACCROCHE,475,0,57,GE DIRE
31952,02/01/2026,57A903040,4,57,N,0,1382,"912507,95","6926832,36",0,D,0,ACCROCHE,378,0,57,GE DIRE
48862,02/01/2026,57A903040,5,57,N,0,1760,"912586,68","6926956,09",0,D,0,ACCROCHE,64,0,57,GE DIRE
54001,02/01/2026,57A903040,6,57,N,0,1824,"912537,04","6926878,32",0,D,0,ACCROCHE,52,0,57,GE DIRE
74069,02/01/2026,57A903105,1,57,N,0,0,"927664,3","6885811,85",0,D,0,ACCROCHE,520,0,57,GE DIRE
50649,02/01/2026,57A903105,10,57,N,0,520,"927449,42","6886333,78",0,D,0,ACCROCHE,705,0,57,GE DIRE
7303,02/01/2026,57A903105,11,57,N,0,1225,"927582,79","6885759,57",0,D,0,ACCROCHE,705,0,57,GE DIRE
72601,02/01/2026,57A903105,2,57,N,0,1930,"927642,22","6886383,04",0,D,0,ACCROCHE,330,0,57,GE DIRE
43848,02/01/2026,57A903105,3,57,N,0,2260,"927490,26","6886648,72",0,D,0,ACCROCHE,300,0,57,GE DIRE
24432,02/01/2026,57A903105,4,57,N,0,2560,"927476,87","6886294,46",0,D,0,ACCROCHE,209,0,57,GE DIRE
64958,02/01/2026,57A903105,5,57,N,0,2769,"927635,35","6886234,13",0,D,0,ACCROCHE,213,0,57,GE DIRE
68748,02/01/2026,57A903105,6,57,N,0,2982,"927611,88","6886361,09",0,D,0,ACCROCHE,178,0,57,GE DIRE
64160,02/01/2026,57A903105,7,57,N,0,3160,"927502,43","6886337,72",0,D,0,ACCROCHE,178,0,57,GE DIRE
35345,02/01/2026,57A903105,8,57,N,0,3338,"927611,88","6886361,09",0,D,0,ACCROCHE,104,0,57,GE DIRE
49723,02/01/2026,57A903105,9,57,N,0,3442,"927506,01","6886324,69",0,D,0,ACCROCHE,104,0,57,GE DIRE
63423,02/01/2026,57A903110,1,57,N,0,0,"927249,1","6890624,52",0,D,0,ACCROCHE,359,0,57,GE DIRE
47816,02/01/2026,57A903110,2,57,N,0,359,"926988,72","6891342,26",0,D,0,ACCROCHE,254,0,57,GE DIRE
20731,02/01/2026,57A903110,3,57,N,0,613,"926834,53","6891555,44",0,D,0,ACCROCHE,851,0,57,GE DIRE
1336,02/01/2026,57A903110,4,57,N,0,1464,"926878,36","6891366,29",0,D,0,ACCROCHE,333,0,57,GE DIRE
71276,02/01/2026,57A903110,5,57,N,0,1797,"927209,78","6890683,88",0,D,0,ACCROCHE,299,0,57,GE DIRE
14424,02/01/2026,57A903110,6,57,N,0,2096,"927125,3","6890407,94",0,D,0,ACCROCHE,270,0,57,GE DIRE
73726,02/01/2026,57A903115,1,57,N,0,0,"927286,22","6892731,27",0,D,0,ACCROCHE,749,0,57,GE DIRE
28447,02/01/2026,57A903115,2,57,N,0,749,"927779,8","6892878,42",0,D,0,ACCROCHE,660,0,57,GE DIRE
68278,02/01/2026,57A903115,3,57,N,0,1409,"928284,31","6893343,79",0,D,0,ACCROCHE,576,0,57,GE DIRE
49388,02/01/2026,57A903115,4,57,N,0,1985,"927575,96","6893299,83",0,D,0,ACCROCHE,628,0,57,GE DIRE
71201,02/01/2026,57A903115,5,57,N,0,2613,"927725,15","6892984,73",0,D,0,ACCROCHE,402,0,57,GE DIRE
2569,02/01/2026,57A903115,6,57,N,0,3015,"927688,43","6893142,35",0,D,0,ACCROCHE,347,0,57,GE DIRE
37239,02/01/2026,57A903115,7,57,N,0,3362,"927689,23","6893246,38",0,D,0,ACCROCHE,54,0,57,GE DIRE
32487,02/01/2026,57A903115,8,57,N,0,3416,"927698,01","6892862,53",0,D,0,ACCROCHE,50,0,57,GE DIRE
39413,02/01/2026,57A903120,1,57,N,0,0,"930640,98","6894868,12",0,D,0,ACCROCHE,250,0,57,GE DIRE
43504,02/01/2026,57A903120,2,57,N,0,250,"930808,44","6895164,25",0,D,0,ACCROCHE,245,0,57,GE DIRE
23870,02/01/2026,57A903120,3,57,N,0,495,"930643,19","6895698,65",0,D,0,ACCROCHE,1045,0,57,GE DIRE
60217,02/01/2026,57A903120,4,57,N,0,1540,"931073,32","6894982,87",0,D,0,ACCROCHE,1016,0,57,GE DIRE
53194,02/01/2026,57A903125,1,57,N,0,0,"931743,48","6897329,59",0,D,0,ACCROCHE,412,0,57,GE DIRE
44340,02/01/2026,57A903125,2,57,N,0,412,"931828,78","6897790,56",0,D,0,ACCROCHE,1362,0,57,GE DIRE
42842,02/01/2026,57A903125,3,57,N,0,1774,"931729,52","6897544,89",0,D,0,ACCROCHE,327,0,57,GE DIRE
4440,02/01/2026,57A903125,4,57,N,0,2101,"932554,57","6896792,7",0,D,0,ACCROCHE,1445,0,57,GE DIRE
60619,02/01/2026,57A903125,5,57,N,0,3546,"931606,59","6897487,06",0,D,0,ACCROCHE,63,0,57,GE DIRE
65608,02/01/2026,57A903130,1,57,N,0,0,"932327,74","6898484,56",0,D,0,ACCROCHE,865,0,57,GE DIRE
11626,02/01/2026,57A903130,2,57,N,0,865,"932328,69","6899361,43",0,D,0,ACCROCHE,149,0,57,GE DIRE
8057,02/01/2026,57A903130,3,57,N,0,1014,"932159,95","6899556,83",0,D,0,ACCROCHE,248,0,57,GE DIRE
20335,02/01/2026,57A903130,4,57,N,0,1262,"932137,33","6899202,48",0,D,0,ACCROCHE,192,0,57,GE DIRE
64132,02/01/2026,57A903130,5,57,N,0,1454,"932352,58","6899250,13",0,D,0,ACCROCHE,210,0,57,GE DIRE
58030,02/01/2026,57A903135,1,57,N,0,0,"931425,5","6904173,19",0,D,0,ACCROCHE,1214,0,57,GE DIRE
37077,02/01/2026,57A903135,2,57,N,0,1214,"931339,55","6905264,66",0,D,0,ACCROCHE,889,0,57,GE DIRE
33340,02/01/2026,57A903135,3,57,N,0,2103,"931394,71","6904901,89",0,D,0,ACCROCHE,314,0,57,GE DIRE
14559,02/01/2026,57A903135,4,57,N,0,2417,"931319,54","6904804,63",0,D,0,ACCROCHE,263,0,57,GE DIRE
54118,02/01/2026,57A903135,5,57,N,0,2680,"931811,02","6904830,99",0,D,0,ACCROCHE,441,0,57,GE DIRE
46555,02/01/2026,57A903135,6,57,N,0,3121,"931329,14","6905093,16",0,D,0,ACCROCHE,512,0,57,GE DIRE
41081,02/01/2026,57A903140,1,57,N,0,0,"931273,52","6906353,74",0,D,0,ACCROCHE,225,0,57,GE DIRE
9041,02/01/2026,57A903140,2,57,N,0,225,"931367,14","6906639,37",0,D,0,ACCROCHE,214,0,57,GE DIRE
64499,02/01/2026,57A903140,3,57,N,0,439,"931293,5","6906921,41",0,D,0,ACCROCHE,225,0,57,GE DIRE
49316,02/01/2026,57A903140,4,57,N,0,664,"931179,58","6906562,73",0,D,0,ACCROCHE,137,0,57,GE DIRE
47065,02/01/2026,57A903145,1,57,N,0,0,"931626,95","6909081,19",0,D,0,ACCROCHE,257,0,57,GE DIRE
5581,02/01/2026,57A903145,2,57,N,0,257,"931616,5","6909372,13",0,D,0,ACCROCHE,342,0,57,GE DIRE
4399,02/01/2026,57A903145,3,57,N,0,599,"931451,21","6909560,54",0,D,0,ACCROCHE,208,0,57,GE DIRE
73403,02/01/2026,57A903145,4,57,N,0,807,"931465,39","6909325,96",0,D,0,ACCROCHE,280,0,57,GE DIRE
27615,02/01/2026,57A903150,1,57,N,0,0,"931273,49","6911316,98",0,D,0,ACCROCHE,211,0,57,GE DIRE
13191,02/01/2026,57A903150,2,57,N,0,211,"931319,13","6911646,88",0,D,0,ACCROCHE,200,0,57,GE DIRE
62281,02/01/2026,57A903150,3,57,N,0,411,"931182,55","6911919,16",0,D,0,ACCROCHE,153,0,57,GE DIRE
66817,02/01/2026,57A903150,4,57,N,0,564,"931187,81","6911635,42",0,D,0,ACCROCHE,184,0,57,GE DIRE
25126,02/01/2026,57A903155,2,57,N,0,0,"931742,05","6915783,89",0,D,0,ACCROCHE,355,0,57,GE DIRE
1868,02/01/2026,57A903155,3,57,N,0,355,"931530,36","6916239,05",0,D,0,ACCROCHE,362,0,57,GE DIRE
10954,02/01/2026,57A903155,4,57,N,0,717,"931690,37","6915804,04",0,D,0,ACCROCHE,27,0,57,GE DIRE
71160,02/01/2026,57A903160,1,57,N,0,0,"931556,83","6918978,45",0,D,0,ACCROCHE,247,0,57,GE DIRE
50879,02/01/2026,57A903160,2,57,N,0,247,"931834,48","6919534,17",0,D,0,ACCROCHE,326,0,57,GE DIRE
65273,02/01/2026,57A903160,3,57,N,0,573,"931479,05","6919540,17",0,D,0,ACCROCHE,720,0,57,GE DIRE
71291,02/01/2026,57A903160,4,57,N,0,1293,"931371,66","6919533,3",0,D,0,ACCROCHE,235,0,57,GE DIRE
22479,02/01/2026,57A903160,5,57,N,0,1528,"931573,3","6919320,38",0,D,0,ACCROCHE,577,0,57,GE DIRE
47750,02/01/2026,57A903160,6,57,N,0,2105,"931511,86","6919508,1",0,D,0,ACCROCHE,240,0,57,GE DIRE
57967,02/01/2026,57A903165,1,57,N,0,0,"931090,66","6920609,21",0,D,0,ACCROCHE,329,0,57,GE DIRE
68790,02/01/2026,57A903165,2,57,N,0,329,"930725,05","6921225,12",0,D,0,ACCROCHE,477,0,57,GE DIRE
36645,02/01/2026,57A903165,3,57,N,0,806,"930676,9","6920950,09",0,D,0,ACCROCHE,262,0,57,GE DIRE
35644,02/01/2026,57A903165,4,57,N,0,1068,"930731,06","6921434,55",0,D,0,ACCROCHE,427,0,57,GE DIRE
43606,02/01/2026,57A903165,5,57,N,0,1495,"930840,59","6920739,8",0,D,0,ACCROCHE,245,0,57,GE DIRE
41436,02/01/2026,57A903170,1,57,N,0,0,"929476,02","6921161,23",0,D,0,ACCROCHE,219,0,57,GE DIRE
56575,02/01/2026,57A903170,2,57,N,0,219,"929490,09","6921308,63",0,D,0,ACCROCHE,188,0,57,GE DIRE
65113,02/01/2026,57A903170,3,57,N,0,407,"929245,13","6921181,72",0,D,0,ACCROCHE,167,0,57,GE DIRE
68911,02/01/2026,57A903170,4,57,N,0,574,"929419,26","6921138,44",0,D,0,ACCROCHE,189,0,57,GE DIRE
64116,02/01/2026,57A903175,1,57,N,0,0,"928791,59","6921296,77",0,D,0,ACCROCHE,457,0,57,GE DIRE
45471,02/01/2026,57A903175,2,57,N,0,457,"928425,79","6921515,1",0,D,0,ACCROCHE,393,0,57,GE DIRE
69170,02/01/2026,57A903175,3,57,N,0,850,"928085,16","6921337,94",0,D,0,ACCROCHE,267,0,57,GE DIRE
58649,02/01/2026,57A903175,4,57,N,0,1117,"928321,67","6921229,91",0,D,0,ACCROCHE,195,0,57,GE DIRE
42240,02/01/2026,57A903180,1,57,N,0,0,"927426,34",6921200,0,D,0,ACCROCHE,310,0,57,GE DIRE
31367,02/01/2026,57A903180,2,57,N,0,310,"927287,58","6921240,98",0,D,0,ACCROCHE,269,0,57,GE DIRE
23646,02/01/2026,57A903180,3,57,N,0,579,"927137,61","6921037,99",0,D,0,ACCROCHE,402,0,57,GE DIRE
61285,02/01/2026,57A903180,4,57,N,0,981,"927247,51","6920999,06",0,D,0,ACCROCHE,225,0,57,GE DIRE
1500,02/01/2026,57A903185,1,57,N,0,0,"926427,65","6920716,6",0,D,0,ACCROCHE,603,0,57,GE DIRE
57312,02/01/2026,57A903185,2,57,N,0,603,"926279,52","6920587,85",0,D,0,ACCROCHE,470,0,57,GE DIRE
39417,02/01/2026,57A903185,3,57,N,0,1073,"926040,82","6920895,53",0,D,0,ACCROCHE,318,0,57,GE DIRE
60689,02/01/2026,57A903185,4,57,N,0,1391,"926342,73","6920558,82",0,D,0,ACCROCHE,256,0,57,GE DIRE
50676,02/01/2026,57A903190,1,57,N,0,0,"925688,96","6922404,81",0,D,0,ACCROCHE,274,0,57,GE DIRE
20055,02/01/2026,57A903190,2,57,N,0,274,"925889,49","6922678,92",0,D,0,ACCROCHE,308,0,57,GE DIRE
64316,02/01/2026,57A903190,3,57,N,0,582,"925675,14","6922702,56",0,D,0,ACCROCHE,224,0,57,GE DIRE
19233,02/01/2026,57A903190,4,57,N,0,806,"925530,62","6922701,81",0,D,0,ACCROCHE,238,0,57,GE DIRE
65812,02/01/2026,57A903195,1,57,N,0,0,"925974,96","6930325,29",0,D,0,ACCROCHE,282,0,57,GE DIRE
35074,02/01/2026,57A903195,2,57,N,0,282,"926100,25","6930323,95",0,D,0,ACCROCHE,291,0,57,GE DIRE
71326,02/01/2026,57A903195,3,57,N,0,573,"925975,51","6930367,16",0,D,0,ACCROCHE,238,0,57,GE DIRE
43232,02/01/2026,57A903195,4,57,N,0,811,"925859,04","6930431,3",0,D,0,ACCROCHE,265,0,57,GE DIRE
20507,02/01/2026,57N900405,1,57,N,0,0,"989120,86","6846411,85",0,D,0,ACCROCHE,195,0,57,GE DIRE
27160,02/01/2026,57N900405,2,57,N,0,195,"989310,49","6846456,48",0,D,0,ACCROCHE,313,0,57,GE DIRE
4371,02/01/2026,57N900405,3,57,N,0,508,"989867,73","6847357,17",0,D,0,ACCROCHE,170,0,57,GE DIRE
36375,02/01/2026,57N900405,4,57,N,0,678,"988973,91","6846298,88",0,D,0,ACCROCHE,32,0,57,GE DIRE
23182,02/01/2026,57N900405,5,57,N,0,710,"989278,49","6846457,61",0,D,0,ACCROCHE,25,0,57,GE DIRE
24276,02/01/2026,57N900405,6,57,N,0,735,"989285,83","6846504,46",0,D,0,ACCROCHE,38,0,57,GE DIRE
46278,02/01/2026,57N900415,1,57,N,0,0,"991117,25","6851234,49",0,D,0,ACCROCHE,335,0,57,GE DIRE
38163,02/01/2026,57N900415,2,57,N,0,335,"991322,8","6851446,4",0,D,0,ACCROCHE,280,0,57,GE DIRE
13525,02/01/2026,57N900415,3,57,N,0,615,"991610,99","6851651,34",0,D,0,ACCROCHE,545,0,57,GE DIRE
30232,02/01/2026,57N900415,4,57,N,0,1160,"991006,51","6851689,38",0,D,0,ACCROCHE,560,0,57,GE DIRE
23609,02/01/2026,57N900415,5,57,N,0,1720,"991081,66","6851631,47",0,D,0,ACCROCHE,25,0,57,GE DIRE
3080,02/01/2026,57N900415,6,57,N,0,1745,"991346,29","6851400,42",0,D,0,ACCROCHE,30,0,57,GE DIRE
29450,02/01/2026,57N900420,1,57,N,0,0,"992559,19","6851835,04",0,D,0,ACCROCHE,314,0,57,GE DIRE
48000,02/01/2026,57N900420,2,57,N,0,314,"992533,49","6851740,62",0,D,0,ACCROCHE,442,0,57,GE DIRE
55209,02/01/2026,57N900420,3,57,N,0,756,"993168,65","6852125,03",0,D,0,ACCROCHE,360,0,57,GE DIRE
60035,02/01/2026,57N900420,4,57,N,0,1116,"992812,01","6852040,21",0,D,0,ACCROCHE,186,0,57,GE DIRE
62209,02/01/2026,57N900425,1,57,N,0,0,"997341,32","6853773,35",0,D,0,ACCROCHE,338,0,57,GE DIRE
63498,02/01/2026,57N900425,2,57,N,0,338,"997710,62","6853850,42",0,D,0,ACCROCHE,470,0,57,GE DIRE
27050,02/01/2026,57N900425,3,57,N,0,808,"997997,4","6854145,63",0,D,0,ACCROCHE,345,0,57,GE DIRE
32267,02/01/2026,57N900425,4,57,N,0,1153,"997686,45","6854047,8",0,D,0,ACCROCHE,285,0,57,GE DIRE
2197,02/01/2026,57N900430,1,57,N,0,0,"999794,91","6855921,34",0,D,0,ACCROCHE,350,0,57,GE DIRE
43135,02/01/2026,57N900430,2,57,N,0,350,"1000094,04","6855984,37",0,D,0,ACCROCHE,325,0,57,GE DIRE
57175,02/01/2026,57N900430,3,57,N,0,675,"1000285,38","6856193,82",0,D,0,ACCROCHE,290,0,57,GE DIRE
43038,02/01/2026,57N900430,4,57,N,0,965,"1000004,26","6856155,3",0,D,0,ACCROCHE,310,0,57,GE DIRE
35718,02/01/2026,57N900430,5,57,N,0,1275,"1000046,27","6856004,74",0,D,0,ACCROCHE,25,0,57,GE DIRE
2334,02/01/2026,57N900430,6,57,N,0,1300,"1000068,94","6856040,2",0,D,0,ACCROCHE,30,0,57,GE DIRE
2848,02/01/2026,57N900430,7,57,N,0,1330,"1000077,16","6856158,55",0,D,0,ACCROCHE,55,0,57,GE DIRE
64122,02/01/2026,57N900430,8,57,N,0,1385,"1000030,9","6856113,18",0,D,0,ACCROCHE,55,0,57,GE DIRE
40113,02/01/2026,57N900435,1,57,N,0,0,"1003011,08","6857617,39",0,D,0,ACCROCHE,385,0,57,GE DIRE
45787,02/01/2026,57N900435,2,57,N,0,385,"1003249,26","6857611,54",0,D,0,ACCROCHE,200,0,57,GE DIRE
584,02/01/2026,57N900435,3,57,N,0,585,"1003266,66","6857674,03",0,D,0,ACCROCHE,260,0,57,GE DIRE
72055,02/01/2026,57N900435,4,57,N,0,845,"1003076,9","6857637,5",0,D,0,ACCROCHE,25,0,57,GE DIRE
15705,02/01/2026,57N900440,1,57,N,0,0,"1003958,6","6857849,42",0,D,0,ACCROCHE,85,0,57,GE DIRE
69613,02/01/2026,57N900440,2,57,N,0,85,"1004021,58","6857817,6",0,D,0,ACCROCHE,35,0,57,GE DIRE
46162,02/01/2026,57N900440,3,57,N,0,120,"1004039,16","6857877,41",0,D,0,ACCROCHE,85,0,57,GE DIRE
69975,02/01/2026,57N900440,4,57,N,0,205,"1003969,27","6857915,99",0,D,0,ACCROCHE,70,0,57,GE DIRE
2194,02/01/2026,57N900445,1,57,N,0,0,"1005552,34","6858111,96",0,D,0,ACCROCHE,255,0,57,GE DIRE
55127,02/01/2026,57N900445,2,57,N,0,255,"1005803,91","6858099,06",0,D,0,ACCROCHE,290,0,57,GE DIRE
65147,02/01/2026,57N900445,3,57,N,0,545,"1006027,35","6858188,64",0,D,0,ACCROCHE,203,0,57,GE DIRE
9975,02/01/2026,57N900445,4,57,N,0,748,"1005821,4","6858215,04",0,D,0,ACCROCHE,160,0,57,GE DIRE
14669,02/01/2026,57N900445,5,57,N,0,908,"1005803,91","6858099,06",0,D,0,ACCROCHE,250,0,57,GE DIRE
9626,02/01/2026,57N900450,1,57,N,0,0,"1008238,88","6858705,56",0,D,0,ACCROCHE,197,0,57,GE DIRE
10135,02/01/2026,57N900450,2,57,N,0,197,"1008435,8","6858692,07",0,D,0,ACCROCHE,225,0,57,GE DIRE
3456,02/01/2026,57N900450,3,57,N,0,422,"1008618,36","6858801,43",0,D,0,ACCROCHE,232,0,57,GE DIRE
26757,02/01/2026,57N900450,4,57,N,0,654,"1008286,79","6858772,2",0,D,0,ACCROCHE,110,0,57,GE DIRE
39628,02/01/2026,57N900450,5,57,N,0,764,"1008409,36","6858696,5",0,D,0,ACCROCHE,30,0,57,GE DIRE
64492,02/01/2026,57N900450,6,57,N,0,794,"1008430,55","6858716,33",0,D,0,ACCROCHE,25,0,57,GE DIRE
73422,02/01/2026,57N900450,7,57,N,0,819,"1008434,37","6858807,62",0,D,0,ACCROCHE,27,0,57,GE DIRE
27412,02/01/2026,57N900450,8,57,N,0,846,"1008321,95","6858758,4",0,D,0,ACCROCHE,35,0,57,GE DIRE
17300,02/01/2026,57N900455,1,57,N,0,0,"1009840,72","6859765,45",0,D,0,ACCROCHE,292,0,57,GE DIRE
71397,02/01/2026,57N900455,2,57,N,0,292,"1010118,57","6859834,33",0,D,0,ACCROCHE,250,0,57,GE DIRE
23508,02/01/2026,57N900455,3,57,N,0,542,"1010265,91","6859945,86",0,D,0,ACCROCHE,187,0,57,GE DIRE
13455,02/01/2026,57N900455,4,57,N,0,729,"1010099,75","6859979,3",0,D,0,ACCROCHE,404,0,57,GE DIRE
10745,02/01/2026,57N900455,5,57,N,0,1133,"1010094,9","6859846,53",0,D,0,ACCROCHE,20,0,57,GE DIRE
52838,02/01/2026,57N900455,6,57,N,0,1153,"1010113,54","6859866,54",0,D,0,ACCROCHE,20,0,57,GE DIRE
3398,02/01/2026,57N900455,7,57,N,0,1173,"1010117,81","6859953,86",0,D,0,ACCROCHE,25,0,57,GE DIRE
28652,02/01/2026,57N900455,8,57,N,0,1198,"1010092,43","6859930,99",0,D,0,ACCROCHE,25,0,57,GE DIRE
60176,02/01/2026,57N900460,1,57,N,0,0,"1011379,47","6860425,81",0,D,0,ACCROCHE,254,0,57,GE DIRE
74203,02/01/2026,57N943105,1,57,N,0,0,"935912,03","6895865,99",0,D,0,ACCROCHE,255,0,57,GE DIRE
34394,02/01/2026,57N943105,2,57,N,0,255,"936067,5","6895878,6",0,D,0,ACCROCHE,274,0,57,GE DIRE
736,02/01/2026,57N943105,3,57,N,0,529,"936147,08","6895380,16",0,D,0,ACCROCHE,147,0,57,GE DIRE
62286,02/01/2026,57N943110,1,57,N,0,0,"936160,28","6894954,94",0,D,0,ACCROCHE,372,0,57,GE DIRE
60876,02/01/2026,57N943110,2,57,N,0,372,"936182,96","6894488,51",0,D,0,ACCROCHE,264,0,57,GE DIRE
1517,02/01/2026,57N943110,3,57,N,0,636,"936260,42","6894119,71",0,D,0,ACCROCHE,270,0,57,GE DIRE
66845,02/01/2026,57N943110,4,57,N,0,906,"936232,9","6894695,69",0,D,0,ACCROCHE,397,0,57,GE DIRE
55557,02/01/2026,57N943115,1,57,N,0,0,"936016,43","6893116,74",0,D,0,ACCROCHE,196,0,57,GE DIRE
27630,02/01/2026,57N943115,2,57,N,0,196,"936161,95","6893078,85",0,D,0,ACCROCHE,236,0,57,GE DIRE
57268,02/01/2026,57N943120,1,57,N,0,0,"935961,43","6893012,76",0,D,0,ACCROCHE,509,0,57,GE DIRE
29744,02/01/2026,57N943120,2,57,N,0,509,"935574,64","6892641,57",0,D,0,ACCROCHE,342,0,57,GE DIRE
11648,02/01/2026,57N943120,3,57,N,0,851,"935315,93","6892419,69",0,D,0,ACCROCHE,388,0,57,GE DIRE
38127,02/01/2026,57N943120,4,57,N,0,1239,"935711,78","6892577,75",0,D,0,ACCROCHE,292,0,57,GE DIRE
32171,02/01/2026,57N943125,2,57,N,0,0,"934097,95","6890892,13",0,D,0,ACCROCHE,255,0,57,GE DIRE
2560,02/01/2026,57N943125,3,57,N,0,255,"934209,89","6890667,9",0,D,0,ACCROCHE,262,0,57,GE DIRE
12671,02/01/2026,57N943130,1,57,N,0,0,"933182,69","6889316,94",0,D,0,ACCROCHE,380,0,57,GE DIRE
61132,02/01/2026,57N943130,2,57,N,0,380,"932805,87","6889129,84",0,D,0,ACCROCHE,287,0,57,GE DIRE
24656,02/01/2026,57N943130,3,57,N,0,667,"932562,96","6888840,87",0,D,0,ACCROCHE,354,0,57,GE DIRE
44814,02/01/2026,57N943130,4,57,N,0,1021,"932904,14","6889019,31",0,D,0,ACCROCHE,305,0,57,GE DIRE
20508,02/01/2026,57N943135,1,57,N,0,0,"929835,84","6887963,44",0,D,0,ACCROCHE,356,0,57,GE DIRE
52949,02/01/2026,57N943135,2,57,N,0,356,"929513,98","6887753,04",0,D,0,ACCROCHE,255,0,57,GE DIRE
63698,02/01/2026,57N943135,3,57,N,0,611,"929461,44","6887478,02",0,D,0,ACCROCHE,264,0,57,GE DIRE
3279,02/01/2026,57N943135,4,57,N,0,875,"929660,66","6887679,25",0,D,0,ACCROCHE,324,0,57,GE DIRE
42939,02/01/2026,70N901901,1,70,N,0,0,"938271,18","6730046,66",0,D,0,ACCROCHE,208,0,70,DIRE
24829,02/01/2026,70N901901,2,70,N,0,208,"938396,5","6730200,42",0,D,0,ACCROCHE,384,0,70,DIRE
67942,02/01/2026,70N901901,3,70,N,0,592,"938429,68","6730066,01",0,D,0,ACCROCHE,401,0,70,DIRE
43454,02/01/2026,70N901901,4,70,N,0,993,"938516,47","6730076,53",0,D,0,ACCROCHE,188,0,70,DIRE
21315,02/01/2026,70N901901,5,70,N,0,1181,"938390,1","6730117,31",0,D,0,ACCROCHE,154,0,70,DIRE
24574,02/01/2026,70N901901,6,70,N,0,1335,"938429,67","6730172,48",0,D,0,ACCROCHE,28,0,70,DIRE
338,02/01/2026,70N901901,7,70,N,0,1363,"938391,51","6730165,54",0,D,0,ACCROCHE,160,0,70,DIRE
64825,02/01/2026,70N901901,8,70,N,0,1523,"938377,31","6730008,57",0,D,0,ACCROCHE,107,0,70,DIRE
31432,02/01/2026,70N901902,1,70,N,0,0,"937652,95","6730319,29",0,D,0,ACCROCHE,98,0,70,DIRE
72786,02/01/2026,70N901902,10,70,N,0,98,"937641,42","6730223,83",0,D,0,ACCROCHE,246,0,70,DIRE
52370,02/01/2026,70N901902,2,70,N,0,344,"937654,09","6730217,8",0,D,0,ACCROCHE,80,0,70,DIRE
18170,02/01/2026,70N901902,3,70,N,0,424,"937641,42","6730223,83",0,D,0,ACCROCHE,95,0,70,DIRE
67505,02/01/2026,70N901902,4,70,N,0,519,"937652,41","6730203,83",0,D,0,ACCROCHE,40,0,70,DIRE
56921,02/01/2026,70N901902,5,70,N,0,559,"937690,92","6730202,03",0,D,0,ACCROCHE,40,0,70,DIRE
15804,02/01/2026,70N901902,6,70,N,0,599,"937558,28","6730381,91",0,D,0,ACCROCHE,95,0,70,DIRE
69876,02/01/2026,70N901902,7,70,N,0,694,"937621,84","6730427,2",0,D,0,ACCROCHE,86,0,70,DIRE
65841,02/01/2026,70N901902,8,70,N,0,780,"937629,04","6730443,93",0,D,0,ACCROCHE,309,0,70,DIRE
30672,02/01/2026,70N901902,9,70,N,0,1089,"937621,84","6730427,2",0,D,0,ACCROCHE,264,0,70,DIRE
56943,02/01/2026,70N901903,1,70,N,0,0,"936654,82","6731084,3",0,D,0,ACCROCHE,150,0,70,DIRE
14244,02/01/2026,70N901903,2,70,N,0,150,"936796,22","6730918,42",0,D,0,ACCROCHE,127,0,70,DIRE
45622,02/01/2026,70N901903,3,70,N,0,277,"936976,19","6730805,74",0,D,0,ACCROCHE,273,0,70,DIRE
46603,02/01/2026,70N901903,4,70,N,0,550,"936838,73","6731093,45",0,D,0,ACCROCHE,250,0,70,DIRE
32704,02/01/2026,70N901905,1,70,N,0,0,"933904,46","6732519,12",0,D,0,ACCROCHE,197,0,70,DIRE
16529,02/01/2026,70N901905,2,70,N,0,197,"934186,12","6732407,91",0,D,0,ACCROCHE,220,0,70,DIRE
25815,02/01/2026,70N901906,1,70,N,0,0,"935633,09","6731950,71",0,D,0,ACCROCHE,215,0,70,DIRE
10044,02/01/2026,70N901906,2,70,N,0,215,"935676,02","6731940,69",0,D,0,ACCROCHE,249,0,70,DIRE
20929,02/01/2026,70N901906,4,70,N,0,464,"935503,53","6732108,46",0,D,0,ACCROCHE,130,0,70,DIRE
61455,02/01/2026,70N901907,1,70,N,0,0,"936081,1","6731597,85",0,D,0,ACCROCHE,262,0,70,DIRE
40279,02/01/2026,70N901907,2,70,N,0,262,"936086,39","6731404,15",0,D,0,ACCROCHE,163,0,70,DIRE
5719,02/01/2026,70N901907,3,70,N,0,425,"936336,2","6731283,99",0,D,0,ACCROCHE,219,0,70,DIRE
57358,02/01/2026,70N901907,4,70,N,0,644,"936266,41","6731485,34",0,D,0,ACCROCHE,121,0,70,DIRE
69515,02/01/2026,70N901908,1,70,N,0,0,"983741,5","6727834,97",0,D,0,ACCROCHE,474,0,70,DIRE
1157,02/01/2026,70N901908,2,70,N,0,474,"984196,39","6727845,71",0,D,0,ACCROCHE,313,0,70,DIRE
55706,02/01/2026,70N901908,3,70,N,0,787,"984471,17","6727996,4",0,D,0,ACCROCHE,353,0,70,DIRE
41751,02/01/2026,70N901908,4,70,N,0,1140,"984086,15","6728010,42",0,D,0,ACCROCHE,221,0,70,DIRE
34577,02/01/2026,70N901909,1,70,N,0,0,"981290,43","6727195,14",0,D,0,ACCROCHE,355,0,70,DIRE
48395,02/01/2026,70N901909,2,70,N,0,355,"981697,97","6727137,1",0,D,0,ACCROCHE,227,0,70,DIRE
59000,02/01/2026,70N901909,3,70,N,0,582,"981912,44","6727222,99",0,D,0,ACCROCHE,297,0,70,DIRE
18773,02/01/2026,70N901909,4,70,N,0,879,"981649,08","6727225,61",0,D,0,ACCROCHE,280,0,70,DIRE
6036,02/01/2026,70N901910,1,70,N,0,0,"979571,92","6728808,61",0,D,0,ACCROCHE,296,0,70,DIRE
34508,02/01/2026,70N901910,2,70,N,0,296,"979719,95","6728512,74",0,D,0,ACCROCHE,182,0,70,DIRE
70126,02/01/2026,70N901910,3,70,N,0,478,"979947,95","6728396,88",0,D,0,ACCROCHE,335,0,70,DIRE
35070,02/01/2026,70N901910,4,70,N,0,813,"979782,86","6728710,06",0,D,0,ACCROCHE,198,0,70,DIRE
65036,02/01/2026,70N901911,1,70,N,0,0,"973696,3","6731470,77",0,D,0,ACCROCHE,254,0,70,DIRE
72321,02/01/2026,70N901911,2,70,N,0,254,973832,"6731223,81",0,D,0,ACCROCHE,290,0,70,DIRE
67387,02/01/2026,70N901911,3,70,N,0,544,"974117,58","6731190,57",0,D,0,ACCROCHE,245,0,70,DIRE
66211,02/01/2026,70N901911,4,70,N,0,789,"973936,45","6731369,79",0,D,0,ACCROCHE,208,0,70,DIRE
74496,02/01/2026,70N901912,1,70,N,0,0,"971432,46","6732564,86",0,D,0,ACCROCHE,276,0,70,DIRE
23916,02/01/2026,70N901912,2,70,N,0,276,"971874,33","6732357,05",0,D,0,ACCROCHE,132,0,70,DIRE
3613,02/01/2026,70N901912,3,70,N,0,408,"972227,04","6732301,36",0,D,0,ACCROCHE,360,0,70,DIRE
70637,02/01/2026,70N901912,4,70,N,0,768,"971842,24","6732483,61",0,D,0,ACCROCHE,181,0,70,DIRE
25478,02/01/2026,70N901913,1,70,N,0,0,"969125,58","6733952,73",0,D,0,ACCROCHE,190,0,70,DIRE
49518,02/01/2026,70N901913,2,70,N,0,190,"969213,71","6733778,07",0,D,0,ACCROCHE,195,0,70,DIRE
6830,02/01/2026,70N901913,3,70,N,0,385,"969419,12","6733659,52",0,D,0,ACCROCHE,280,0,70,DIRE
3845,02/01/2026,70N901913,4,70,N,0,665,"969329,74","6733915,37",0,D,0,ACCROCHE,204,0,70,DIRE
12566,02/01/2026,70N901913,5,70,N,0,869,"969246,78","6733818,54",0,D,0,ACCROCHE,39,0,70,DIRE
21815,02/01/2026,70N901913,6,70,N,0,908,"969301,87","6733882,65",0,D,0,ACCROCHE,33,0,70,DIRE
24356,02/01/2026,70N901914,1,70,N,0,0,"965906,99","6735108,98",0,D,0,ACCROCHE,415,0,70,DIRE
15483,02/01/2026,70N901914,2,70,N,0,415,"966260,24","6735145,04",0,D,0,ACCROCHE,227,0,70,DIRE
45883,02/01/2026,70N901914,3,70,N,0,642,"966469,2","6735324,47",0,D,0,ACCROCHE,310,0,70,DIRE
60910,02/01/2026,70N901914,4,70,N,0,952,"966154,41","6735266,08",0,D,0,ACCROCHE,207,0,70,DIRE
40264,02/01/2026,70N901914,5,70,N,0,1159,"966234,63","6735174,05",0,D,0,ACCROCHE,30,0,70,DIRE
22367,02/01/2026,70N901914,6,70,N,0,1189,"966202,28","6735263,61",0,D,0,ACCROCHE,35,0,70,DIRE
57313,02/01/2026,70N901914,7,70,N,0,1224,"966184,14","6735233,65",0,D,0,ACCROCHE,40,0,70,DIRE
37635,02/01/2026,70N901915,1,70,N,0,0,"963862,42","6736725,36",0,D,0,ACCROCHE,513,0,70,DIRE
38025,02/01/2026,70N901915,2,70,N,0,513,"963988,15","6736400,18",0,D,0,ACCROCHE,244,0,70,DIRE
56267,02/01/2026,70N901915,3,70,N,0,757,"964008,76","6736424,85",0,D,0,ACCROCHE,198,0,70,DIRE
41185,02/01/2026,70N901915,4,70,N,0,955,"964200,11","6736526,06",0,D,0,ACCROCHE,340,0,70,DIRE
3004,02/01/2026,70N901916,1,70,N,0,0,"962609,61","6738865,05",0,D,0,ACCROCHE,295,0,70,DIRE
44537,02/01/2026,70N901916,2,70,N,0,295,"962833,04","6738631,95",0,D,0,ACCROCHE,304,0,70,DIRE
69946,02/01/2026,70N901916,3,70,N,0,599,"963176,71","6738522,62",0,D,0,ACCROCHE,319,0,70,DIRE
28634,02/01/2026,70N901916,4,70,N,0,918,"962964,9","6738793,7",0,D,0,ACCROCHE,258,0,70,DIRE
4737,02/01/2026,70N901917,1,70,N,0,0,"959847,14","6738475,51",0,D,0,ACCROCHE,262,0,70,DIRE
37809,02/01/2026,70N901917,2,70,N,0,262,"960143,01","6738497,81",0,D,0,ACCROCHE,295,0,70,DIRE
66370,02/01/2026,70N901917,3,70,N,0,557,"960316,57","6738665,1",0,D,0,ACCROCHE,315,0,70,DIRE
32659,02/01/2026,70N901917,4,70,N,0,872,"959978,64","6738618,1",0,D,0,ACCROCHE,232,0,70,DIRE
15317,02/01/2026,70N901917A,1,70,N,0,0,"957536,34","6737019,47",0,D,0,ACCROCHE,176,0,70,DIRE
11151,02/01/2026,70N901919,1,70,N,0,0,"945055,34","6731963,48",0,D,0,ACCROCHE,43,0,70,DIRE
857,02/01/2026,70N901919,2,70,N,0,43,"945144,73","6731975,81",0,D,0,ACCROCHE,172,0,70,DIRE
64016,02/01/2026,70N901920,1,70,N,0,0,"943263,96",6730569,0,D,0,ACCROCHE,192,0,70,DIRE
4154,02/01/2026,70N901920,2,70,N,0,192,"943432,92","6730690,44",0,D,0,ACCROCHE,135,0,70,DIRE
53008,02/01/2026,70N901920,4,70,N,0,327,"943392,77","6730747,15",0,D,0,ACCROCHE,162,0,70,DIRE
52896,02/01/2026,70N901921,1,70,N,0,0,"940133,39","6729679,51",0,D,0,ACCROCHE,347,0,70,DIRE
1703,02/01/2026,70N901921,2,70,N,0,347,"940306,72","6729465,82",0,D,0,ACCROCHE,535,0,70,DIRE
71705,02/01/2026,70N901921,3,70,N,0,882,"940322,27","6729585,93",0,D,0,ACCROCHE,180,0,70,DIRE
49190,02/01/2026,70N901928,1,70,N,0,0,"932651,28","6734361,88",0,D,0,ACCROCHE,604,0,70,DIRE
35549,02/01/2026,70N901928,2,70,N,0,604,"932952,96","6734072,97",0,D,0,ACCROCHE,461,0,70,DIRE
12534,02/01/2026,70N901928,3,70,N,0,1065,"932841,22","6733802,29",0,D,0,ACCROCHE,316,0,70,DIRE
64797,02/01/2026,70N901928,4,70,N,0,1381,"932836,29","6734271,11",0,D,0,ACCROCHE,432,0,70,DIRE
54119,02/01/2026,70N901929,1,70,N,0,0,"928688,33","6737414,89",0,D,0,ACCROCHE,506,0,70,DIRE
20080,02/01/2026,70N901929,2,70,N,0,506,"929197,59","6737252,48",0,D,0,ACCROCHE,290,0,70,DIRE
18550,02/01/2026,70N901929,3,70,N,0,796,"929659,41","6737384,45",0,D,0,ACCROCHE,420,0,70,DIRE
54423,02/01/2026,70N901929,4,70,N,0,1216,"929266,95","6737527,57",0,D,0,ACCROCHE,305,0,70,DIRE
30426,02/01/2026,70N905701,1,70,N,0,0,"952752,71","6757410,09",0,D,0,ACCROCHE,335,0,70,DIRE
42613,02/01/2026,70N905701,2,70,N,0,335,"952582,47","6757123,62",0,D,0,ACCROCHE,225,0,70,DIRE
30922,02/01/2026,70N905701,3,70,N,0,560,"952760,51","6756951,12",0,D,0,ACCROCHE,245,0,70,DIRE
34920,02/01/2026,70N905701,4,70,N,0,805,"952907,4","6757134,92",0,D,0,ACCROCHE,220,0,70,DIRE
43428,02/01/2026,70N905702,1,70,N,0,0,"953944,28","6752415,06",0,D,0,ACCROCHE,220,0,70,DIRE
65037,02/01/2026,70N905702,2,70,N,0,220,"953904,22","6751794,93",0,D,0,ACCROCHE,267,0,70,DIRE
6152,02/01/2026,70N905702,3,70,N,0,487,"954047,71","6751561,62",0,D,0,ACCROCHE,255,0,70,DIRE
54811,02/01/2026,70N905702,4,70,N,0,742,"953954,49","6751886,28",0,D,0,ACCROCHE,235,0,70,DIRE
50672,02/01/2026,70N905703,1,70,N,0,0,"935543,61","6721957,31",0,D,0,ACCROCHE,250,0,70,DIRE
48951,02/01/2026,70N905703,2,70,N,0,250,"935436,36","6721735,87",0,D,0,ACCROCHE,250,0,70,DIRE
24542,02/01/2026,70N905703,3,70,N,0,500,"935500,89","6721542,19",0,D,0,ACCROCHE,244,0,70,DIRE
41126,02/01/2026,70N905703,4,70,N,0,744,"935549,32","6721759,04",0,D,0,ACCROCHE,303,0,70,DIRE
54565,02/01/2026,70N905703C,1,70,N,0,0,"934892,21","6717038,06",0,D,0,ACCROCHE,188,0,70,DIRE
67820,02/01/2026,70N905704,1,70,N,0,0,"931006,7","6708331,66",0,D,0,ACCROCHE,240,0,70,DIRE
33230,02/01/2026,70N905704,2,70,N,0,240,"930764,9","6708203,74",0,D,0,ACCROCHE,207,0,70,DIRE
3541,02/01/2026,70N905704,3,70,N,0,447,"930726,22","6708018,08",0,D,0,ACCROCHE,215,0,70,DIRE
26337,02/01/2026,70N905704,4,70,N,0,662,"930909,63","6708177,23",0,D,0,ACCROCHE,180,0,70,DIRE
12307,02/01/2026,70N905705,1,70,N,0,0,"931103,95","6706601,87",0,D,0,ACCROCHE,378,0,70,DIRE
22773,02/01/2026,70N905705,2,70,N,0,378,"931237,05","6706227,57",0,D,0,ACCROCHE,302,0,70,DIRE
33697,02/01/2026,70N905705,3,70,N,0,680,"931368,77","6706023,66",0,D,0,ACCROCHE,300,0,70,DIRE
53613,02/01/2026,70N905705,4,70,N,0,980,"931302,09","6706343,6",0,D,0,ACCROCHE,240,0,70,DIRE
68963,02/01/2026,70N905705C,1,70,N,0,0,"930846,14","6703424,85",0,D,0,ACCROCHE,325,0,70,DIRE
10727,02/01/2026,70N905705C,2,70,N,0,325,"930671,44","6703134,45",0,D,0,ACCROCHE,243,0,70,DIRE
31010,02/01/2026,70N905705C,3,70,N,0,568,"930581,99","6702830,75",0,D,0,ACCROCHE,225,0,70,DIRE
38405,02/01/2026,70N905705C,4,70,N,0,793,"930749,52","6702957,57",0,D,0,ACCROCHE,179,0,70,DIRE
27557,02/01/2026,70N905706,1,70,N,0,0,"927871,08","6698543,23",0,D,0,ACCROCHE,289,0,70,DIRE
47356,02/01/2026,70N905706,2,70,N,0,289,"927928,22","6698671,08",0,D,0,ACCROCHE,343,0,70,DIRE
33527,02/01/2026,70N905706,3,70,N,0,632,"927722,75","6698424,16",0,D,0,ACCROCHE,272,0,70,DIRE
6608,02/01/2026,70N905706,4,70,N,0,904,"927986,44","6698517,01",0,D,0,ACCROCHE,219,0,70,DIRE
35527,02/01/2026,70N905707,1,70,N,0,0,"953120,45","6755445,24",0,D,0,ACCROCHE,230,0,70,DIRE
60262,02/01/2026,70N905707,2,70,N,0,230,"953324,73","6755319,38",0,D,0,ACCROCHE,222,0,70,DIRE
45720,02/01/2026,88N905702,1,88,N,0,0,"942243,28","6812737,2",0,D,0,ACCROCHE,311,0,88,DIRE
44001,02/01/2026,88N905702,2,88,N,0,311,"942522,22","6812576,84",0,D,0,ACCROCHE,289,0,88,DIRE
6121,02/01/2026,88N905702,3,88,N,0,600,"942667,64","6812685,21",0,D,0,ACCROCHE,163,0,88,DIRE
8012,02/01/2026,88N905702,9,88,N,0,763,"942472,96","6812774,83",0,D,0,ACCROCHE,124,0,88,DIRE
67588,02/01/2026,88N905704,1,88,N,0,0,945064,"6810291,17",0,D,0,ACCROCHE,164,0,88,DIRE
22446,02/01/2026,88N905704,2,88,N,0,164,"945131,09","6810120,73",0,D,0,ACCROCHE,225,0,88,DIRE
10516,02/01/2026,88N905704,3,88,N,0,389,"945358,96","6809913,46",0,D,0,ACCROCHE,296,0,88,DIRE
48578,02/01/2026,88N905704,4,88,N,0,685,"945235,22","6810201,48",0,D,0,ACCROCHE,352,0,88,DIRE
44457,02/01/2026,88N905706,1,88,N,0,0,"949607,79","6807176,44",0,D,0,ACCROCHE,176,0,88,DIRE
64506,02/01/2026,88N905706,2,88,N,0,176,"949638,77","6807005,36",0,D,0,ACCROCHE,194,0,88,DIRE
2542,02/01/2026,88N905706,3,88,N,0,370,"949800,24","6806869,94",0,D,0,ACCROCHE,114,0,88,DIRE
3933,02/01/2026,88N905706,4,88,N,0,484,"949681,05","6807150,62",0,D,0,ACCROCHE,139,0,88,DIRE
67494,02/01/2026,88N905706,5,88,N,0,623,"949650,56","6807037,35",0,D,0,ACCROCHE,34,0,88,DIRE
59130,02/01/2026,88N905706,6,88,N,0,657,"949686,85","6807003,96",0,D,0,ACCROCHE,20,0,88,DIRE
47123,02/01/2026,88N905708,1,88,N,0,0,"950373,76","6804849,93",0,D,0,ACCROCHE,121,0,88,DIRE
19428,02/01/2026,88N905708,2,88,N,0,121,"950332,15","6804796,59",0,D,0,ACCROCHE,50,0,88,DIRE
58129,02/01/2026,88N905708,3,88,N,0,171,"950342,6","6804608,36",0,D,0,ACCROCHE,149,0,88,DIRE
39561,02/01/2026,88N905708,4,88,N,0,320,"950333,36","6804542,51",0,D,0,ACCROCHE,30,0,88,DIRE
72475,02/01/2026,88N905708,5,88,N,0,350,"950422,65","6804473,29",0,D,0,ACCROCHE,292,0,88,DIRE
53950,02/01/2026,88N905708,6,88,N,0,642,"950500,3","6804756,53",0,D,0,ACCROCHE,180,0,88,DIRE
18335,02/01/2026,88N905708,7,88,N,0,822,"950460,21","6804672,87",0,D,0,ACCROCHE,33,0,88,DIRE
70684,02/01/2026,88N905708,8,88,N,0,855,"950471,88","6804731,62",0,D,0,ACCROCHE,20,0,88,DIRE
64252,02/01/2026,88N905710,1,88,N,0,0,"951092,98","6801926,72",0,D,0,ACCROCHE,175,0,88,DIRE
10058,02/01/2026,88N905710,2,88,N,0,175,"951143,86","6801744,97",0,D,0,ACCROCHE,187,0,88,DIRE
14538,02/01/2026,88N905710,3,88,N,0,362,"951231,67","6801694,85",0,D,0,ACCROCHE,159,0,88,DIRE
30091,02/01/2026,88N905710,4,88,N,0,521,"951190,77","6801842,1",0,D,0,ACCROCHE,181,0,88,DIRE
58385,02/01/2026,88N905712,1,88,N,0,0,"951979,24","6800305,16",0,D,0,ACCROCHE,156,0,88,DIRE
53047,02/01/2026,88N905712,2,88,N,0,156,"952052,45","6800100,32",0,D,0,ACCROCHE,189,0,88,DIRE
5396,02/01/2026,88N905712,3,88,N,0,345,"952172,87","6800025,17",0,D,0,ACCROCHE,361,0,88,DIRE
12291,02/01/2026,88N905712,4,88,N,0,706,"952251,05","6800231,39",0,D,0,ACCROCHE,285,0,88,DIRE
2361,02/01/2026,88N905714,2,88,N,0,0,"953273,56","6798725,89",0,D,0,ACCROCHE,144,0,88,DIRE
65571,02/01/2026,88N905714,3,88,N,0,144,"953292,62","6798826,25",0,D,0,ACCROCHE,145,0,88,DIRE
38082,02/01/2026,88N905714,4,88,N,0,289,"953248,93","6798915,9",0,D,0,ACCROCHE,23,0,88,DIRE
32913,02/01/2026,88N905716,1,88,N,0,0,"954537,24","6797429,19",0,D,0,ACCROCHE,369,0,88,DIRE
66180,02/01/2026,88N905716,2,88,N,0,369,"955043,37","6796885,83",0,D,0,ACCROCHE,926,0,88,DIRE
70986,02/01/2026,88N905716,3,88,N,0,1295,"954764,8","6797272,86",0,D,0,ACCROCHE,840,0,88,DIRE
12296,02/01/2026,88N905716,4,88,N,0,2135,"954774,89","6797115,71",0,D,0,ACCROCHE,275,0,88,DIRE
19138,02/01/2026,88N905718,1,88,N,0,0,"957804,27","6794454,27",0,D,0,ACCROCHE,250,0,88,DIRE
13898,02/01/2026,88N905718,2,88,N,0,250,"957910,43","6794182,16",0,D,0,ACCROCHE,315,0,88,DIRE
16941,02/01/2026,88N905718,3,88,N,0,565,"958159,52","6793893,88",0,D,0,ACCROCHE,375,0,88,DIRE
12875,02/01/2026,88N905718,4,88,N,0,940,"958050,18","6794294,24",0,D,0,ACCROCHE,268,0,88,DIRE
72635,02/01/2026,88N905718,5,88,N,0,1208,"957878,27","6794266,37",0,D,0,ACCROCHE,96,0,88,DIRE
25266,02/01/2026,88N905718,6,88,N,0,1304,"957758,65","6794139,45",0,D,0,ACCROCHE,216,0,88,DIRE
36106,02/01/2026,88N905718,7,88,N,0,1520,"958090,65","6794130,64",0,D,0,ACCROCHE,217,0,88,DIRE
72975,02/01/2026,88N905720,1,88,N,0,0,"958306,6","6793565,67",0,D,0,ACCROCHE,435,0,88,DIRE
886,02/01/2026,88N905720,2,88,N,0,435,"958420,86","6793200,38",0,D,0,ACCROCHE,281,0,88,DIRE
2069,02/01/2026,88N905720,3,88,N,0,716,"958617,57","6793056,12",0,D,0,ACCROCHE,235,0,88,DIRE
45598,02/01/2026,88N905720,4,88,N,0,951,"958532,44","6793323,95",0,D,0,ACCROCHE,290,0,88,DIRE
53246,02/01/2026,88N905720,5,88,N,0,1241,"958359,99","6793352,55",0,D,0,ACCROCHE,131,0,88,DIRE
60703,02/01/2026,88N905722,1,88,N,0,0,"958823,58","6791874,23",0,D,0,ACCROCHE,236,0,88,DIRE
49748,02/01/2026,88N905722,2,88,N,0,236,"958663,73","6791759,19",0,D,0,ACCROCHE,348,0,88,DIRE
27477,02/01/2026,88N905722,3,88,N,0,584,"958815,21","6791688,05",0,D,0,ACCROCHE,235,0,88,DIRE
69557,02/01/2026,88N905722,4,88,N,0,819,"958940,01","6791951,77",0,D,0,ACCROCHE,493,0,88,DIRE
60151,02/01/2026,88N905722,5,88,N,0,1312,958902,"6791927,08",0,D,0,ACCROCHE,23,0,88,DIRE
72591,02/01/2026,88N905724,1,88,N,0,0,"961523,16","6786530,39",0,D,0,ACCROCHE,255,0,88,DIRE
52210,02/01/2026,88N905724,2,88,N,0,255,"961565,43","6786303,09",0,D,0,ACCROCHE,263,0,88,DIRE
19827,02/01/2026,88N905724,3,88,N,0,518,"961813,18","6786259,49",0,D,0,ACCROCHE,517,0,88,DIRE
48111,02/01/2026,88N905724,4,88,N,0,1035,"961517,69","6786236,2",0,D,0,ACCROCHE,473,0,88,DIRE
43344,02/01/2026,88N905726,1,88,N,0,0,"965556,45","6784881,86",0,D,0,ACCROCHE,159,0,88,DIRE
69204,02/01/2026,88N905726,2,88,N,0,159,"965921,92","6784783,57",0,D,0,ACCROCHE,290,0,88,DIRE
74454,02/01/2026,88N905726,3,88,N,0,449,"966113,97","6784795,83",0,D,0,ACCROCHE,257,0,88,DIRE
45094,02/01/2026,88N905726,4,88,N,0,706,"965925,53","6784935,43",0,D,0,ACCROCHE,332,0,88,DIRE
8280,02/01/2026,88N905726,5,88,N,0,1038,"965699,62","6784858,02",0,D,0,ACCROCHE,34,0,88,DIRE
59302,02/01/2026,88N905726,6,88,N,0,1072,"965910,55","6784820,74",0,D,0,ACCROCHE,24,0,88,DIRE
58252,02/01/2026,88N905726,7,88,N,0,1096,"965949,67","6784896,71",0,D,0,ACCROCHE,20,0,88,DIRE
34182,02/01/2026,88N905726,8,88,N,0,1116,"965919,4","6784896,21",0,D,0,ACCROCHE,20,0,88,DIRE
56654,02/01/2026,88N905728,1,88,N,0,0,"967721,3","6782720,97",0,D,0,ACCROCHE,389,0,88,DIRE
38490,02/01/2026,88N905728,4,88,N,0,389,"967888,09","6782458,8",0,D,0,ACCROCHE,216,0,88,DIRE
46959,02/01/2026,88N905730,2,88,N,0,0,"967836,57","6780342,87",0,D,0,ACCROCHE,88,0,88,DIRE
38002,02/01/2026,88N905730,3,88,N,0,88,"967871,06","6780348,74",0,D,0,ACCROCHE,162,0,88,DIRE
6224,02/01/2026,88N905730,4,88,N,0,250,"967890,51","6780681,02",0,D,0,ACCROCHE,200,0,88,DIRE
6990,02/01/2026,88N905730,5,88,N,0,450,"967874,95","6780598,31",0,D,0,ACCROCHE,37,0,88,DIRE
50837,02/01/2026,88N905732,1,88,N,0,0,"967417,75","6779093,9",0,D,0,ACCROCHE,150,0,88,DIRE
32616,02/01/2026,88N905732,2,88,N,0,150,"967103,52","6778748,09",0,D,0,ACCROCHE,102,0,88,DIRE
23144,02/01/2026,88N905732,3,88,N,0,252,"967448,39","6779138,45",0,D,0,ACCROCHE,61,0,88,DIRE
51757,02/01/2026,88N905734,1,88,N,0,0,"966821,89","6778078,93",0,D,0,ACCROCHE,102,0,88,DIRE
61198,02/01/2026,88N905736,11,88,N,0,0,"966707,51","6776164,75",0,D,0,ACCROCHE,400,0,88,DIRE
56612,02/01/2026,88N905736,2,88,N,0,400,"966856,26","6776837,28",0,D,0,ACCROCHE,720,0,88,DIRE
30004,02/01/2026,88N905736,3,88,N,0,1120,966853,"6776194,88",0,D,0,ACCROCHE,642,0,88,DIRE
1844,02/01/2026,88N905736,5,88,N,0,1762,"966701,73","6776335,02",0,D,0,ACCROCHE,205,0,88,DIRE
48761,02/01/2026,88N905736,6,88,N,0,1967,"966450,35","6775958,56",0,D,0,ACCROCHE,45,0,88,DIRE
73634,02/01/2026,88N905736,7,88,N,0,2012,"966499,37","6775978,91",0,D,0,ACCROCHE,110,0,88,DIRE
63515,02/01/2026,88N905736,8,88,N,0,2122,"966714,08","6776138,1",0,D,0,ACCROCHE,140,0,88,DIRE
58072,02/01/2026,88N905736,9,88,N,0,2262,"966905,17","6776083,71",0,D,0,ACCROCHE,360,0,88,DIRE
47191,02/01/2026,88N905738,1,88,N,0,0,"965962,1","6774942,84",0,D,0,ACCROCHE,170,0,88,DIRE
41583,02/01/2026,88N905738,2,88,N,0,170,"965867,03","6774812,29",0,D,0,ACCROCHE,127,0,88,DIRE
24740,02/01/2026,88N905738,3,88,N,0,297,"965862,52","6774693,06",0,D,0,ACCROCHE,250,0,88,DIRE
35319,02/01/2026,88N905738,4,88,N,0,547,"966022,22","6774813,37",0,D,0,ACCROCHE,144,0,88,DIRE
72191,02/01/2026,88N905740,1,88,N,0,0,"965059,78","6773045,65",0,D,0,ACCROCHE,246,0,88,DIRE
62751,02/01/2026,88N905740,2,88,N,0,246,"964849,64","6772927,59",0,D,0,ACCROCHE,156,0,88,DIRE
55123,02/01/2026,88N905740,3,88,N,0,402,"964851,92","6772784,19",0,D,0,ACCROCHE,118,0,88,DIRE
30486,02/01/2026,88N905740,4,88,N,0,520,965008,"6772858,56",0,D,0,ACCROCHE,103,0,88,DIRE
50696,02/01/2026,88N905742,1,88,N,0,0,"960801,23","6770248,23",0,D,0,ACCROCHE,300,0,88,DIRE
5014,02/01/2026,88N905742,2,88,N,0,300,"960641,65","6769929,26",0,D,0,ACCROCHE,369,0,88,DIRE
48056,02/01/2026,88N905742,3,88,N,0,669,"960668,6",6769641,0,D,0,ACCROCHE,334,0,88,DIRE
54153,02/01/2026,88N905742,4,88,N,0,1003,"960828,49","6770002,16",0,D,0,ACCROCHE,295,0,88,DIRE
65855,02/01/2026,88N905744,1,88,N,0,0,"958211,27","6766526,5",0,D,0,ACCROCHE,254,0,88,DIRE
45676,02/01/2026,88N905744,2,88,N,0,254,"957995,47","6766332,91",0,D,0,ACCROCHE,348,0,88,DIRE
25060,02/01/2026,88N905744,3,88,N,0,602,"957874,15","6765958,81",0,D,0,ACCROCHE,408,0,88,DIRE
24719,02/01/2026,88N905744,4,88,N,0,1010,"958136,02","6766294,84",0,D,0,ACCROCHE,334,0,88,DIRE
43447,02/01/2026,88N905744,5,88,N,0,1344,"958011,84","6766361,66",0,D,0,ACCROCHE,120,0,88,DIRE
38099,02/01/2026,88N905744,6,88,N,0,1464,"958013,94","6766331,99",0,D,0,ACCROCHE,93,0,88,DIRE
30932,02/01/2026,88N905744,7,88,N,0,1557,"958112,05","6766299,29",0,D,0,ACCROCHE,93,0,88,DIRE
5640,02/01/2026,88N905744,8,88,N,0,1650,"958113,32","6766272,14",0,D,0,ACCROCHE,120,0,88,DIRE
29836,02/01/2026,88N905902,1,88,N,0,0,"982483,68","6818418,79",0,D,0,ACCROCHE,693,0,88,DIRE
26917,02/01/2026,88N905902,2,88,N,0,693,"982927,58","6818373,08",0,D,0,ACCROCHE,571,0,88,DIRE
10555,02/01/2026,88N905902,3,88,N,0,1264,"982760,38","6818219,97",0,D,0,ACCROCHE,288,0,88,DIRE
17872,02/01/2026,88N905902,4,88,N,0,1552,"982867,74","6818307,2",0,D,0,ACCROCHE,363,0,88,DIRE
35830,02/01/2026,88N905902,5,88,N,0,1915,"982831,26","6818308,6",0,D,0,ACCROCHE,29,0,88,DIRE
39610,02/01/2026,88N905902,6,88,N,0,1944,"982857,8","6818293,36",0,D,0,ACCROCHE,19,0,88,DIRE
30694,02/01/2026,88N905904,2,88,N,0,0,"985466,59","6817386,72",0,D,0,ACCROCHE,582,0,88,DIRE
52687,02/01/2026,88N905904,3,88,N,0,582,"985771,95","6817117,57",0,D,0,ACCROCHE,387,0,88,DIRE
11209,02/01/2026,88N905906,1,88,N,0,0,"986893,23","6815413,05",0,D,0,ACCROCHE,240,0,88,DIRE
68291,02/01/2026,88N905906,2,88,N,0,240,"987029,46","6815185,65",0,D,0,ACCROCHE,300,0,88,DIRE
35303,02/01/2026,88N905906,3,88,N,0,540,"987341,58","6814917,39",0,D,0,ACCROCHE,478,0,88,DIRE
49985,02/01/2026,88N905906,4,88,N,0,1018,"986767,92","6815653,27",0,D,0,ACCROCHE,96,0,88,DIRE
15976,02/01/2026,88N905906,7,88,N,0,1114,"987063,55","6815285,95",0,D,0,ACCROCHE,20,0,88,DIRE
10748,02/01/2026,88N905908,2,88,N,0,0,"987497,59","6813134,21",0,D,0,ACCROCHE,272,0,88,DIRE
49485,02/01/2026,88N905908,3,88,N,0,272,"987674,21","6812732,67",0,D,0,ACCROCHE,251,0,88,DIRE
11630,02/01/2026,88N905910,2,88,N,0,0,"988100,83","6811807,54",0,D,0,ACCROCHE,229,0,88,DIRE
2552,02/01/2026,88N905910,3,88,N,0,229,"988179,56","6811709,65",0,D,0,ACCROCHE,244,0,88,DIRE
16213,02/01/2026,88N905910,4,88,N,0,473,"988200,41","6811914,26",0,D,0,ACCROCHE,239,0,88,DIRE
72083,02/01/2026,88N905912,1,88,N,0,0,"988881,04","6810439,99",0,D,0,ACCROCHE,178,0,88,DIRE
47739,02/01/2026,88N905912,2,88,N,0,178,"988980,06","6810273,33",0,D,0,ACCROCHE,211,0,88,DIRE
45149,02/01/2026,88N905912,3,88,N,0,389,"989274,62","6810171,89",0,D,0,ACCROCHE,282,0,88,DIRE
64697,02/01/2026,88N905912,4,88,N,0,671,"989035,67","6810406,26",0,D,0,ACCROCHE,220,0,88,DIRE
31895,02/01/2026,88N905912,5,88,N,0,891,"989000,18","6810312,03",0,D,0,ACCROCHE,22,0,88,DIRE
31737,02/01/2026,88N905914,1,88,N,0,0,"990497,36","6808451,93",0,D,0,ACCROCHE,190,0,88,DIRE
53169,02/01/2026,88N905914,2,88,N,0,190,990528,"6808192,38",0,D,0,ACCROCHE,215,0,88,DIRE
5613,02/01/2026,88N905914,3,88,N,0,405,"990692,2","6808063,85",0,D,0,ACCROCHE,196,0,88,DIRE
26853,02/01/2026,88N905914,4,88,N,0,601,"990651,27","6808314,54",0,D,0,ACCROCHE,239,0,88,DIRE
58396,02/01/2026,88N905916,1,88,N,0,0,"991408,23","6806543,4",0,D,0,ACCROCHE,169,0,88,DIRE
53388,02/01/2026,88N905916,2,88,N,0,169,"991323,76","6806356,8",0,D,0,ACCROCHE,179,0,88,DIRE
10167,02/01/2026,88N905916,3,88,N,0,348,"991449,16","6806171,4",0,D,0,ACCROCHE,159,0,88,DIRE
38146,02/01/2026,88N905916,4,88,N,0,507,"991531,31","6806343,11",0,D,0,ACCROCHE,237,0,88,DIRE
15629,02/01/2026,88N905918,1,88,N,0,0,"993735,88","6803186,56",0,D,0,ACCROCHE,276,0,88,DIRE
72930,02/01/2026,88N905918,2,88,N,0,276,"993998,83","6802934,11",0,D,0,ACCROCHE,310,0,88,DIRE
7,02/01/2026,88N905918,3,88,N,0,586,"994163,38","6803119,43",0,D,0,ACCROCHE,250,0,88,DIRE
5516,02/01/2026,88N905918,4,88,N,0,836,"993984,43","6803158,88",0,D,0,ACCROCHE,208,0,88,DIRE
47405,02/01/2026,88N905918,5,88,N,0,1044,"993926,73","6803294,9",0,D,0,ACCROCHE,253,0,88,DIRE
67027,02/01/2026,88N905918,6,88,N,0,1297,"993998,02",6803213,0,D,0,ACCROCHE,20,0,88,DIRE
841,02/01/2026,88N905920,4,88,N,0,0,"996720,49","6803383,23",0,D,0,ACCROCHE,255,0,88,DIRE
31870,02/01/2026,88N905922,1,88,N,0,0,"999688,7","6804014,59",0,D,0,ACCROCHE,150,0,88,DIRE
12485,02/01/2026,88N905922,2,88,N,0,150,"999861,11","6804011,76",0,D,0,ACCROCHE,192,0,88,DIRE
23913,02/01/2026,88N905922,3,88,N,0,342,"999933,09","6804165,21",0,D,0,ACCROCHE,161,0,88,DIRE
65367,02/01/2026,88N905922,4,88,N,0,503,"999702,61","6804033,86",0,D,0,ACCROCHE,44,0,88,DIRE
50772,02/01/2026,88N905922,5,88,N,0,547,"999791,02","6804111,8",0,D,0,ACCROCHE,20,0,88,DIRE
27834,02/01/2026,88N905922,6,88,N,0,567,"999819,11","6804048,01",0,D,0,ACCROCHE,19,0,88,DIRE
41201,02/01/2026,88N905922,7,88,N,0,586,"999797,98","6804028,21",0,D,0,ACCROCHE,24,0,88,DIRE
52892,02/01/2026,88N906601,1,88,N,0,0,"967576,07","6775429,52",0,D,0,ACCROCHE,200,0,88,DIRE
24382,02/01/2026,88N906602,1,88,N,0,0,"968759,56","6774587,63",0,D,0,ACCROCHE,235,0,88,DIRE
17957,02/01/2026,88N906602,2,88,N,0,235,"968895,04","6774391,02",0,D,0,ACCROCHE,202,0,88,DIRE
59659,02/01/2026,88N906602,3,88,N,0,437,"969162,6","6774259,73",0,D,0,ACCROCHE,218,0,88,DIRE
215,02/01/2026,88N906602,4,88,N,0,655,"969082,33","6774468,41",0,D,0,ACCROCHE,198,0,88,DIRE
73604,02/01/2026,88N906602,5,88,N,0,853,"969073,66","6774464,08",0,D,0,ACCROCHE,286,0,88,DIRE
23400,02/01/2026,88N906604,1,88,N,0,0,"969537,17","6773253,65",0,D,0,ACCROCHE,136,0,88,DIRE
40580,02/01/2026,88N906604,2,88,N,0,136,"969534,56","6773128,54",0,D,0,ACCROCHE,155,0,88,DIRE
31364,02/01/2026,88N906606,3,88,N,0,0,"969877,14","6772432,93",0,D,0,ACCROCHE,181,0,88,DIRE
65437,02/01/2026,88N906608,1,88,N,0,0,"970063,55","6771408,33",0,D,0,ACCROCHE,65,0,88,DIRE
61468,02/01/2026,88N906608,2,88,N,0,65,"970015,46","6771339,51",0,D,0,ACCROCHE,79,0,88,DIRE
35871,02/01/2026,88N906608,3,88,N,0,144,"970090,19","6771153,08",0,D,0,ACCROCHE,151,0,88,DIRE
60687,02/01/2026,88N906608,4,88,N,0,295,"970113,83","6771476,82",0,D,0,ACCROCHE,75,0,88,DIRE
1042,02/01/2026,88N906610,1,88,N,0,0,"976025,5","6762742,34",0,D,0,ACCROCHE,154,0,88,DIRE
51731,02/01/2026,88N915924,1,88,N,0,0,"1001873,13","6806952,55",0,D,0,ACCROCHE,290,0,88,DIRE
10188,02/01/2026,90N901901,1,90,N,0,0,"985774,41","6728611,48",0,D,0,ACCROCHE,117,0,90,DIRE
20763,02/01/2026,90N901901,2,90,N,0,117,"986000,67","6728757,57",0,D,0,ACCROCHE,157,0,90,DIRE
55096,02/01/2026,90N901901,3,90,N,0,274,"986417,84","6729130,85",0,D,0,ACCROCHE,319,0,90,DIRE
17469,02/01/2026,90N901901,4,90,N,0,593,"986725,83","6728995,43",0,D,0,ACCROCHE,307,0,90,DIRE
20710,02/01/2026,90N901902,1,90,N,0,0,"989435,67","6727772,2",0,D,0,ACCROCHE,1115,0,90,DIRE
57880,02/01/2026,90N901902,2,90,N,0,1115,"989996,21","6727566,03",0,D,0,ACCROCHE,302,0,90,DIRE
65869,02/01/2026,90N901902,3,90,N,0,1417,"989882,84","6727419,57",0,D,0,ACCROCHE,303,0,90,DIRE
23801,02/01/2026,90N901902,4,90,N,0,1720,"990117,03","6727537,56",0,D,0,ACCROCHE,292,0,90,DIRE
7468,02/01/2026,90N901902,5,90,N,0,2012,"989958,87","6727734,34",0,D,0,ACCROCHE,238,0,90,DIRE
68483,02/01/2026,90N901903,1,90,N,0,0,"990915,25","6727309,69",0,D,0,ACCROCHE,216,0,90,DIRE
13977,02/01/2026,90N901903,2,90,N,0,216,"991185,15","6727288,17",0,D,0,ACCROCHE,210,0,90,DIRE
9729,02/01/2026,90N901903,3,90,N,0,426,"991400,8","6727454,33",0,D,0,ACCROCHE,261,0,90,DIRE
22610,02/01/2026,90N901903,4,90,N,0,687,"991095,05","6727438,26",0,D,0,ACCROCHE,300,0,90,DIRE
51252,02/01/2026,90N901904,1,90,N,0,0,"992795,12","6727302,83",0,D,0,ACCROCHE,222,0,90,DIRE
7987,02/01/2026,90N901904,2,90,N,0,222,"992901,26","6727086,77",0,D,0,ACCROCHE,209,0,90,DIRE
67640,02/01/2026,90N901904,3,90,N,0,431,"993043,75","6726985,86",0,D,0,ACCROCHE,188,0,90,DIRE
7921,02/01/2026,90N901904,4,90,N,0,619,"992984,52","6727194,16",0,D,0,ACCROCHE,174,0,90,DIRE
58234,02/01/2026,90N901905,1,90,N,0,0,"993502,36","6726527,36",0,D,0,ACCROCHE,407,0,90,DIRE
34634,02/01/2026,90N901905,2,90,N,0,407,"993520,18","6726186,17",0,D,0,ACCROCHE,547,0,90,DIRE
3601,02/01/2026,90N901906,1,90,N,0,0,"996015,71","6724751,79",0,D,0,ACCROCHE,203,0,90,DIRE
3795,02/01/2026,90N901906,2,90,N,0,203,"996131,17","6724727,04",0,D,0,ACCROCHE,183,0,90,DIRE
34713,02/01/2026,90N901906,3,90,N,0,386,"996120,61","6724690,64",0,D,0,ACCROCHE,32,0,90,DIRE
4057,02/01/2026,90N901908,1,90,N,0,0,"998758,03","6719503,47",0,D,0,ACCROCHE,220,0,90,DIRE
23225,02/01/2026,90N901908,2,90,N,0,220,"998810,48","6719253,82",0,D,0,ACCROCHE,184,0,90,DIRE
56253,02/01/2026,90N901908,3,90,N,0,404,"998983,39","6719019,71",0,D,0,ACCROCHE,304,0,90,DIRE
49530,02/01/2026,90N901908,4,90,N,0,708,"998915,23","6719343,73",0,D,0,ACCROCHE,322,0,90,DIRE
71910,02/01/2026,A0030,0,57,N,0,0,"930870,7","6914168,77",0,D,0,ACCROCHE,1070,0,57,GE DIRE
39317,02/01/2026,A0030,1,57,N,0,1070,"930414,85","6915045,06",0,D,0,ACCROCHE,990,0,57,GE DIRE
50947,02/01/2026,A0030,2,57,N,0,2060,"929501,72","6915403,85",0,D,0,ACCROCHE,991,0,57,GE DIRE
3784,02/01/2026,A0030,3,57,N,0,3051,"928549,69","6915671,14",0,D,0,ACCROCHE,989,0,57,GE DIRE
51458,02/01/2026,A0030,4,57,N,0,4040,"927672,48","6916141,68",0,D,0,ACCROCHE,991,0,57,GE DIRE
45375,02/01/2026,A0030,5,57,N,0,5031,"926791,35","6916578,57",0,D,0,ACCROCHE,1150,0,57,GE DIRE
23014,02/01/2026,A0030,6,57,N,0,6181,"925692,41","6916868,99",0,D,0,ACCROCHE,1009,0,57,GE DIRE
68783,02/01/2026,A0030,7,57,N,0,7190,"924804,89","6917276,32",0,D,0,ACCROCHE,997,0,57,GE DIRE
50186,02/01/2026,A0030,8,57,N,0,8187,"923822,57","6917470,31",0,D,0,ACCROCHE,993,0,57,GE DIRE
47656,02/01/2026,A0030,9,57,N,0,9180,"923116,26","6918167,18",0,D,0,ACCROCHE,1001,0,57,GE DIRE
39405,02/01/2026,A0030,10,57,N,0,10181,"922350,44","6918727,62",0,D,0,ACCROCHE,1000,0,57,GE DIRE
1539,02/01/2026,A0030,11,57,N,0,11181,921445,"6918822,46",0,D,0,ACCROCHE,1000,0,57,GE DIRE
16512,02/01/2026,A0030,12,57,N,0,12181,"920584,48","6918410,05",0,D,0,ACCROCHE,1000,0,57,GE DIRE
19329,02/01/2026,A0030,13,57,N,0,13181,"919661,67","6918645,91",0,D,0,ACCROCHE,1000,0,57,GE DIRE
61078,02/01/2026,A0030,14,57,N,0,14181,"918707,37","6918851,97",0,D,0,ACCROCHE,1000,0,57,GE DIRE
47707,02/01/2026,A0030,15,57,N,0,15181,"917943,47","6919434,94",0,D,0,ACCROCHE,1000,0,57,GE DIRE
52298,02/01/2026,A0030,16,57,N,0,16181,"917357,96","6920232,27",0,D,0,ACCROCHE,1000,0,57,GE DIRE
36419,02/01/2026,A0030,17,57,N,0,17181,"916796,08","6921047,38",0,D,0,ACCROCHE,1000,0,57,GE DIRE
38954,02/01/2026,A0030,18,57,N,0,18181,"916625,87","6922010,06",0,D,0,ACCROCHE,1000,0,57,GE DIRE
68675,02/01/2026,A0030,19,57,N,0,19181,"916623,02","6923003,37",0,D,0,ACCROCHE,1000,0,57,GE DIRE
43264,02/01/2026,A0030,20,57,N,0,20181,"916356,34","6923950,3",0,D,0,ACCROCHE,1000,0,57,GE DIRE
25899,02/01/2026,A0030,21,57,N,0,21181,"915730,8","6924712,09",0,D,0,ACCROCHE,777,0,57,GE DIRE
14742,02/01/2026,A0030,22,57,N,0,21958,"915105,27","6925176,6",0,D,0,ACCROCHE,999,0,57,GE DIRE
208,02/01/2026,A0030,23,57,N,0,22957,"914289,5","6925755,66",0,D,0,ACCROCHE,996,0,57,GE DIRE
7558,02/01/2026,A0030,24,57,N,0,23953,"913447,62","6926286,71",0,D,0,ACCROCHE,995,0,57,GE DIRE
65953,02/01/2026,A0030,25,57,N,0,24948,"912642,66",6926861,0,D,0,ACCROCHE,990,0,57,GE DIRE
67916,02/01/2026,A0030,26,57,N,0,25938,"911896,38","6927508,59",0,D,0,ACCROCHE,429,0,57,GE DIRE
71934,02/01/2026,A0030,0,57,N,0,0,"930770,76","6914165,44",0,G,0,ACCROCHE,0,987,57,GE DIRE
47460,02/01/2026,A0030,1,57,N,0,987,"930405,52","6915031,02",0,G,0,ACCROCHE,0,986,57,GE DIRE
65099,02/01/2026,A0030,2,57,N,0,1973,"929498,82","6915391,57",0,G,0,ACCROCHE,0,993,57,GE DIRE
50407,02/01/2026,A0030,3,57,N,0,2966,"928544,14","6915660,47",0,G,0,ACCROCHE,0,989,57,GE DIRE
68019,02/01/2026,A0030,4,57,N,0,3955,"927666,2","6916131,13",0,G,0,ACCROCHE,0,991,57,GE DIRE
24738,02/01/2026,A0030,5,57,N,0,4946,"926785,97","6916567,69",0,G,0,ACCROCHE,0,1142,57,GE DIRE
67356,02/01/2026,A0030,6,57,N,0,6088,"925691,6","6916855,12",0,G,0,ACCROCHE,0,1012,57,GE DIRE
43951,02/01/2026,A0030,7,57,N,0,7100,"924800,12","6917263,55",0,G,0,ACCROCHE,0,1006,57,GE DIRE
18471,02/01/2026,A0030,8,57,N,0,8106,"923819,35","6917458,79",0,G,0,ACCROCHE,0,986,57,GE DIRE
43467,02/01/2026,A0030,9,57,N,0,9092,"923111,1","6918156,74",0,G,0,ACCROCHE,0,1004,57,GE DIRE
14323,02/01/2026,A0030,10,57,N,0,10096,"922343,99","6918719,48",0,G,0,ACCROCHE,0,1000,57,GE DIRE
14423,02/01/2026,A0030,11,57,N,0,11096,"921447,99","6918816,93",0,G,0,ACCROCHE,0,1000,57,GE DIRE
74293,02/01/2026,A0030,12,57,N,0,12096,"920582,1","6918400,79",0,G,0,ACCROCHE,0,1000,57,GE DIRE
21246,02/01/2026,A0030,13,57,N,0,13096,"919663,41","6918636,94",0,G,0,ACCROCHE,0,1000,57,GE DIRE
14579,02/01/2026,A0030,14,57,N,0,14096,"918703,95","6918843,07",0,G,0,ACCROCHE,0,1000,57,GE DIRE
39620,02/01/2026,A0030,15,57,N,0,15096,"917935,48","6919429,86",0,G,0,ACCROCHE,0,1000,57,GE DIRE
12100,02/01/2026,A0030,16,57,N,0,16096,917350,"6920225,6",0,G,0,ACCROCHE,0,1000,57,GE DIRE
27901,02/01/2026,A0030,17,57,N,0,17096,"916787,82","6921043,06",0,G,0,ACCROCHE,0,1000,57,GE DIRE
22018,02/01/2026,A0030,18,57,N,0,18096,"916614,34","6922010,81",0,G,0,ACCROCHE,0,1000,57,GE DIRE
48170,02/01/2026,A0030,19,57,N,0,19096,916614,"6923002,47",0,G,0,ACCROCHE,0,1000,57,GE DIRE
15355,02/01/2026,A0030,20,57,N,0,20096,"916348,1","6923946,15",0,G,0,ACCROCHE,0,1000,57,GE DIRE
35636,02/01/2026,A0030,21,57,N,0,21096,"915723,43","6924702,88",0,G,0,ACCROCHE,0,779,57,GE DIRE
33458,02/01/2026,A0030,22,57,N,0,21875,"915098,03","6925166,83",0,G,0,ACCROCHE,0,998,57,GE DIRE
31855,02/01/2026,A0030,23,57,N,0,22873,"914283,03","6925745,69",0,G,0,ACCROCHE,0,994,57,GE DIRE
13663,02/01/2026,A0030,24,57,N,0,23867,"913441,34","6926277,27",0,G,0,ACCROCHE,0,996,57,GE DIRE
51632,02/01/2026,A0030,25,57,N,0,24863,"912635,79","6926851,87",0,G,0,ACCROCHE,0,997,57,GE DIRE
15630,02/01/2026,A0030,26,57,N,0,25860,"911886,82","6927502,75",0,G,0,ACCROCHE,0,433,57,GE DIRE
31830,02/01/2026,A0031,229,54,N,0,228869,"912382,2","6843089,75",0,D,0,ACCROCHE,540,0,54,GE DIRE
71610,02/01/2026,A0031,230,54,N,0,229409,"912845,39","6843375,54",0,D,0,ACCROCHE,996,0,54,GE DIRE
30320,02/01/2026,A0031,231,54,N,0,230405,"913806,65","6843591,07",0,D,0,ACCROCHE,988,0,54,GE DIRE
67971,02/01/2026,A0031,232,54,N,0,231393,"914450,27","6844338,06",0,D,0,ACCROCHE,995,0,54,GE DIRE
34506,02/01/2026,A0031,233,54,N,0,232388,"914864,06","6845209,67",0,D,0,ACCROCHE,1001,0,54,GE DIRE
24292,02/01/2026,A0031,234,54,N,0,233389,"915379,81","6846041,26",0,D,0,ACCROCHE,1001,0,54,GE DIRE
63685,02/01/2026,A0031,235,54,N,0,234390,"916337,67","6846289,73",0,D,0,ACCROCHE,998,0,54,GE DIRE
3326,02/01/2026,A0031,236,54,N,0,235388,"917204,92","6846783,7",0,D,0,ACCROCHE,1001,0,54,GE DIRE
13268,02/01/2026,A0031,237,54,N,0,236389,"918129,37","6847163,99",0,D,0,ACCROCHE,999,0,54,GE DIRE
3723,02/01/2026,A0031,238,54,N,0,237388,"919104,22","6847354,1",0,D,0,ACCROCHE,1002,0,54,GE DIRE
56312,02/01/2026,A0031,239,54,N,0,238390,"920103,08","6847356,35",0,D,0,ACCROCHE,1000,0,54,GE DIRE
8532,02/01/2026,A0031,240,54,N,0,239390,"921101,95","6847332,06",0,D,0,ACCROCHE,1001,0,54,GE DIRE
5536,02/01/2026,A0031,241,54,N,0,240391,"922096,37","6847447,03",0,D,0,ACCROCHE,1003,0,54,GE DIRE
66885,02/01/2026,A0031,242,54,N,0,241394,"923074,38","6847643,79",0,D,0,ACCROCHE,999,0,54,GE DIRE
53061,02/01/2026,A0031,243,54,N,0,242393,"924056,66","6847820,31",0,D,0,ACCROCHE,1002,0,54,GE DIRE
5817,02/01/2026,A0031,244,54,N,0,243395,"925049,5","6847915,72",0,D,0,ACCROCHE,1001,0,54,GE DIRE
57764,02/01/2026,A0031,245,54,N,0,244396,"926048,71","6848030,29",0,D,0,ACCROCHE,999,0,54,GE DIRE
11675,02/01/2026,A0031,246,54,N,0,245395,"927028,58","6848165,51",0,D,0,ACCROCHE,948,0,54,GE DIRE
62756,02/01/2026,A0031,247,54,N,0,246343,"927994,21","6848251,69",0,D,0,ACCROCHE,1001,0,54,GE DIRE
9613,02/01/2026,A0031,248,54,N,0,247344,"928972,94","6848320,42",0,D,0,ACCROCHE,894,0,54,GE DIRE
42426,02/01/2026,A0031,249,54,N,0,248238,"929579,21","6848751,06",0,D,0,ACCROCHE,895,0,54,GE DIRE
27411,02/01/2026,A0031,250,54,N,0,249133,"930295,96","6849302,22",0,D,0,ACCROCHE,1055,0,54,GE DIRE
7535,02/01/2026,A0031,251,54,N,0,250188,"931139,99","6849915,07",0,D,0,ACCROCHE,942,0,54,GE DIRE
36199,02/01/2026,A0031,252,54,N,0,251130,"931818,38","6850580,56",0,D,0,ACCROCHE,1004,0,54,GE DIRE
43628,02/01/2026,A0031,253,54,N,0,252134,"932669,24","6850963,79",0,D,0,ACCROCHE,995,0,54,GE DIRE
59303,02/01/2026,A0031,254,54,N,0,253129,"933088,47","6851828,67",0,D,0,ACCROCHE,1018,0,54,GE DIRE
73451,02/01/2026,A0031,255,54,N,0,254147,"932369,72","6852491,05",0,D,0,ACCROCHE,998,0,54,GE DIRE
59649,02/01/2026,A0031,256,54,N,0,255145,"931956,14","6853388,27",0,D,0,ACCROCHE,987,0,54,GE DIRE
4821,02/01/2026,A0031,257,54,N,0,256132,"931931,05","6854309,92",0,D,0,ACCROCHE,1014,0,54,GE DIRE
14676,02/01/2026,A0031,258,54,N,0,257146,"931841,44","6855245,14",0,D,0,ACCROCHE,1013,0,54,GE DIRE
44759,02/01/2026,A0031,259,54,N,0,258159,"931213,01","6856041,13",0,D,0,ACCROCHE,973,0,54,GE DIRE
68611,02/01/2026,A0031,260,54,N,0,259132,"930978,35","6856971,95",0,D,0,ACCROCHE,1004,0,54,GE DIRE
8020,02/01/2026,A0031,261,54,N,0,260136,"931034,81","6857974,38",0,D,0,ACCROCHE,1007,0,54,GE DIRE
68241,02/01/2026,A0031,262,54,N,0,261143,"930751,55","6858930,94",0,D,0,ACCROCHE,1030,0,54,GE DIRE
19041,02/01/2026,A0031,263,54,N,0,262173,"929833,43","6859154,33",0,D,0,ACCROCHE,973,0,54,GE DIRE
24557,02/01/2026,A0031,264,54,N,0,263146,"928954,09","6859411,39",0,D,0,ACCROCHE,990,0,54,GE DIRE
58648,02/01/2026,A0031,265,54,N,0,264136,"928626,53","6860338,44",0,D,0,ACCROCHE,992,0,54,GE DIRE
41987,02/01/2026,A0031,266,54,N,0,265128,"928621,04","6861326,51",0,D,0,ACCROCHE,1012,0,54,GE DIRE
28022,02/01/2026,A0031,267,54,N,0,266140,"928097,22","6862179,63",0,D,0,ACCROCHE,1003,0,54,GE DIRE
56776,02/01/2026,A0031,268,54,N,0,267143,"927450,8","6862942,64",0,D,0,ACCROCHE,993,0,54,GE DIRE
73671,02/01/2026,A0031,269,54,N,0,268136,"926936,04","6863781,43",0,D,0,ACCROCHE,1001,0,54,GE DIRE
26505,02/01/2026,A0031,270,54,N,0,269137,"926765,96","6864767,94",0,D,0,ACCROCHE,995,0,54,GE DIRE
34628,02/01/2026,A0031,271,54,N,0,270132,"926636,89","6865755,38",0,D,0,ACCROCHE,1010,0,54,GE DIRE
10481,02/01/2026,A0031,272,54,N,0,271142,"926730,92","6866760,19",0,D,0,ACCROCHE,1008,0,54,GE DIRE
51570,02/01/2026,A0031,273,54,N,0,272150,"926931,52","6867747,99",0,D,0,ACCROCHE,984,0,54,GE DIRE
12977,02/01/2026,A0031,274,54,N,0,273134,"927049,39","6868716,81",0,D,0,ACCROCHE,1000,0,54,GE DIRE
62248,02/01/2026,A0031,275,54,N,0,274134,"927139,62","6869709,9",0,D,0,ACCROCHE,996,0,54,GE DIRE
19000,02/01/2026,A0031,276,54,N,0,275130,"927471,23",6870659,0,D,0,ACCROCHE,996,0,54,GE DIRE
6503,02/01/2026,A0031,277,54,N,0,276126,"927731,18","6871611,91",0,D,0,ACCROCHE,1028,0,54,GE DIRE
58207,02/01/2026,A0031,278,54,N,0,277154,"927856,74","6872640,66",0,D,0,ACCROCHE,983,0,54,GE DIRE
71718,02/01/2026,A0031,279,54,N,0,278137,"927854,29","6873612,15",0,D,0,ACCROCHE,995,0,54,GE DIRE
32965,02/01/2026,A0031,280,54,N,0,279132,"927912,59","6874605,27",0,D,0,ACCROCHE,1001,0,54,GE DIRE
67974,02/01/2026,A0031,281,54,N,0,280133,"927961,12","6875604,35",0,D,0,ACCROCHE,994,0,54,GE DIRE
14396,02/01/2026,A0031,282,54,N,0,281127,"927872,17","6876601,89",0,D,0,ACCROCHE,1001,0,54,GE DIRE
48420,02/01/2026,A0031,283,54,N,0,282128,"927642,3","6877576,16",0,D,0,ACCROCHE,1036,0,54,GE DIRE
9260,02/01/2026,A0031,284,57,N,0,283164,"927342,3","6878572,37",0,D,0,ACCROCHE,995,0,57,GE DIRE
33304,02/01/2026,A0031,285,57,N,0,284159,"927199,26","6879547,33",0,D,0,ACCROCHE,996,0,57,GE DIRE
72394,02/01/2026,A0031,286,57,N,0,285155,"927205,47","6880548,82",0,D,0,ACCROCHE,1000,0,57,GE DIRE
65048,02/01/2026,A0031,287,57,N,0,286155,"927161,24","6881538,44",0,D,0,ACCROCHE,989,0,57,GE DIRE
52910,02/01/2026,A0031,288,57,N,0,287144,"927284,86","6882515,57",0,D,0,ACCROCHE,999,0,57,GE DIRE
29055,02/01/2026,A0031,289,57,N,0,288143,"927668,18","6883436,42",0,D,0,ACCROCHE,1008,0,57,GE DIRE
19714,02/01/2026,A0031,290,57,N,0,289151,"927855,35","6884425,64",0,D,0,ACCROCHE,1000,0,57,GE DIRE
28664,02/01/2026,A0031,291,57,N,0,290151,"927737,97","6885411,06",0,D,0,ACCROCHE,1000,0,57,GE DIRE
20853,02/01/2026,A0031,292,57,N,0,291151,"927557,15","6886396,84",0,D,0,ACCROCHE,996,0,57,GE DIRE
65779,02/01/2026,A0031,293,57,N,0,292147,"927448,76","6887383,48",0,D,0,ACCROCHE,1005,0,57,GE DIRE
63622,02/01/2026,A0031,294,57,N,0,293152,"927453,1","6888379,21",0,D,0,ACCROCHE,992,0,57,GE DIRE
27197,02/01/2026,A0031,295,57,N,0,294144,"927376,85","6889367,51",0,D,0,ACCROCHE,1008,0,57,GE DIRE
52709,02/01/2026,A0031,296,57,N,0,295152,"927316,61","6890351,09",0,D,0,ACCROCHE,1002,0,57,GE DIRE
49967,02/01/2026,A0031,297,57,N,0,296154,"926947,65","6891277,29",0,D,0,ACCROCHE,991,0,57,GE DIRE
43729,02/01/2026,A0031,298,57,N,0,297145,"926930,82","6892238,34",0,D,0,ACCROCHE,991,0,57,GE DIRE
51689,02/01/2026,A0031,299,57,N,0,298136,"927589,48",6892976,0,D,0,ACCROCHE,988,0,57,GE DIRE
59201,02/01/2026,A0031,300,57,N,0,299124,"928454,61","6893430,83",0,D,0,ACCROCHE,999,0,57,GE DIRE
51805,02/01/2026,A0031,301,57,N,0,300123,"929328,64","6893920,68",0,D,0,ACCROCHE,984,0,57,GE DIRE
10909,02/01/2026,A0031,302,57,N,0,301107,"930113,71","6894512,14",0,D,0,ACCROCHE,987,0,57,GE DIRE
56839,02/01/2026,A0031,303,57,N,0,302094,"930720,06","6895193,08",0,D,0,ACCROCHE,990,0,57,GE DIRE
55354,02/01/2026,A0031,304,57,N,0,303084,"930635,61","6896336,75",0,D,0,ACCROCHE,1092,0,57,GE DIRE
30433,02/01/2026,A0031,305,57,N,0,304176,"931224,83","6897000,7",0,D,0,ACCROCHE,886,0,57,GE DIRE
34260,02/01/2026,A0031,306,57,N,0,305062,"931786,14","6897671,81",0,D,0,ACCROCHE,1120,0,57,GE DIRE
18985,02/01/2026,A0031,307,57,N,0,306182,"932334,48","6898549,24",0,D,0,ACCROCHE,980,0,57,GE DIRE
30124,02/01/2026,A0031,308,57,N,0,307162,"932183,78","6899517,21",0,D,0,ACCROCHE,1030,0,57,GE DIRE
64975,02/01/2026,A0031,309,57,N,0,308192,"932033,78","6900533,2",0,D,0,ACCROCHE,1001,0,57,GE DIRE
24365,02/01/2026,A0031,310,57,N,0,309193,"931857,28","6901521,13",0,D,0,ACCROCHE,1003,0,57,GE DIRE
42890,02/01/2026,A0031,311,57,N,0,310196,"931635,23","6902498,02",0,D,0,ACCROCHE,1001,0,57,GE DIRE
5263,02/01/2026,A0031,312,57,N,0,311197,"931499,24","6903489,58",0,D,0,ACCROCHE,1005,0,57,GE DIRE
113,02/01/2026,A0031,313,57,N,0,312202,"931404,61","6904488,12",0,D,0,ACCROCHE,1013,0,57,GE DIRE
13118,02/01/2026,A0031,314,57,N,0,313215,"931339,12","6905485,76",0,D,0,ACCROCHE,1005,0,57,GE DIRE
46623,02/01/2026,A0031,315,57,N,0,314220,"931267,15","6906492,65",0,D,0,ACCROCHE,1012,0,57,GE DIRE
6355,02/01/2026,A0031,316,57,N,0,315232,"931471,75","6907464,12",0,D,0,ACCROCHE,997,0,57,GE DIRE
47155,02/01/2026,A0031,317,57,N,0,316229,"931555,68","6908429,31",0,D,0,ACCROCHE,978,0,57,GE DIRE
59266,02/01/2026,A0031,318,57,N,0,317207,"931542,32","6909403,72",0,D,0,ACCROCHE,996,0,57,GE DIRE
56384,02/01/2026,A0031,319,57,N,0,318203,"931228,21","6910341,72",0,D,0,ACCROCHE,1001,0,57,GE DIRE
72529,02/01/2026,A0031,320,57,N,0,319204,"931274,65","6911336,65",0,D,0,ACCROCHE,996,0,57,GE DIRE
20491,02/01/2026,A0031,321,57,N,0,320200,"931089,14","6912311,62",0,D,0,ACCROCHE,995,0,57,GE DIRE
35189,02/01/2026,A0031,322,57,N,0,321195,"930892,96","6913299,46",0,D,0,ACCROCHE,1000,0,57,GE DIRE
51059,02/01/2026,A0031,323,57,N,0,322195,"930896,74","6914292,1",0,D,0,ACCROCHE,1001,0,57,GE DIRE
13344,02/01/2026,A0031,324,57,N,0,323196,"931291,52","6915197,94",0,D,0,ACCROCHE,996,0,57,GE DIRE
19128,02/01/2026,A0031,325,57,N,0,324192,"931562,71","6916123,58",0,D,0,ACCROCHE,999,0,57,GE DIRE
46053,02/01/2026,A0031,326,57,N,0,325191,"931413,41","6917111,65",0,D,0,ACCROCHE,998,0,57,GE DIRE
45986,02/01/2026,A0031,327,57,N,0,326189,"931433,26",6918110,0,D,0,ACCROCHE,998,0,57,GE DIRE
34698,02/01/2026,A0031,328,57,N,0,327187,"931561,19","6919098,98",0,D,0,ACCROCHE,998,0,57,GE DIRE
22476,02/01/2026,A0031,329,57,N,0,328185,"931385,4","6920073,53",0,D,0,ACCROCHE,996,0,57,GE DIRE
60413,02/01/2026,A0031,330,57,N,0,329181,"930821,33","6920873,55",0,D,0,ACCROCHE,1002,0,57,GE DIRE
41265,02/01/2026,A0031,331,57,N,0,330183,"929875,63","6921127,95",0,D,0,ACCROCHE,1000,0,57,GE DIRE
167,02/01/2026,A0031,332,57,N,0,331183,"928870,86","6921278,07",0,D,0,ACCROCHE,1000,0,57,GE DIRE
55979,02/01/2026,A0031,333,57,N,0,332183,"927870,25","6921316,44",0,D,0,ACCROCHE,1000,0,57,GE DIRE
16269,02/01/2026,A0031,334,57,N,0,333183,"926977,07","6920931,52",0,D,0,ACCROCHE,1000,0,57,GE DIRE
73650,02/01/2026,A0031,335,57,N,0,334183,"926074,47","6920879,71",0,D,0,ACCROCHE,1000,0,57,GE DIRE
66332,02/01/2026,A0031,336,57,N,0,335183,"925657,34","6921814,46",0,D,0,ACCROCHE,1096,0,57,GE DIRE
61306,02/01/2026,A0031,337,57,N,0,336279,"925677,6","6922905,8",0,D,0,ACCROCHE,995,0,57,GE DIRE
38896,02/01/2026,A0031,338,57,N,0,337274,"925585,04","6923893,92",0,D,0,ACCROCHE,1003,0,57,GE DIRE
7425,02/01/2026,A0031,339,57,N,0,338277,"925619,3","6924896,4",0,D,0,ACCROCHE,1013,0,57,GE DIRE
65940,02/01/2026,A0031,340,57,N,0,339290,"925806,81","6925894,29",0,D,0,ACCROCHE,1003,0,57,GE DIRE
20973,02/01/2026,A0031,341,57,N,0,340293,"925869,37","6926893,45",0,D,0,ACCROCHE,1000,0,57,GE DIRE
46358,02/01/2026,A0031,342,57,N,0,341293,"925829,03","6927890,67",0,D,0,ACCROCHE,1002,0,57,GE DIRE
53881,02/01/2026,A0031,343,57,N,0,342295,"925704,81","6928885,89",0,D,0,ACCROCHE,997,0,57,GE DIRE
57210,02/01/2026,A0031,344,57,N,0,343292,"925839,64","6929887,53",0,D,0,ACCROCHE,1002,0,57,GE DIRE
8945,02/01/2026,A0031,345,57,N,0,344294,"926103,13","6930836,22",0,D,0,ACCROCHE,1006,0,57,GE DIRE
578,02/01/2026,A0031,346,57,N,0,345300,"926223,43","6931829,97",0,D,0,ACCROCHE,984,0,57,GE DIRE
33216,02/01/2026,A0031,347,57,N,0,346284,"926314,43","6932816,82",0,D,0,ACCROCHE,1017,0,57,GE DIRE
19441,02/01/2026,A0031,348,57,N,0,347301,"926325,11","6933832,62",0,D,0,ACCROCHE,987,0,57,GE DIRE
39585,02/01/2026,A0031,229,54,N,0,228709,"912250,08","6843077,56",0,G,0,ACCROCHE,0,663,54,GE DIRE
65602,02/01/2026,A0031,230,54,N,0,229372,"912840,61","6843387,69",0,G,0,ACCROCHE,0,994,54,GE DIRE
71438,02/01/2026,A0031,231,54,N,0,230366,"913800,72","6843602,54",0,G,0,ACCROCHE,0,973,54,GE DIRE
55681,02/01/2026,A0031,232,54,N,0,231339,"914438,27","6844343,2",0,G,0,ACCROCHE,0,996,54,GE DIRE
34665,02/01/2026,A0031,233,54,N,0,232335,"914852,53","6845215,72",0,G,0,ACCROCHE,0,1010,54,GE DIRE
51490,02/01/2026,A0031,234,54,N,0,233345,"915372,89","6846052,15",0,G,0,ACCROCHE,0,1000,54,GE DIRE
38195,02/01/2026,A0031,235,54,N,0,234345,"916333,58","6846302,07",0,G,0,ACCROCHE,0,994,54,GE DIRE
316,02/01/2026,A0031,236,54,N,0,235339,"917198,92","6846795,22",0,G,0,ACCROCHE,0,1005,54,GE DIRE
61701,02/01/2026,A0031,237,54,N,0,236344,"918125,51","6847176,48",0,G,0,ACCROCHE,0,999,54,GE DIRE
3330,02/01/2026,A0031,238,54,N,0,237343,"919103,08","6847366,08",0,G,0,ACCROCHE,0,1001,54,GE DIRE
12703,02/01/2026,A0031,239,54,N,0,238344,"920103,7","6847368,32",0,G,0,ACCROCHE,0,995,54,GE DIRE
15890,02/01/2026,A0031,240,54,N,0,239339,"921101,35","6847344,12",0,G,0,ACCROCHE,0,999,54,GE DIRE
66690,02/01/2026,A0031,241,54,N,0,240338,"922094,47","6847458,81",0,G,0,ACCROCHE,0,996,54,GE DIRE
21677,02/01/2026,A0031,242,54,N,0,241334,"923071,81","6847655,59",0,G,0,ACCROCHE,0,999,54,GE DIRE
53978,02/01/2026,A0031,243,54,N,0,242333,"924055,48","6847832,03",0,G,0,ACCROCHE,0,999,54,GE DIRE
2879,02/01/2026,A0031,244,54,N,0,243332,"925048,38","6847927,61",0,G,0,ACCROCHE,0,997,54,GE DIRE
13159,02/01/2026,A0031,245,54,N,0,244329,"926046,5","6848041,86",0,G,0,ACCROCHE,0,1000,54,GE DIRE
15185,02/01/2026,A0031,246,54,N,0,245329,"927027,53","6848177,37",0,G,0,ACCROCHE,0,951,54,GE DIRE
30329,02/01/2026,A0031,247,54,N,0,246280,"927993,12","6848263,79",0,G,0,ACCROCHE,0,999,54,GE DIRE
23669,02/01/2026,A0031,248,54,N,0,247279,"928962,14","6848393,08",0,G,0,ACCROCHE,0,623,54,GE DIRE
31125,02/01/2026,A0031,249,54,N,0,247902,"929491,8","6848718,22",0,G,0,ACCROCHE,0,1005,54,GE DIRE
32488,02/01/2026,A0031,250,54,N,0,248907,"930288,66","6849314,96",0,G,0,ACCROCHE,0,1050,54,GE DIRE
73627,02/01/2026,A0031,251,54,N,0,249957,"931128,84","6849924,67",0,G,0,ACCROCHE,0,952,54,GE DIRE
63474,02/01/2026,A0031,252,54,N,0,250909,"931813,68","6850594,52",0,G,0,ACCROCHE,0,995,54,GE DIRE
35261,02/01/2026,A0031,253,54,N,0,251904,"932655,87","6850970,19",0,G,0,ACCROCHE,0,981,54,GE DIRE
60747,02/01/2026,A0031,254,54,N,0,252885,"933071,96","6851827,81",0,G,0,ACCROCHE,0,1009,54,GE DIRE
58850,02/01/2026,A0031,255,54,N,0,253894,"932354,95","6852482,67",0,G,0,ACCROCHE,0,998,54,GE DIRE
7806,02/01/2026,A0031,256,54,N,0,254892,"931941,54","6853380,93",0,G,0,ACCROCHE,0,1013,54,GE DIRE
65429,02/01/2026,A0031,257,54,N,0,255905,"931916,88","6854318,39",0,G,0,ACCROCHE,0,983,54,GE DIRE
23203,02/01/2026,A0031,258,54,N,0,256888,"931827,56","6855235,14",0,G,0,ACCROCHE,0,1017,54,GE DIRE
20151,02/01/2026,A0031,259,54,N,0,257905,"931196,79","6856029,36",0,G,0,ACCROCHE,0,991,54,GE DIRE
5416,02/01/2026,A0031,260,54,N,0,258896,"930961,37","6856972,77",0,G,0,ACCROCHE,0,1000,54,GE DIRE
910,02/01/2026,A0031,261,54,N,0,259896,"931013,06","6857971,51",0,G,0,ACCROCHE,0,994,54,GE DIRE
187,02/01/2026,A0031,262,54,N,0,260890,"930733,82","6858920,97",0,G,0,ACCROCHE,0,1006,54,GE DIRE
628,02/01/2026,A0031,263,54,N,0,261896,"929841,19","6859134,1",0,G,0,ACCROCHE,0,998,54,GE DIRE
49039,02/01/2026,A0031,264,54,N,0,262894,"928938,12","6859397,07",0,G,0,ACCROCHE,0,1001,54,GE DIRE
66588,02/01/2026,A0031,265,54,N,0,263895,"928605,3","6860334,76",0,G,0,ACCROCHE,0,997,54,GE DIRE
699,02/01/2026,A0031,266,54,N,0,264892,"928600,05","6861320,45",0,G,0,ACCROCHE,0,996,54,GE DIRE
31649,02/01/2026,A0031,267,54,N,0,265888,"928079,72","6862167,12",0,G,0,ACCROCHE,0,1003,54,GE DIRE
29465,02/01/2026,A0031,268,54,N,0,266891,"927435,63","6862928,6",0,G,0,ACCROCHE,0,1005,54,GE DIRE
18842,02/01/2026,A0031,269,54,N,0,267896,"926915,78","6863775,84",0,G,0,ACCROCHE,0,1003,54,GE DIRE
49073,02/01/2026,A0031,270,54,N,0,268899,"926744,46","6864765,56",0,G,0,ACCROCHE,0,999,54,GE DIRE
7186,02/01/2026,A0031,271,54,N,0,269898,"926615,28","6865754,19",0,G,0,ACCROCHE,0,1014,54,GE DIRE
67502,02/01/2026,A0031,272,54,N,0,270912,"926709,51","6866764,5",0,G,0,ACCROCHE,0,1007,54,GE DIRE
29313,02/01/2026,A0031,273,54,N,0,271919,"926910,71","6867752,33",0,G,0,ACCROCHE,0,977,54,GE DIRE
53620,02/01/2026,A0031,274,54,N,0,272896,"927030,18","6868716,75",0,G,0,ACCROCHE,0,1002,54,GE DIRE
73275,02/01/2026,A0031,275,54,N,0,273898,"927120,48","6869711,84",0,G,0,ACCROCHE,0,1000,54,GE DIRE
23337,02/01/2026,A0031,276,54,N,0,274898,"927449,14","6870664,47",0,G,0,ACCROCHE,0,990,54,GE DIRE
26012,02/01/2026,A0031,277,54,N,0,275888,"927709,08","6871616,61",0,G,0,ACCROCHE,0,1024,54,GE DIRE
49692,02/01/2026,A0031,278,54,N,0,276912,"927835,67","6872642,05",0,G,0,ACCROCHE,0,979,54,GE DIRE
55394,02/01/2026,A0031,279,54,N,0,277891,"927833,32","6873611,66",0,G,0,ACCROCHE,0,1002,54,GE DIRE
27807,02/01/2026,A0031,280,54,N,0,278893,"927891,69","6874607,21",0,G,0,ACCROCHE,0,998,54,GE DIRE
16651,02/01/2026,A0031,281,54,N,0,279891,"927940,1","6875604,8",0,G,0,ACCROCHE,0,999,54,GE DIRE
31422,02/01/2026,A0031,282,54,N,0,280890,"927851,02","6876598,05",0,G,0,ACCROCHE,0,1007,54,GE DIRE
45639,02/01/2026,A0031,283,54,N,0,281897,"927621,87","6877570,48",0,G,0,ACCROCHE,0,1034,54,GE DIRE
48517,02/01/2026,A0031,284,57,N,0,282931,"927324,66","6878568,71",0,G,0,ACCROCHE,0,997,57,GE DIRE
12207,02/01/2026,A0031,285,57,N,0,283928,"927178,36","6879545,13",0,G,0,ACCROCHE,0,997,57,GE DIRE
50978,02/01/2026,A0031,286,57,N,0,284925,"927184,46","6880548,42",0,G,0,ACCROCHE,0,996,57,GE DIRE
55619,02/01/2026,A0031,287,57,N,0,285921,"927140,41","6881535,68",0,G,0,ACCROCHE,0,1001,57,GE DIRE
41401,02/01/2026,A0031,288,57,N,0,286922,"927266,04","6882525,12",0,G,0,ACCROCHE,0,1000,57,GE DIRE
28997,02/01/2026,A0031,289,57,N,0,287922,"927648,21","6883442,87",0,G,0,ACCROCHE,0,1000,57,GE DIRE
68197,02/01/2026,A0031,290,57,N,0,288922,"927834,36","6884425,58",0,G,0,ACCROCHE,0,993,57,GE DIRE
31080,02/01/2026,A0031,291,57,N,0,289915,"927717,35","6885407,34",0,G,0,ACCROCHE,0,1000,57,GE DIRE
41046,02/01/2026,A0031,292,57,N,0,290915,"927536,23","6886394,26",0,G,0,ACCROCHE,0,1000,57,GE DIRE
32239,02/01/2026,A0031,293,57,N,0,291915,"927427,77","6887384,43",0,G,0,ACCROCHE,0,998,57,GE DIRE
25362,02/01/2026,A0031,294,57,N,0,292913,"927431,91","6888377,3",0,G,0,ACCROCHE,0,1001,57,GE DIRE
57279,02/01/2026,A0031,295,57,N,0,293914,"927355,89","6889369,3",0,G,0,ACCROCHE,0,999,57,GE DIRE
54928,02/01/2026,A0031,296,57,N,0,294913,"927296,22","6890346,19",0,G,0,ACCROCHE,0,999,57,GE DIRE
24966,02/01/2026,A0031,297,57,N,0,295912,"926925,82","6891265,98",0,G,0,ACCROCHE,0,1008,57,GE DIRE
72286,02/01/2026,A0031,298,57,N,0,296920,"926913,15","6892243,89",0,G,0,ACCROCHE,0,999,57,GE DIRE
8872,02/01/2026,A0031,299,57,N,0,297919,"927580,63","6892987,1",0,G,0,ACCROCHE,0,988,57,GE DIRE
13713,02/01/2026,A0031,300,57,N,0,298907,"928447,07","6893443,69",0,G,0,ACCROCHE,0,993,57,GE DIRE
18224,02/01/2026,A0031,301,57,N,0,299900,"929313,08","6893928,97",0,G,0,ACCROCHE,0,990,57,GE DIRE
42365,02/01/2026,A0031,302,57,N,0,300890,"930106,24","6894525,15",0,G,0,ACCROCHE,0,969,57,GE DIRE
60199,02/01/2026,A0031,303,57,N,0,301859,"930707,94","6895191,84",0,G,0,ACCROCHE,0,992,57,GE DIRE
57690,02/01/2026,A0031,304,57,N,0,302851,"930618,88","6896340,51",0,G,0,ACCROCHE,0,1104,57,GE DIRE
33474,02/01/2026,A0031,305,57,N,0,303955,"931216,61","6897009,7",0,G,0,ACCROCHE,0,877,57,GE DIRE
10604,02/01/2026,A0031,306,57,N,0,304832,"931772,52","6897673,63",0,G,0,ACCROCHE,0,1116,57,GE DIRE
54611,02/01/2026,A0031,307,57,N,0,305948,"932318,34","6898549,46",0,G,0,ACCROCHE,0,975,57,GE DIRE
70058,02/01/2026,A0031,308,57,N,0,306923,"932167,54","6899514,11",0,G,0,ACCROCHE,0,1030,57,GE DIRE
42154,02/01/2026,A0031,309,57,N,0,307953,"932017,5","6900530,87",0,G,0,ACCROCHE,0,1000,57,GE DIRE
71943,02/01/2026,A0031,310,57,N,0,308953,"931841,34","6901517,17",0,G,0,ACCROCHE,0,1002,57,GE DIRE
63985,02/01/2026,A0031,311,57,N,0,309955,"931619,2","6902494,38",0,G,0,ACCROCHE,0,1005,57,GE DIRE
27968,02/01/2026,A0031,312,57,N,0,310960,"931484,42","6903488,21",0,G,0,ACCROCHE,0,1003,57,GE DIRE
41208,02/01/2026,A0031,313,57,N,0,311963,"931388,12","6904487,22",0,G,0,ACCROCHE,0,1002,57,GE DIRE
74244,02/01/2026,A0031,314,57,N,0,312965,"931322,72","6905484,52",0,G,0,ACCROCHE,0,1006,57,GE DIRE
4342,02/01/2026,A0031,315,57,N,0,313971,"931250,57","6906492,65",0,G,0,ACCROCHE,0,1015,57,GE DIRE
2344,02/01/2026,A0031,316,57,N,0,314986,"931455,38","6907466,64",0,G,0,ACCROCHE,0,997,57,GE DIRE
35181,02/01/2026,A0031,317,57,N,0,315983,"931539,16","6908430,66",0,G,0,ACCROCHE,0,969,57,GE DIRE
72770,02/01/2026,A0031,318,57,N,0,316952,"931526,8","6909398,18",0,G,0,ACCROCHE,0,1001,57,GE DIRE
10811,02/01/2026,A0031,319,57,N,0,317953,"931211,7","6910341,54",0,G,0,ACCROCHE,0,1002,57,GE DIRE
4447,02/01/2026,A0031,320,57,N,0,318955,"931258,58","6911335,33",0,G,0,ACCROCHE,0,992,57,GE DIRE
36042,02/01/2026,A0031,321,57,N,0,319947,"931073,17","6912307,6",0,G,0,ACCROCHE,0,997,57,GE DIRE
51099,02/01/2026,A0031,322,57,N,0,320944,"930876,68","6913297,45",0,G,0,ACCROCHE,0,1068,57,GE DIRE
62332,02/01/2026,A0031,323,57,N,0,322012,"930761,42","6914373,91",0,G,0,ACCROCHE,0,1004,57,GE DIRE
35553,02/01/2026,A0031,324,57,N,0,323016,"931280,23","6915206,32",0,G,0,ACCROCHE,0,983,57,GE DIRE
23563,02/01/2026,A0031,325,57,N,0,323999,"931548,82","6916121,38",0,G,0,ACCROCHE,0,1001,57,GE DIRE
11979,02/01/2026,A0031,326,57,N,0,325000,"931399,4","6917110,6",0,G,0,ACCROCHE,0,1000,57,GE DIRE
12225,02/01/2026,A0031,327,57,N,0,326000,"931419,14","6918110,52",0,G,0,ACCROCHE,0,997,57,GE DIRE
27781,02/01/2026,A0031,328,57,N,0,326997,"931550,18","6919098,71",0,G,0,ACCROCHE,0,992,57,GE DIRE
59115,02/01/2026,A0031,329,57,N,0,327989,"931373,33","6920069,25",0,G,0,ACCROCHE,0,986,57,GE DIRE
13283,02/01/2026,A0031,330,57,N,0,328975,"930814,8","6920864,63",0,G,0,ACCROCHE,0,988,57,GE DIRE
69713,02/01/2026,A0031,331,57,N,0,329963,"929874,52","6921114,51",0,G,0,ACCROCHE,0,1000,57,GE DIRE
28971,02/01/2026,A0031,332,57,N,0,330963,"928868,59","6921268,35",0,G,0,ACCROCHE,0,1000,57,GE DIRE
18626,02/01/2026,A0031,333,57,N,0,331963,"927871,76","6921306,39",0,G,0,ACCROCHE,0,1000,57,GE DIRE
67737,02/01/2026,A0031,334,57,N,0,332963,"926983,06","6920923,48",0,G,0,ACCROCHE,0,1000,57,GE DIRE
18181,02/01/2026,A0031,335,57,N,0,333963,"926066,88","6920868,82",0,G,0,ACCROCHE,0,1000,57,GE DIRE
12774,02/01/2026,A0031,336,57,N,0,334963,"925644,42","6921812,66",0,G,0,ACCROCHE,0,1096,57,GE DIRE
74201,02/01/2026,A0031,337,57,N,0,336059,"925664,6","6922906,03",0,G,0,ACCROCHE,0,997,57,GE DIRE
53983,02/01/2026,A0031,338,57,N,0,337056,"925572,03","6923893,53",0,G,0,ACCROCHE,0,1005,57,GE DIRE
11161,02/01/2026,A0031,339,57,N,0,338061,"925605,58","6924898,58",0,G,0,ACCROCHE,0,1014,57,GE DIRE
644,02/01/2026,A0031,340,57,N,0,339075,"925793,01","6925896,46",0,G,0,ACCROCHE,0,1000,57,GE DIRE
29408,02/01/2026,A0031,341,57,N,0,340075,"925855,69","6926894,05",0,G,0,ACCROCHE,0,996,57,GE DIRE
54732,02/01/2026,A0031,342,57,N,0,341071,"925815,12","6927889,12",0,G,0,ACCROCHE,0,1005,57,GE DIRE
60274,02/01/2026,A0031,343,57,N,0,342076,"925690,82","6928885,89",0,G,0,ACCROCHE,0,1000,57,GE DIRE
2666,02/01/2026,A0031,344,57,N,0,343076,"925826,4","6929892,26",0,G,0,ACCROCHE,0,1001,57,GE DIRE
70757,02/01/2026,A0031,345,57,N,0,344077,"926092,18","6930837,57",0,G,0,ACCROCHE,0,1005,57,GE DIRE
72333,02/01/2026,A0031,346,57,N,0,345082,"926212,52","6931831,13",0,G,0,ACCROCHE,0,982,57,GE DIRE
8025,02/01/2026,A0031,347,57,N,0,346064,"926301,64","6932817,18",0,G,0,ACCROCHE,0,1015,57,GE DIRE
36608,02/01/2026,A0031,348,57,N,0,347079,"926314,2","6933832,41",0,G,0,ACCROCHE,0,983,57,GE DIRE
63765,02/01/2026,A0033,0,54,N,0,0,"929584,27","6848798,07",0,D,0,ACCROCHE,1287,0,54,GE DIRE
53677,02/01/2026,A0033,1,54,N,0,1287,"929380,13","6847597,64",0,D,0,ACCROCHE,1001,0,54,GE DIRE
72189,02/01/2026,A0033,2,54,N,0,2288,"929615,6","6846624,06",0,D,0,ACCROCHE,1005,0,54,GE DIRE
74160,02/01/2026,A0033,3,54,N,0,3293,"929856,24","6845645,4",0,D,0,ACCROCHE,1005,0,54,GE DIRE
74270,02/01/2026,A0033,4,54,N,0,4298,"930094,35","6844671,34",0,D,0,ACCROCHE,1010,0,54,GE DIRE
38556,02/01/2026,A0033,5,54,N,0,5308,"930466,54","6843740,43",0,D,0,ACCROCHE,1015,0,54,GE DIRE
65082,02/01/2026,A0033,6,54,N,0,6323,"931235,56","6843091,73",0,D,0,ACCROCHE,1014,0,54,GE DIRE
39178,02/01/2026,A0033,7,54,N,0,7337,"932207,3","6842837,05",0,D,0,ACCROCHE,1001,0,54,GE DIRE
1279,02/01/2026,A0033,8,54,N,0,8338,"933193,61","6842641,91",0,D,0,ACCROCHE,987,0,54,GE DIRE
68613,02/01/2026,A0033,9,54,N,0,9325,"933724,26","6841932,08",0,D,0,ACCROCHE,973,0,54,GE DIRE
32995,02/01/2026,A0033,10,54,N,0,10298,"934383,81","6841174,68",0,D,0,ACCROCHE,1027,0,54,GE DIRE
62039,02/01/2026,A0033,11,54,N,0,11325,"935038,27","6840419,18",0,D,0,ACCROCHE,997,0,54,GE DIRE
9027,02/01/2026,A0033,12,54,N,0,12322,"935963,24","6840109,92",0,D,0,ACCROCHE,998,0,54,GE DIRE
15760,02/01/2026,A0033,13,54,N,0,13320,"936950,88","6840156,58",0,D,0,ACCROCHE,995,0,54,GE DIRE
55855,02/01/2026,A0033,14,54,N,0,14315,"937942,94","6840212,35",0,D,0,ACCROCHE,999,0,54,GE DIRE
21156,02/01/2026,A0033,15,54,N,0,15314,"938940,62","6840265,17",0,D,0,ACCROCHE,998,0,54,GE DIRE
74669,02/01/2026,A0033,16,54,N,0,16312,"939941,85","6840317,29",0,D,0,ACCROCHE,1004,0,54,GE DIRE
7684,02/01/2026,A0033,17,54,N,0,17316,"940935,51","6840366,83",0,D,0,ACCROCHE,992,0,54,GE DIRE
27165,02/01/2026,A0033,18,54,N,0,18308,"941901,92","6840196,98",0,D,0,ACCROCHE,996,0,54,GE DIRE
50501,02/01/2026,A0033,19,54,N,0,19304,"942874,95","6840450,27",0,D,0,ACCROCHE,999,0,54,GE DIRE
61214,02/01/2026,A0033,20,54,N,0,20303,"943868,04","6840389,46",0,D,0,ACCROCHE,998,0,54,GE DIRE
26767,02/01/2026,A0033,21,54,N,0,21301,"944855,42","6840292,64",0,D,0,ACCROCHE,1001,0,54,GE DIRE
6988,02/01/2026,A0033,22,54,N,0,22302,"945493,15","6839558,58",0,D,0,ACCROCHE,995,0,54,GE DIRE
40133,02/01/2026,A0033,23,54,N,0,23297,"945855,97","6838649,98",0,D,0,ACCROCHE,992,0,54,GE DIRE
18960,02/01/2026,A0033,24,54,N,0,24289,"946802,65","6838756,89",0,D,0,ACCROCHE,998,0,54,GE DIRE
43224,02/01/2026,A0033,25,54,N,0,25287,"947747,17","6839073,97",0,D,0,ACCROCHE,998,0,54,GE DIRE
1357,02/01/2026,A0033,0,54,N,0,0,"929659,67","6848853,07",0,G,0,ACCROCHE,0,1375,54,GE DIRE
28143,02/01/2026,A0033,1,54,N,0,1375,"929391,11","6847600,23",0,G,0,ACCROCHE,0,1002,54,GE DIRE
10046,02/01/2026,A0033,2,54,N,0,2377,"929624,38","6846626,23",0,G,0,ACCROCHE,0,1004,54,GE DIRE
26018,02/01/2026,A0033,3,54,N,0,3381,"929864,99","6845647,58",0,G,0,ACCROCHE,0,1003,54,GE DIRE
40071,02/01/2026,A0033,4,54,N,0,4384,"930103,23","6844673,51",0,G,0,ACCROCHE,0,1007,54,GE DIRE
70893,02/01/2026,A0033,5,54,N,0,5391,"930473,84","6843745,64",0,G,0,ACCROCHE,0,1010,54,GE DIRE
31000,02/01/2026,A0033,6,54,N,0,6401,"931240,37","6843102,86",0,G,0,ACCROCHE,0,1005,54,GE DIRE
55728,02/01/2026,A0033,7,54,N,0,7406,"932209,27","6842847,22",0,G,0,ACCROCHE,0,1006,54,GE DIRE
18811,02/01/2026,A0033,8,54,N,0,8412,"933195,64","6842652,21",0,G,0,ACCROCHE,0,1000,54,GE DIRE
71980,02/01/2026,A0033,9,54,N,0,9412,"933733,48","6841937,7",0,G,0,ACCROCHE,0,1001,54,GE DIRE
34937,02/01/2026,A0033,10,54,N,0,10413,"934392,49","6841181,9",0,G,0,ACCROCHE,0,1003,54,GE DIRE
23567,02/01/2026,A0033,11,54,N,0,11416,"935045,63","6840426,19",0,G,0,ACCROCHE,0,994,54,GE DIRE
3512,02/01/2026,A0033,12,54,N,0,12410,"935962,67","6840120,67",0,G,0,ACCROCHE,0,998,54,GE DIRE
34547,02/01/2026,A0033,13,54,N,0,13408,"936948,98","6840172,08",0,G,0,ACCROCHE,0,997,54,GE DIRE
36276,02/01/2026,A0033,14,54,N,0,14405,"937942,38","6840223,45",0,G,0,ACCROCHE,0,999,54,GE DIRE
12071,02/01/2026,A0033,15,54,N,0,15404,"938940,05","6840275,7",0,G,0,ACCROCHE,0,999,54,GE DIRE
44921,02/01/2026,A0033,16,54,N,0,16403,"939941,32","6840327,69",0,G,0,ACCROCHE,0,1002,54,GE DIRE
14898,02/01/2026,A0033,17,54,N,0,17405,"940935,3","6840377,39",0,G,0,ACCROCHE,0,995,54,GE DIRE
60043,02/01/2026,A0033,18,54,N,0,18400,"941901,55","6840208,27",0,G,0,ACCROCHE,0,997,54,GE DIRE
26111,02/01/2026,A0033,19,54,N,0,19397,"942873,55","6840461,07",0,G,0,ACCROCHE,0,999,54,GE DIRE
22176,02/01/2026,A0033,20,54,N,0,20396,"943868,25","6840401,18",0,G,0,ACCROCHE,0,1000,54,GE DIRE
41291,02/01/2026,A0033,21,54,N,0,21396,"944859,22","6840304,03",0,G,0,ACCROCHE,0,1006,54,GE DIRE
16108,02/01/2026,A0033,22,54,N,0,22402,"945505,54","6839561,33",0,G,0,ACCROCHE,0,994,54,GE DIRE
10490,02/01/2026,A0033,23,54,N,0,23396,945863,"6838659,91",0,G,0,ACCROCHE,0,990,54,GE DIRE
63561,02/01/2026,A0033,24,54,N,0,24386,"946798,76","6838767,04",0,G,0,ACCROCHE,0,998,54,GE DIRE
36730,02/01/2026,A0033,25,54,N,0,25384,"947744,71","6839083,85",0,G,0,ACCROCHE,0,997,54,GE DIRE
42534,02/01/2026,A0313,0,54,N,0,0,"926677,96","6869580,31",0,D,0,ACCROCHE,1000,0,54,GE DIRE
2224,02/01/2026,A0313,1,54,N,0,1000,"925857,66","6870075,61",0,D,0,ACCROCHE,700,0,54,GE DIRE
33794,02/01/2026,A0313,0,54,N,0,0,"926684,56","6869568,14",0,G,0,ACCROCHE,0,1000,54,GE DIRE
44206,02/01/2026,A0313,1,54,N,0,1000,"925850,42","6870068,29",0,G,0,ACCROCHE,0,700,54,GE DIRE
38636,02/01/2026,A0330,0,54,N,0,0,"934739,67","6844995,55",0,D,0,ACCROCHE,978,0,54,DIRE
43756,02/01/2026,A0330,1,54,N,0,978,"934409,83",6844085,0,D,0,ACCROCHE,990,0,54,DIRE
24492,02/01/2026,A0330,2,54,N,0,1968,"934297,08","6843108,45",0,D,0,ACCROCHE,1008,0,54,DIRE
4132,02/01/2026,A0330,3,54,N,0,2976,"934359,88","6842103,91",0,D,0,ACCROCHE,998,0,54,DIRE
61966,02/01/2026,A0330,4,54,N,0,3974,934536,"6841125,7",0,D,0,ACCROCHE,1037,0,54,DIRE
40898,02/01/2026,A0330,5,54,N,0,5011,"934375,2","6840114,51",0,D,0,ACCROCHE,997,0,54,DIRE
58991,02/01/2026,A0330,6,54,N,0,6008,"934079,71","6839166,36",0,D,0,ACCROCHE,993,0,54,DIRE
28357,02/01/2026,A0330,7,54,N,0,7001,"933843,37","6838196,08",0,D,0,ACCROCHE,1001,0,54,DIRE
24075,02/01/2026,A0330,8,54,N,0,8002,933843,"6837210,1",0,D,0,ACCROCHE,997,0,54,DIRE
19368,02/01/2026,A0330,9,54,N,0,8999,"934269,51","6836325,73",0,D,0,ACCROCHE,1000,0,54,DIRE
34193,02/01/2026,A0330,0,54,N,0,0,"934749,78","6844991,85",0,G,0,ACCROCHE,0,978,54,DIRE
55677,02/01/2026,A0330,1,54,N,0,978,"934421,18","6844080,59",0,G,0,ACCROCHE,0,985,54,DIRE
50602,02/01/2026,A0330,2,54,N,0,1963,"934316,04","6843108,38",0,G,0,ACCROCHE,0,1002,54,DIRE
3084,02/01/2026,A0330,3,54,N,0,2965,"934378,71","6842106,34",0,G,0,ACCROCHE,0,997,54,DIRE
49211,02/01/2026,A0330,4,54,N,0,3962,"934547,85","6841128,18",0,G,0,ACCROCHE,0,1045,54,DIRE
72309,02/01/2026,A0330,5,54,N,0,5007,"934386,79","6840110,86",0,G,0,ACCROCHE,0,998,54,DIRE
6088,02/01/2026,A0330,6,54,N,0,6005,"934091,24","6839162,75",0,G,0,ACCROCHE,0,992,54,DIRE
44534,02/01/2026,A0330,7,54,N,0,6997,"933854,99","6838194,47",0,G,0,ACCROCHE,0,993,54,DIRE
50529,02/01/2026,A0330,8,54,N,0,7990,"933854,42","6837213,37",0,G,0,ACCROCHE,0,998,54,DIRE
29026,02/01/2026,A0330,9,54,N,0,8988,"934281,32","6836327,21",0,G,0,ACCROCHE,0,1000,54,DIRE
31516,02/01/2026,N0004,0,51,N,0,0,"734226,77","6845222,1",0,I,0,ACCROCHE,1000,1000,51,GE DIRE
19577,02/01/2026,N0004,1,51,N,0,1000,"735039,95","6845791,77",0,I,0,ACCROCHE,998,998,51,GE DIRE
14861,02/01/2026,N0004,2,51,N,0,1998,"735981,2","6846074,85",0,I,0,ACCROCHE,1000,1000,51,GE DIRE
63934,02/01/2026,N0004,3,51,N,0,2998,"736962,9","6846275,43",0,I,0,ACCROCHE,992,992,51,GE DIRE
21897,02/01/2026,N0004,4,51,N,0,3990,"737939,38","6846475,78",0,I,0,ACCROCHE,1007,1007,51,GE DIRE
14401,02/01/2026,N0004,5,51,N,0,4997,"738920,45","6846676,3",0,I,0,ACCROCHE,1000,1000,51,GE DIRE
37401,02/01/2026,N0004,6,51,N,0,5997,"739895,76","6846729,09",0,I,0,ACCROCHE,1001,1001,51,GE DIRE
64508,02/01/2026,N0004,7,51,N,0,6998,"740846,32","6846816,08",0,I,0,ACCROCHE,1001,1001,51,GE DIRE
48347,02/01/2026,N0004,8,51,N,0,7999,"741531,87","6847513,27",0,I,0,ACCROCHE,998,995,51,GE DIRE
38217,02/01/2026,N0004,9,51,N,0,8997,"742467,17","6847854,42",0,D,0,ACCROCHE,998,0,51,GE DIRE
64533,02/01/2026,N0004,10,51,N,0,9995,"743436,8","6848076,78",0,D,0,ACCROCHE,1008,0,51,GE DIRE
59494,02/01/2026,N0004,11,51,N,0,11003,"744444,64","6848140,58",0,D,0,ACCROCHE,996,0,51,GE DIRE
2141,02/01/2026,N0004,12,51,N,0,11999,"745435,51","6848096,73",0,D,0,ACCROCHE,993,0,51,GE DIRE
11925,02/01/2026,N0004,13,51,N,0,12992,746426,"6848012,58",0,D,0,ACCROCHE,997,0,51,GE DIRE
66398,02/01/2026,N0004,14,51,N,0,13989,"747424,37","6847927,54",0,D,0,ACCROCHE,998,0,51,GE DIRE
54541,02/01/2026,N0004,15,51,N,0,14987,"748410,66","6847843,57",0,D,0,ACCROCHE,2040,0,51,GE DIRE
56583,02/01/2026,N0004,17,51,N,0,17027,"750443,91","6847665,45",0,D,0,ACCROCHE,996,0,51,GE DIRE
44756,02/01/2026,N0004,18,51,N,0,18023,"751428,34","6847560,37",0,D,0,ACCROCHE,1007,0,51,GE DIRE
17932,02/01/2026,N0004,19,51,N,0,19030,"752378,37","6847779,66",0,D,0,ACCROCHE,996,0,51,GE DIRE
71277,02/01/2026,N0004,20,51,N,0,20026,"753293,53","6848111,51",0,D,0,ACCROCHE,996,0,51,GE DIRE
48188,02/01/2026,N0004,21,51,N,0,21022,"754089,26","6847582,15",0,D,0,ACCROCHE,1006,0,51,GE DIRE
16201,02/01/2026,N0004,22,51,N,0,22028,"754746,75","6846856,38",0,D,0,ACCROCHE,1005,0,51,GE DIRE
52697,02/01/2026,N0004,23,51,N,0,23033,"755734,96","6846849,18",0,I,0,ACCROCHE,999,999,51,GE DIRE
74692,02/01/2026,N0004,24,51,N,0,24032,"756726,65","6846969,41",0,I,0,ACCROCHE,1006,1006,51,GE DIRE
73338,02/01/2026,N0004,25,51,N,0,25038,"757724,31","6847089,96",0,I,0,ACCROCHE,997,997,51,GE DIRE
59800,02/01/2026,N0004,26,51,N,0,26035,"758715,01","6847209,4",0,I,0,ACCROCHE,1000,1000,51,GE DIRE
45117,02/01/2026,N0004,27,51,N,0,27035,"759707,7","6847328,99",0,I,0,ACCROCHE,1004,1004,51,GE DIRE
28149,02/01/2026,N0004,28,51,N,0,28039,"760704,93","6847448,22",0,I,0,ACCROCHE,1001,1001,51,GE DIRE
46380,02/01/2026,N0004,29,51,N,0,29040,"761698,16","6847566,66",0,I,0,ACCROCHE,1000,1000,51,GE DIRE
59958,02/01/2026,N0004,30,51,N,0,30040,"762691,68","6847687,21",0,I,0,ACCROCHE,999,999,51,GE DIRE
18769,02/01/2026,N0004,31,51,N,0,31039,"763683,77","6847807,38",0,I,0,ACCROCHE,1000,1000,51,GE DIRE
24989,02/01/2026,N0004,32,51,N,0,32039,"764676,24","6847926,61",0,I,0,ACCROCHE,999,999,51,GE DIRE
51976,02/01/2026,N0004,33,51,N,0,33038,"765669,33","6848039,56",0,D,0,ACCROCHE,1000,0,51,GE DIRE
25671,02/01/2026,N0004,34,51,N,0,34038,"766663,38","6848154,93",0,D,0,ACCROCHE,1000,0,51,GE DIRE
72084,02/01/2026,N0004,35,51,N,0,35038,"767632,1","6848365,7",0,D,0,ACCROCHE,1006,0,51,GE DIRE
10564,02/01/2026,N0004,36,51,N,0,36044,"768600,61","6848587,24",0,I,0,ACCROCHE,999,999,51,GE DIRE
26970,02/01/2026,N0004,37,51,N,0,37043,"769472,05","6849075,2",0,I,0,ACCROCHE,1004,1000,51,GE DIRE
19016,02/01/2026,N0004,38,51,N,0,38047,"770351,65","6849559,11",0,D,0,ACCROCHE,1002,0,51,GE DIRE
5755,02/01/2026,N0004,39,51,N,0,39049,"771274,9","6849861,19",0,D,0,ACCROCHE,1000,0,51,GE DIRE
28513,02/01/2026,N0004,40,51,N,0,40049,"772267,44","6849837,56",0,D,0,ACCROCHE,999,0,51,GE DIRE
1544,02/01/2026,N0004,41,51,N,0,41048,"773135,4","6850347,22",0,D,0,ACCROCHE,1003,0,51,GE DIRE
9893,02/01/2026,N0004,42,51,N,0,42051,"774025,91","6850744,49",0,D,0,ACCROCHE,1005,0,51,GE DIRE
51841,02/01/2026,N0004,43,51,N,0,43056,"775023,11","6850641,65",0,I,0,ACCROCHE,998,998,51,GE DIRE
71957,02/01/2026,N0004,44,51,N,0,44054,"776010,23","6850510,79",0,I,0,ACCROCHE,1001,1001,51,GE DIRE
74527,02/01/2026,N0004,45,51,N,0,45055,"777002,68","6850379,66",0,I,0,ACCROCHE,1000,1000,51,GE DIRE
4622,02/01/2026,N0004,46,51,N,0,46055,"777994,2","6850248,02",0,I,0,ACCROCHE,1000,1000,51,GE DIRE
21036,02/01/2026,N0004,47,51,N,0,47055,"778984,81","6850116,61",0,I,0,ACCROCHE,1001,1001,51,GE DIRE
67093,02/01/2026,N0004,48,51,N,0,48056,"779975,82","6849984,6",0,I,0,ACCROCHE,1000,1000,51,GE DIRE
7389,02/01/2026,N0004,49,51,N,0,49056,"780967,45","6849851,97",0,I,0,ACCROCHE,1001,1001,51,GE DIRE
23343,02/01/2026,N0004,50,51,N,0,50057,"781958,17","6849718,91",0,I,0,ACCROCHE,1000,1000,51,GE DIRE
46068,02/01/2026,N0004,51,51,N,0,51057,782949,"6849588,2",0,I,0,ACCROCHE,1000,1000,51,GE DIRE
27542,02/01/2026,N0004,52,51,N,0,52057,"783941,49","6849468,46",0,I,0,ACCROCHE,1000,1000,51,GE DIRE
61775,02/01/2026,N0004,53,51,N,0,53057,"784949,49","6849337,19",0,D,0,ACCROCHE,1001,0,51,GE DIRE
30105,02/01/2026,N0004,54,51,N,0,54058,"785934,46","6849220,24",0,D,0,ACCROCHE,1001,0,51,GE DIRE
14906,02/01/2026,N0004,55,51,N,0,55059,"786922,71","6849102,01",0,D,0,ACCROCHE,1094,0,51,GE DIRE
49886,02/01/2026,N0004,56,51,N,0,56153,"787988,47","6848889,22",0,D,0,ACCROCHE,999,0,51,GE DIRE
66672,02/01/2026,N0004,57,51,N,0,57152,"788962,13","6848740,99",0,D,0,ACCROCHE,1012,0,51,GE DIRE
16772,02/01/2026,N0004,58,51,N,0,58164,"789977,34","6848721,09",0,D,0,ACCROCHE,999,0,51,GE DIRE
52880,02/01/2026,N0004,59,51,N,0,59163,"790967,67","6848657,92",0,D,0,ACCROCHE,992,0,51,GE DIRE
70606,02/01/2026,N0004,60,51,N,0,60155,"791960,79","6848709,29",0,D,0,ACCROCHE,1003,0,51,GE DIRE
31884,02/01/2026,N0004,61,51,N,0,61158,"792954,36","6848825,87",0,I,0,ACCROCHE,999,999,51,GE DIRE
67575,02/01/2026,N0004,62,51,N,0,62157,"793948,7","6848930,78",0,I,0,ACCROCHE,1001,1001,51,GE DIRE
39614,02/01/2026,N0004,63,51,N,0,63158,"794943,79","6849036,43",0,I,0,ACCROCHE,1002,1002,51,GE DIRE
20574,02/01/2026,N0004,64,51,N,0,64160,"795939,01","6849143,59",0,I,0,ACCROCHE,1001,1001,51,GE DIRE
31590,02/01/2026,N0004,65,51,N,0,65161,"796934,8",6849250,0,I,0,ACCROCHE,1001,1001,51,GE DIRE
8740,02/01/2026,N0004,66,51,N,0,66162,"797930,36","6849355,86",0,I,0,ACCROCHE,1002,1002,51,GE DIRE
29571,02/01/2026,N0004,67,51,N,0,67164,"798926,84","6849462,86",0,I,0,ACCROCHE,1001,1001,51,GE DIRE
68845,02/01/2026,N0004,68,51,N,0,68165,"799922,56","6849568,85",0,I,0,ACCROCHE,992,992,51,GE DIRE
5787,02/01/2026,N0004,69,51,N,0,69157,"800909,71","6849674,52",0,I,0,ACCROCHE,1008,1008,51,GE DIRE
53062,02/01/2026,N0004,70,51,N,0,70165,"801910,87","6849781,66",0,I,0,ACCROCHE,1005,1005,51,GE DIRE
26253,02/01/2026,N0004,71,51,N,0,71170,"802909,39","6849889,13",0,I,0,ACCROCHE,1002,1002,51,GE DIRE
31236,02/01/2026,N0004,72,51,N,0,72172,"803906,65","6849995,3",0,I,0,ACCROCHE,995,995,51,GE DIRE
64864,02/01/2026,N0004,73,51,N,0,73167,"804896,66","6850101,18",0,I,0,ACCROCHE,1005,1005,51,GE DIRE
40064,02/01/2026,N0004,74,51,N,0,74172,"805897,15","6850209,54",0,I,0,ACCROCHE,1000,1000,51,GE DIRE
73720,02/01/2026,N0004,75,51,N,0,75172,"806892,21","6850281,21",0,I,0,ACCROCHE,1000,1000,51,GE DIRE
51639,02/01/2026,N0004,76,51,N,0,76172,"807893,59","6850291,29",0,I,0,ACCROCHE,1003,1003,51,GE DIRE
3683,02/01/2026,N0004,77,51,N,0,77175,"808897,3","6850300,49",0,I,0,ACCROCHE,1002,1002,51,GE DIRE
65617,02/01/2026,N0004,78,51,N,0,78177,"809899,07","6850309,56",0,I,0,ACCROCHE,994,994,51,GE DIRE
69268,02/01/2026,N0004,79,51,N,0,79171,"810893,98","6850320,05",0,I,0,ACCROCHE,1009,1009,51,GE DIRE
64368,02/01/2026,N0004,80,51,N,0,80180,"811903,59","6850330,77",0,I,0,ACCROCHE,1001,1001,51,GE DIRE
18872,02/01/2026,N0004,81,51,N,0,81181,"812853,88","6850055,11",0,I,0,ACCROCHE,1004,1004,51,GE DIRE
58069,02/01/2026,N0004,82,51,N,0,82185,"813780,46","6849667,54",0,I,0,ACCROCHE,1019,1020,51,GE DIRE
28565,02/01/2026,N0004,83,51,N,0,83204,"814706,43","6849279,93",0,I,0,ACCROCHE,1000,1000,51,GE DIRE
30031,02/01/2026,N0004,84,51,N,0,84204,"815629,3","6848893,51",0,I,0,ACCROCHE,1465,1452,51,GE DIRE
36797,02/01/2026,N0004,85,51,N,0,85669,"817099,64","6850103,93",0,I,0,ACCROCHE,1068,1058,51,GE DIRE
50552,02/01/2026,N0004,86,51,N,0,86737,"818102,93","6849733,61",0,D,0,ACCROCHE,1068,0,51,GE DIRE
58271,02/01/2026,N0004,87,51,N,0,87805,"818995,05","6849157,5",0,D,0,ACCROCHE,1056,0,51,GE DIRE
5863,02/01/2026,N0004,88,51,N,0,88861,"819668,96","6848345,54",0,I,0,ACCROCHE,1055,1055,51,GE DIRE
3957,02/01/2026,N0004,89,51,N,0,89916,"820240,49","6847489,37",0,I,0,ACCROCHE,1085,1081,51,GE DIRE
22162,02/01/2026,N0004,90,51,N,0,91001,"821058,4","6846771,89",0,D,0,ACCROCHE,1003,0,51,GE DIRE
5988,02/01/2026,N0004,91,51,N,0,92004,"821992,29","6846407,22",0,I,0,ACCROCHE,998,998,51,GE DIRE
28881,02/01/2026,N0004,92,51,N,0,93002,"822917,69","6846030,78",0,D,0,ACCROCHE,1005,0,51,GE DIRE
34816,02/01/2026,N0004,93,51,N,0,94007,"823852,05","6845659,6",0,D,0,ACCROCHE,1003,0,51,GE DIRE
51279,02/01/2026,N0004,94,51,N,0,95010,"824784,76","6845289,71",0,D,0,ACCROCHE,999,0,51,GE DIRE
60468,02/01/2026,N0004,95,51,N,0,96009,"825715,12","6844921,27",0,D,0,ACCROCHE,1006,0,51,GE DIRE
67087,02/01/2026,N0004,96,51,N,0,97015,"826671,29","6844614,74",0,D,0,ACCROCHE,997,0,51,GE DIRE
50994,02/01/2026,N0004,97,51,N,0,98012,"827598,86","6844259,03",0,D,0,ACCROCHE,1002,0,51,GE DIRE
16491,02/01/2026,N0004,98,51,N,0,99014,"828497,67","6843813,67",0,D,0,ACCROCHE,1000,0,51,GE DIRE
44638,02/01/2026,N0004,99,51,N,0,100014,"829394,56","6843367,95",0,D,0,ACCROCHE,1000,0,51,GE DIRE
39212,02/01/2026,N0004,100,51,N,0,101014,"830289,52","6842924,01",0,D,0,ACCROCHE,964,0,51,GE DIRE
52913,02/01/2026,N0004,0,52,N,0,101978,"831153,38","6842495,69",0,D,0,ACCROCHE,999,0,52,GE DIRE
59770,02/01/2026,N0004,1,52,N,0,102977,"832047,95","6842053,32",0,D,0,ACCROCHE,1000,0,52,GE DIRE
12859,02/01/2026,N0004,2,52,N,0,103977,"832939,52","6841611,81",0,D,0,ACCROCHE,991,0,52,GE DIRE
6740,02/01/2026,N0004,3,52,N,0,104968,"833812,86","6841139,34",0,D,0,ACCROCHE,1096,0,52,GE DIRE
23956,02/01/2026,N0004,4,52,N,0,106064,"834794,81","6840775,52",0,D,0,ACCROCHE,990,0,52,GE DIRE
72828,02/01/2026,N0004,5,52,N,0,107054,"835762,86","6840613,52",0,D,0,ACCROCHE,996,0,52,GE DIRE
51565,02/01/2026,N0004,6,52,N,0,108050,"836724,84","6840352,75",0,D,0,ACCROCHE,1002,0,52,GE DIRE
2873,02/01/2026,N0004,7,52,N,0,109052,"837705,53","6840158,08",0,D,0,ACCROCHE,999,0,52,GE DIRE
15523,02/01/2026,N0004,8,52,N,0,110051,"838688,72","6839967,6",0,D,0,ACCROCHE,999,0,52,GE DIRE
16268,02/01/2026,N0004,9,52,N,0,111050,"839668,85","6839777,77",0,D,0,ACCROCHE,999,0,52,GE DIRE
71354,02/01/2026,N0004,10,52,N,0,112049,"840649,11","6839579,6",0,D,0,ACCROCHE,1000,0,52,GE DIRE
65290,02/01/2026,N0004,11,52,N,0,113049,"841524,88","6839168,81",0,D,0,ACCROCHE,1000,0,52,GE DIRE
70806,02/01/2026,N0004,12,52,N,0,114049,"842104,73","6838357,73",0,D,0,ACCROCHE,1000,0,52,GE DIRE
58932,02/01/2026,N0004,13,52,N,0,115049,"842844,01","6837688,75",0,D,0,ACCROCHE,1000,0,52,GE DIRE
54078,02/01/2026,N0004,14,52,N,0,116049,"843777,79","6837401,92",0,D,0,ACCROCHE,1000,0,52,GE DIRE
27669,02/01/2026,N0004,15,52,N,0,117049,"844764,24","6837552,08",0,D,0,ACCROCHE,1000,0,52,GE DIRE
66727,02/01/2026,N0004,16,52,N,0,118049,"845754,85","6837416,09",0,D,0,ACCROCHE,1000,0,52,GE DIRE
9721,02/01/2026,N0004,17,52,N,0,119049,"846622,99","6837768,43",0,D,0,ACCROCHE,788,0,52,GE DIRE
8810,02/01/2026,N0004,0,55,N,0,119837,"847232,47","6838256,97",0,D,0,ACCROCHE,1000,0,55,GE DIRE
51474,02/01/2026,N0004,1,55,N,0,120837,"847942,77","6838931,68",0,D,0,ACCROCHE,243,0,55,GE DIRE
60980,02/01/2026,N0004,2,55,N,0,121080,"848029,93","6839156,92",0,D,0,ACCROCHE,940,0,55,GE DIRE
22581,02/01/2026,N0004,3,55,N,0,122020,"848740,06","6839675,09",0,D,0,ACCROCHE,1000,0,55,GE DIRE
41850,02/01/2026,N0004,4,55,N,0,123020,"849730,64","6839580,86",0,D,0,ACCROCHE,1000,0,55,GE DIRE
64090,02/01/2026,N0004,5,55,N,0,124020,"850724,58","6839725,24",0,D,0,ACCROCHE,1000,0,55,GE DIRE
4519,02/01/2026,N0004,6,55,N,0,125020,"851707,25","6839897,77",0,D,0,ACCROCHE,1000,0,55,GE DIRE
15388,02/01/2026,N0004,7,55,N,0,126020,"852638,7","6840203,98",0,D,0,ACCROCHE,1000,0,55,GE DIRE
31502,02/01/2026,N0004,8,55,N,0,127020,"853630,75","6840212,63",0,D,0,ACCROCHE,1000,0,55,GE DIRE
64335,02/01/2026,N0004,9,55,N,0,128020,"854618,27","6840093,24",0,D,0,ACCROCHE,1000,0,55,GE DIRE
63240,02/01/2026,N0004,10,55,N,0,129020,"855611,67","6839948,82",0,D,0,ACCROCHE,1000,0,55,GE DIRE
30553,02/01/2026,N0004,11,55,N,0,130020,"856606,79","6839924,18",0,D,0,ACCROCHE,1000,0,55,GE DIRE
7506,02/01/2026,N0004,12,55,N,0,131020,"857582,43","6840107,28",0,D,0,ACCROCHE,1000,0,55,GE DIRE
40044,02/01/2026,N0004,13,55,N,0,132020,"858525,94","6840447,7",0,D,0,ACCROCHE,1000,0,55,GE DIRE
21160,02/01/2026,N0004,14,55,N,0,133020,"859467,86","6840791,92",0,D,0,ACCROCHE,1000,0,55,GE DIRE
702,02/01/2026,N0004,15,55,N,0,134020,"860417,28","6840733,19",0,D,0,ACCROCHE,1000,0,55,GE DIRE
9470,02/01/2026,N0004,16,55,N,0,135020,"861368,34","6840468,49",0,D,0,ACCROCHE,1000,0,55,GE DIRE
17148,02/01/2026,N0004,17,55,N,0,136020,"862355,1","6840648,19",0,D,0,ACCROCHE,1000,0,55,GE DIRE
56600,02/01/2026,N0004,18,55,N,0,137020,"863204,17","6841177,05",0,D,0,ACCROCHE,1000,0,55,GE DIRE
66295,02/01/2026,N0004,19,55,N,0,138020,"864001,91","6841786,22",0,D,0,ACCROCHE,994,0,55,GE DIRE
6006,02/01/2026,N0004,20,55,N,0,139014,"864945,23","6842153,19",0,D,0,ACCROCHE,1000,0,55,GE DIRE
69826,02/01/2026,N0004,21,55,N,0,140014,"865888,54","6842522,64",0,D,0,ACCROCHE,999,0,55,GE DIRE
42701,02/01/2026,N0004,22,55,N,0,141013,"866824,01","6842912,13",0,D,0,ACCROCHE,1001,0,55,GE DIRE
46213,02/01/2026,N0004,23,55,N,0,142014,"867763,05","6843292,41",0,D,0,ACCROCHE,1026,0,55,GE DIRE
81,02/01/2026,N0004,24,55,N,0,143040,"868718,06","6843664,89",0,D,0,ACCROCHE,1008,0,55,GE DIRE
72190,02/01/2026,N0004,25,55,N,0,144048,"869476,01","6844292,44",0,D,0,ACCROCHE,995,0,55,GE DIRE
16232,02/01/2026,N0004,26,55,N,0,145043,"870005,21","6845124,57",0,D,0,ACCROCHE,1038,0,55,GE DIRE
50396,02/01/2026,N0004,27,55,N,0,146081,"870521,03","6845986,15",0,D,0,ACCROCHE,949,0,55,GE DIRE
69335,02/01/2026,N0004,28,55,N,0,147030,"871357,98","6846299,26",0,D,0,ACCROCHE,999,0,55,GE DIRE
36025,02/01/2026,N0004,29,55,N,0,148029,872346,"6846163,67",0,D,0,ACCROCHE,1006,0,55,GE DIRE
40412,02/01/2026,N0004,30,55,N,0,149035,"873327,77","6846337,55",0,D,0,ACCROCHE,749,0,55,GE DIRE
40370,02/01/2026,N0004,31,55,N,0,149784,"874065,36","6846430,05",0,D,0,ACCROCHE,749,0,55,GE DIRE
42805,02/01/2026,N0004,32,55,N,0,150533,"874795,68","6846596,75",0,D,0,ACCROCHE,749,0,55,GE DIRE
47228,02/01/2026,N0004,33,55,N,0,151282,"875516,02","6846801,02",0,D,0,ACCROCHE,757,0,55,GE DIRE
29656,02/01/2026,N0004,34,55,N,0,152039,"876248,28","6846995,68",0,D,0,ACCROCHE,993,0,55,GE DIRE
20778,02/01/2026,N0004,35,55,N,0,153032,"877208,43","6847244,15",0,D,0,ACCROCHE,1019,0,55,GE DIRE
53870,02/01/2026,N0004,36,55,N,0,154051,"878197,89","6847494,57",0,D,0,ACCROCHE,1000,0,55,GE DIRE
38345,02/01/2026,N0004,37,55,N,0,155051,"879174,25","6847661,62",0,D,0,ACCROCHE,1000,0,55,GE DIRE
3239,02/01/2026,N0004,38,55,N,0,156051,"880083,55","6847759,51",0,D,0,ACCROCHE,583,0,55,GE DIRE
761,02/01/2026,N0004,39,55,N,0,156634,"880670,38","6847822,43",0,D,0,ACCROCHE,1102,0,55,GE DIRE
2646,02/01/2026,N0004,40,55,N,0,157736,"881761,36","6847873,33",0,D,0,ACCROCHE,970,0,55,GE DIRE
31,02/01/2026,N0004,41,55,N,0,158706,"882714,02","6848010,71",0,D,0,ACCROCHE,954,0,55,GE DIRE
44536,02/01/2026,N0004,42,55,N,0,159660,"883671,81","6847988,92",0,D,0,ACCROCHE,1004,0,55,GE DIRE
21396,02/01/2026,N0004,43,55,N,0,160664,"884660,01","6847874,66",0,D,0,ACCROCHE,965,0,55,GE DIRE
42770,02/01/2026,N0004,44,55,N,0,161629,"885631,09","6847923,56",0,D,0,ACCROCHE,965,0,55,GE DIRE
72767,02/01/2026,N0004,45,55,N,0,162594,"886450,31","6847531,64",0,D,0,ACCROCHE,1070,0,55,GE DIRE
48441,02/01/2026,N0004,46,55,N,0,163664,"887347,28","6846951,02",0,D,0,ACCROCHE,996,0,55,GE DIRE
63956,02/01/2026,N0004,47,55,N,0,164660,"888082,61","6846302,98",0,D,0,ACCROCHE,1000,0,55,GE DIRE
15512,02/01/2026,N0004,48,55,N,0,165660,"889034,94","6846097,76",0,D,0,ACCROCHE,999,0,55,GE DIRE
61084,02/01/2026,N0004,49,55,N,0,166659,"890032,56","6846054,27",0,D,0,ACCROCHE,1002,0,55,GE DIRE
71780,02/01/2026,N0004,50,55,N,0,167661,"891029,95","6846080,88",0,D,0,ACCROCHE,1001,0,55,GE DIRE
4278,02/01/2026,N0004,51,55,N,0,168662,"891964,01","6846389,34",0,D,0,ACCROCHE,1005,0,55,GE DIRE
70877,02/01/2026,N0004,52,55,N,0,169667,"892895,38","6846684,27",0,D,0,ACCROCHE,1014,0,55,GE DIRE
51822,02/01/2026,N0004,53,55,N,0,170681,"893782,35","6846209,55",0,D,0,ACCROCHE,1016,0,55,GE DIRE
12042,02/01/2026,N0004,54,55,N,0,171697,"894782,93","6846016,84",0,D,0,ACCROCHE,981,0,55,GE DIRE
20427,02/01/2026,N0004,55,55,N,0,172678,"895747,9","6846217,89",0,D,0,ACCROCHE,1024,0,55,GE DIRE
70638,02/01/2026,N0004,56,55,N,0,173702,"896666,59","6846623,95",0,D,0,ACCROCHE,997,0,55,GE DIRE
435,02/01/2026,N0004,57,55,N,0,174699,"897661,76","6846666,71",0,D,0,ACCROCHE,993,0,55,GE DIRE
20535,02/01/2026,N0004,58,55,N,0,175692,"898655,93","6846694,87",0,D,0,ACCROCHE,994,0,55,GE DIRE
50624,02/01/2026,N0004,59,55,N,0,176686,"899544,35","6846290,79",0,D,0,ACCROCHE,925,0,55,GE DIRE
11133,02/01/2026,N0004,60,55,N,0,177611,"900440,78","6846156,04",0,D,0,ACCROCHE,1007,0,55,GE DIRE
8825,02/01/2026,N0004,61,55,N,0,178618,"901424,88","6846006,17",0,D,0,ACCROCHE,1027,0,55,GE DIRE
9400,02/01/2026,N0004,0,54,N,0,179645,"902404,35","6845702,74",0,D,0,ACCROCHE,1009,0,54,GE DIRE
71092,02/01/2026,N0004,1,54,N,0,180654,"903342,08","6845333,11",0,D,0,ACCROCHE,990,0,54,GE DIRE
66400,02/01/2026,N0004,2,54,N,0,181644,"904271,47","6844989,03",0,D,0,ACCROCHE,1004,0,54,GE DIRE
47476,02/01/2026,N0004,3,54,N,0,182648,"905221,85","6844734,72",0,D,0,ACCROCHE,998,0,54,GE DIRE
598,02/01/2026,N0004,4,54,N,0,183646,"906214,97","6844777,24",0,D,0,ACCROCHE,1000,0,54,GE DIRE
24254,02/01/2026,N0004,5,54,N,0,184646,"907203,38","6844606,24",0,D,0,ACCROCHE,996,0,54,GE DIRE
59349,02/01/2026,N0004,6,54,N,0,185642,"908148,9","6844317,59",0,D,0,ACCROCHE,999,0,54,GE DIRE
15071,02/01/2026,N0004,7,54,N,0,186641,"908890,11","6843650,68",0,D,0,ACCROCHE,1006,0,54,GE DIRE
35689,02/01/2026,N0004,8,54,N,0,187647,"909682,73","6843035,05",0,D,0,ACCROCHE,995,0,54,GE DIRE
66073,02/01/2026,N0004,9,54,N,0,188642,"910581,31","6842619,89",0,D,0,ACCROCHE,1001,0,54,GE DIRE
18156,02/01/2026,N0004,10,54,N,0,189643,"911561,23","6842739,47",0,D,0,ACCROCHE,879,0,54,GE DIRE
3072,02/01/2026,N0004,26,54,N,0,190522,"948731,41","6839173,49",0,D,0,ACCROCHE,999,0,54,GE DIRE
36281,02/01/2026,N0004,27,54,N,0,191521,"949612,67","6838744,71",0,D,0,ACCROCHE,1000,0,54,GE DIRE
52533,02/01/2026,N0004,28,54,N,0,192521,"950412,13","6838145,73",0,D,0,ACCROCHE,1000,0,54,GE DIRE
31832,02/01/2026,N0004,29,54,N,0,193521,"951357,73","6837847,7",0,D,0,ACCROCHE,1001,0,54,GE DIRE
31170,02/01/2026,N0004,30,54,N,0,194522,"952347,04","6837754,41",0,D,0,ACCROCHE,999,0,54,GE DIRE
61294,02/01/2026,N0004,31,54,N,0,195521,"953287,48","6837424,95",0,D,0,ACCROCHE,1000,0,54,GE DIRE
23715,02/01/2026,N0004,32,54,N,0,196521,"954258,83","6837197,06",0,D,0,ACCROCHE,999,0,54,GE DIRE
41018,02/01/2026,N0004,33,54,N,0,197520,"955165,05","6836793,87",0,D,0,ACCROCHE,1000,0,54,GE DIRE
46558,02/01/2026,N0004,34,54,N,0,198520,"956081,75","6836405,39",0,D,0,ACCROCHE,1000,0,54,GE DIRE
65086,02/01/2026,N0004,35,54,N,0,199520,"957060,56","6836221,34",0,D,0,ACCROCHE,999,0,54,GE DIRE
7258,02/01/2026,N0004,36,54,N,0,200519,"957991,91","6835860,3",0,D,0,ACCROCHE,1005,0,54,GE DIRE
38952,02/01/2026,N0004,37,54,N,0,201524,"958967,18","6835668,62",0,D,0,ACCROCHE,1003,0,54,GE DIRE
66309,02/01/2026,N0004,38,54,N,0,202527,"959965,69","6835656,11",0,D,0,ACCROCHE,1001,0,54,GE DIRE
67429,02/01/2026,N0004,39,54,N,0,203528,"960955,88","6835590,98",0,D,0,ACCROCHE,1009,0,54,GE DIRE
44542,02/01/2026,N0004,40,54,N,0,204537,"961841,02","6835999,28",0,D,0,ACCROCHE,998,0,54,GE DIRE
8163,02/01/2026,N0004,41,54,N,0,205535,"962411,49","6836808,32",0,D,0,ACCROCHE,995,0,54,GE DIRE
11714,02/01/2026,N0004,42,54,N,0,206530,"963198,06","6837397,25",0,D,0,ACCROCHE,995,0,54,GE DIRE
70042,02/01/2026,N0004,43,54,N,0,207525,"964163,48","6837562,65",0,D,0,ACCROCHE,995,0,54,GE DIRE
10397,02/01/2026,N0004,44,54,N,0,208520,"965103,93","6837278,4",0,D,0,ACCROCHE,1001,0,54,GE DIRE
48788,02/01/2026,N0004,45,54,N,0,209521,"965996,45","6836841,82",0,D,0,ACCROCHE,1004,0,54,GE DIRE
72188,02/01/2026,N0004,46,54,N,0,210525,"966943,03","6836562,06",0,D,0,ACCROCHE,1000,0,54,GE DIRE
65845,02/01/2026,N0004,47,54,N,0,211525,"967937,88","6836634,72",0,D,0,ACCROCHE,1000,0,54,GE DIRE
41692,02/01/2026,N0004,48,54,N,0,212525,"968880,57","6836344,48",0,D,0,ACCROCHE,1000,0,54,GE DIRE
53874,02/01/2026,N0004,49,54,N,0,213525,"969701,97","6835778,53",0,D,0,ACCROCHE,1000,0,54,GE DIRE
7470,02/01/2026,N0004,50,54,N,0,214525,"970662,01","6835525,93",0,D,0,ACCROCHE,1000,0,54,GE DIRE
53647,02/01/2026,N0004,51,54,N,0,215525,"971639,59","6835714,96",0,D,0,ACCROCHE,1000,0,54,GE DIRE
13398,02/01/2026,N0004,52,54,N,0,216525,"972596,55","6836004,74",0,D,0,ACCROCHE,1000,0,54,GE DIRE
49260,02/01/2026,N0004,53,54,N,0,217525,"973470,33","6836483,24",0,D,0,ACCROCHE,1000,0,54,GE DIRE
53162,02/01/2026,N0004,54,54,N,0,218525,"974391,55","6836816,02",0,D,0,ACCROCHE,1000,0,54,GE DIRE
66245,02/01/2026,N0004,55,54,N,0,219525,"975390,45","6836859,97",0,D,0,ACCROCHE,1000,0,54,GE DIRE
2578,02/01/2026,N0004,56,54,N,0,220525,"976326,81","6837197,62",0,D,0,ACCROCHE,1000,0,54,GE DIRE
2754,02/01/2026,N0004,57,54,N,0,221525,"977237,39","6837609,94",0,D,0,ACCROCHE,1000,0,54,GE DIRE
7936,02/01/2026,N0004,58,54,N,0,222525,"978206,71","6837831,22",0,D,0,ACCROCHE,1000,0,54,GE DIRE
60603,02/01/2026,N0004,59,54,N,0,223525,"979143,5","6838158,04",0,D,0,ACCROCHE,1000,0,54,GE DIRE
62340,02/01/2026,N0004,60,54,N,0,224525,"979999,65","6838670,95",0,D,0,ACCROCHE,1000,0,54,GE DIRE
73564,02/01/2026,N0004,61,54,N,0,225525,"980777,37","6839297,94",0,D,0,ACCROCHE,1000,0,54,GE DIRE
29874,02/01/2026,N0004,62,54,N,0,226525,"981707,9","6839648,52",0,D,0,ACCROCHE,1000,0,54,GE DIRE
54480,02/01/2026,N0004,63,54,N,0,227525,"982661,84","6839948,43",0,D,0,ACCROCHE,1000,0,54,GE DIRE
38522,02/01/2026,N0004,64,54,N,0,228525,"983463,74","6840515,89",0,D,0,ACCROCHE,1000,0,54,GE DIRE
41279,02/01/2026,N0004,65,54,N,0,229525,"984313,84","6840999,22",0,D,0,ACCROCHE,263,0,54,GE DIRE
70634,02/01/2026,N0004,95,54,N,0,229788,"984560,97","6841088,17",0,D,0,ACCROCHE,221,0,54,GE DIRE
28932,02/01/2026,N0004,96,54,N,0,230009,984622,"6841255,35",0,I,0,ACCROCHE,1003,1003,54,GE DIRE
58518,02/01/2026,N0004,97,54,N,0,231012,"985294,75","6841937,95",0,I,0,ACCROCHE,995,995,54,GE DIRE
73810,02/01/2026,N0004,98,54,N,0,232007,"985883,21","6842742,21",0,I,0,ACCROCHE,544,544,54,GE DIRE
4285,02/01/2026,N0004,0,57,N,0,232551,"986231,05","6843141,13",0,I,0,ACCROCHE,1001,1001,57,GE DIRE
34118,02/01/2026,N0004,1,57,N,0,233552,"986895,03","6843859,11",0,I,0,ACCROCHE,1003,1003,57,GE DIRE
57373,02/01/2026,N0004,2,57,N,0,234555,"987349,67","6844720,68",0,I,0,ACCROCHE,1003,1003,57,GE DIRE
62367,02/01/2026,N0004,3,57,N,0,235558,"988218,9","6845231,66",0,I,0,ACCROCHE,978,978,57,GE DIRE
71885,02/01/2026,N0004,4,57,N,0,236536,"988825,04","6845964,51",0,I,0,ACCROCHE,1079,1079,57,GE DIRE
54676,02/01/2026,N0004,5,57,N,0,237615,"989535,67",6846751,0,D,0,ACCROCHE,849,0,57,GE DIRE
72065,02/01/2026,N0004,6,57,N,0,238464,"989903,62","6847487,24",0,D,0,ACCROCHE,987,0,57,GE DIRE
59376,02/01/2026,N0004,7,57,N,0,239451,"990283,07","6848393,07",0,D,0,ACCROCHE,996,0,57,GE DIRE
66947,02/01/2026,N0004,8,57,N,0,240447,"990741,3","6849277,57",0,D,0,ACCROCHE,1034,0,57,GE DIRE
40791,02/01/2026,N0004,9,57,N,0,241481,"991211,41","6850196,03",0,D,0,ACCROCHE,1316,0,57,GE DIRE
14593,02/01/2026,N0004,10,57,N,0,242797,"991248,68","6851438,3",0,D,0,ACCROCHE,1200,0,57,GE DIRE
4081,02/01/2026,N0004,11,57,N,0,243997,"992376,39","6851801,89",0,D,0,ACCROCHE,712,0,57,GE DIRE
58214,02/01/2026,N0004,12,57,N,0,244709,"993033,58","6852047,13",0,D,0,ACCROCHE,709,0,57,GE DIRE
41234,02/01/2026,N0004,13,57,N,0,245418,"993673,88","6852357,62",0,D,0,ACCROCHE,714,0,57,GE DIRE
22387,02/01/2026,N0004,14,57,N,0,246132,"994366,65","6852514,56",0,D,0,ACCROCHE,997,0,57,GE DIRE
74449,02/01/2026,N0004,15,57,N,0,247129,"995342,41","6852380,59",0,D,0,ACCROCHE,1001,0,57,GE DIRE
47793,02/01/2026,N0004,16,57,N,0,248130,"996331,76","6852376,21",0,D,0,ACCROCHE,1008,0,57,GE DIRE
27360,02/01/2026,N0004,17,57,N,0,249138,"996932,13","6853139,43",0,D,0,ACCROCHE,998,0,57,GE DIRE
57115,02/01/2026,N0004,18,57,N,0,250136,"997540,7","6853876,35",0,D,0,ACCROCHE,1007,0,57,GE DIRE
1310,02/01/2026,N0004,19,57,N,0,251143,"998350,13","6854461,73",0,D,0,ACCROCHE,1199,0,57,GE DIRE
58409,02/01/2026,N0004,20,57,N,0,252342,"999107,6","6855378,32",0,D,0,ACCROCHE,1179,0,57,GE DIRE
46479,02/01/2026,N0004,21,57,N,0,253521,"1000056,15","6856071,11",0,D,0,ACCROCHE,1227,0,57,GE DIRE
71575,02/01/2026,N0004,22,57,N,0,254748,"1001213,76","6856466,89",0,D,0,ACCROCHE,1226,0,57,GE DIRE
49235,02/01/2026,N0004,23,57,N,0,255974,"1002430,28","6856599,32",0,D,0,ACCROCHE,1227,0,57,GE DIRE
5315,02/01/2026,N0004,24,57,N,0,257201,"1003092,75","6857530,63",0,D,0,ACCROCHE,1251,0,57,GE DIRE
64374,02/01/2026,N0004,25,57,N,0,258452,"1004264,21","6857906,45",0,D,0,ACCROCHE,1009,0,57,GE DIRE
29719,02/01/2026,N0004,26,57,N,0,259461,"1005254,88","6858063,92",0,D,0,ACCROCHE,1015,0,57,GE DIRE
63523,02/01/2026,N0004,27,57,N,0,260476,"1006258,19","6858185,05",0,D,0,ACCROCHE,984,0,57,GE DIRE
24623,02/01/2026,N0004,28,57,N,0,261460,"1007154,83","6858580,21",0,D,0,ACCROCHE,1036,0,57,GE DIRE
8673,02/01/2026,N0004,29,57,N,0,262496,"1008164,79","6858689,06",0,D,0,ACCROCHE,1013,0,57,GE DIRE
14342,02/01/2026,N0004,30,57,N,0,263509,"1009126,89","6858953,86",0,D,0,ACCROCHE,994,0,57,GE DIRE
16179,02/01/2026,N0004,31,57,N,0,264503,"1009762,53","6859710,27",0,D,0,ACCROCHE,1009,0,57,GE DIRE
43781,02/01/2026,N0004,32,57,N,0,265512,"1010715,18","6859977,54",0,D,0,ACCROCHE,845,0,57,GE DIRE
7256,02/01/2026,N0004,9,51,N,0,8994,"742461,96","6847866,57",0,G,0,ACCROCHE,0,1003,51,GE DIRE
38996,02/01/2026,N0004,10,51,N,0,9997,"743435,57","6848089,02",0,G,0,ACCROCHE,0,1012,51,GE DIRE
48803,02/01/2026,N0004,11,51,N,0,11009,"744444,51","6848153,42",0,G,0,ACCROCHE,0,996,51,GE DIRE
21843,02/01/2026,N0004,12,51,N,0,12005,"745436,68","6848110,11",0,G,0,ACCROCHE,0,994,51,GE DIRE
71505,02/01/2026,N0004,13,51,N,0,12999,"746427,06","6848024,42",0,G,0,ACCROCHE,0,996,51,GE DIRE
36493,02/01/2026,N0004,14,51,N,0,13995,"747425,32","6847939,37",0,G,0,ACCROCHE,0,997,51,GE DIRE
25344,02/01/2026,N0004,15,51,N,0,14992,"748411,63","6847855,13",0,G,0,ACCROCHE,0,2041,51,GE DIRE
4334,02/01/2026,N0004,17,51,N,0,17033,"750449,91","6847684,11",0,G,0,ACCROCHE,0,998,51,GE DIRE
34963,02/01/2026,N0004,18,51,N,0,18031,"751430,98","6847572,82",0,G,0,ACCROCHE,0,996,51,GE DIRE
37000,02/01/2026,N0004,19,51,N,0,19027,"752373,12","6847788,12",0,G,0,ACCROCHE,0,1007,51,GE DIRE
7223,02/01/2026,N0004,20,51,N,0,20034,"753294,51","6848121,32",0,G,0,ACCROCHE,0,1009,51,GE DIRE
45669,02/01/2026,N0004,21,51,N,0,21043,"754098,36","6847587,28",0,G,0,ACCROCHE,0,993,51,GE DIRE
31623,02/01/2026,N0004,22,51,N,0,22036,"754751,82","6846868,27",0,G,0,ACCROCHE,0,1005,51,GE DIRE
20651,02/01/2026,N0004,33,51,N,0,33046,"765668,48","6848047,29",0,G,0,ACCROCHE,0,1000,51,GE DIRE
55151,02/01/2026,N0004,34,51,N,0,34046,"766662,04","6848165,22",0,G,0,ACCROCHE,0,997,51,GE DIRE
43215,02/01/2026,N0004,35,51,N,0,35043,"767627,13","6848375,17",0,G,0,ACCROCHE,0,1006,51,GE DIRE
29430,02/01/2026,N0004,38,51,N,0,38048,"770346,52","6849567,87",0,G,0,ACCROCHE,0,1000,51,GE DIRE
22198,02/01/2026,N0004,39,51,N,0,39048,"771276,04","6849871,54",0,G,0,ACCROCHE,0,1000,51,GE DIRE
57083,02/01/2026,N0004,40,51,N,0,40048,"772263,71","6849847,62",0,G,0,ACCROCHE,0,1000,51,GE DIRE
18388,02/01/2026,N0004,41,51,N,0,41048,"773130,06","6850355,9",0,G,0,ACCROCHE,0,1000,51,GE DIRE
35983,02/01/2026,N0004,42,51,N,0,42048,"774025,35","6850755,04",0,G,0,ACCROCHE,0,1005,51,GE DIRE
61702,02/01/2026,N0004,53,51,N,0,53054,"784950,71","6849347,25",0,G,0,ACCROCHE,0,1001,51,GE DIRE
9034,02/01/2026,N0004,54,51,N,0,54055,"785935,62","6849230,23",0,G,0,ACCROCHE,0,1001,51,GE DIRE
74482,02/01/2026,N0004,55,51,N,0,55056,"786923,94","6849111,96",0,G,0,ACCROCHE,0,1094,51,GE DIRE
73841,02/01/2026,N0004,56,51,N,0,56150,"787991,83","6848899,52",0,G,0,ACCROCHE,0,999,51,GE DIRE
53294,02/01/2026,N0004,57,51,N,0,57149,"788960,68","6848751,69",0,G,0,ACCROCHE,0,1010,51,GE DIRE
19995,02/01/2026,N0004,58,51,N,0,58159,"789978,55","6848731,02",0,G,0,ACCROCHE,0,998,51,GE DIRE
27361,02/01/2026,N0004,59,51,N,0,59157,"790967,73","6848668,13",0,G,0,ACCROCHE,0,992,51,GE DIRE
27779,02/01/2026,N0004,60,51,N,0,60149,"791959,76","6848719,26",0,G,0,ACCROCHE,0,1003,51,GE DIRE
67446,02/01/2026,N0004,86,51,N,0,86709,"818106,96","6849742,78",0,G,0,ACCROCHE,0,1068,51,GE DIRE
46585,02/01/2026,N0004,87,51,N,0,87777,"819002,51","6849165,42",0,G,0,ACCROCHE,0,1056,51,GE DIRE
71072,02/01/2026,N0004,90,51,N,0,90969,"821062,71","6846782,05",0,G,0,ACCROCHE,0,1003,51,GE DIRE
1912,02/01/2026,N0004,92,51,N,0,92970,"822922,35","6846042,59",0,G,0,ACCROCHE,0,1004,51,GE DIRE
52282,02/01/2026,N0004,93,51,N,0,93974,"823856,73","6845671,27",0,G,0,ACCROCHE,0,1005,51,GE DIRE
72156,02/01/2026,N0004,94,51,N,0,94979,"824789,44","6845301,52",0,G,0,ACCROCHE,0,1001,51,GE DIRE
22582,02/01/2026,N0004,95,51,N,0,95980,"825719,9","6844933,25",0,G,0,ACCROCHE,0,1004,51,GE DIRE
8500,02/01/2026,N0004,96,51,N,0,96984,"826674,45","6844626,76",0,G,0,ACCROCHE,0,1001,51,GE DIRE
18479,02/01/2026,N0004,97,51,N,0,97985,"827604,59","6844270,64",0,G,0,ACCROCHE,0,1002,51,GE DIRE
27077,02/01/2026,N0004,98,51,N,0,98987,"828503,39","6843825,49",0,G,0,ACCROCHE,0,1003,51,GE DIRE
39606,02/01/2026,N0004,99,51,N,0,99990,"829400,41","6843379,65",0,G,0,ACCROCHE,0,1000,51,GE DIRE
9140,02/01/2026,N0004,100,51,N,0,100990,"830295,72","6842935,65",0,G,0,ACCROCHE,0,964,51,GE DIRE
26319,02/01/2026,N0004,0,52,N,0,101954,"831157,84","6842507,07",0,G,0,ACCROCHE,0,999,52,GE DIRE
28755,02/01/2026,N0004,1,52,N,0,102953,"832053,61","6842064,72",0,G,0,ACCROCHE,0,1000,52,GE DIRE
49007,02/01/2026,N0004,2,52,N,0,103953,"832945,18","6841623,26",0,G,0,ACCROCHE,0,995,52,GE DIRE
8256,02/01/2026,N0004,3,52,N,0,104948,"833819,62","6841146,07",0,G,0,ACCROCHE,0,1083,52,GE DIRE
41079,02/01/2026,N0004,4,52,N,0,106031,"834793,83","6840784,92",0,G,0,ACCROCHE,0,994,52,GE DIRE
71473,02/01/2026,N0004,5,52,N,0,107025,"835765,77","6840624,29",0,G,0,ACCROCHE,0,995,52,GE DIRE
57682,02/01/2026,N0004,6,52,N,0,108020,"836727,82","6840363,77",0,G,0,ACCROCHE,0,1002,52,GE DIRE
48238,02/01/2026,N0004,7,52,N,0,109022,"837708,52","6840179,2",0,G,0,ACCROCHE,0,1016,52,GE DIRE
1505,02/01/2026,N0004,8,52,N,0,110038,"838690,93","6839978,94",0,G,0,ACCROCHE,0,999,52,GE DIRE
43518,02/01/2026,N0004,9,52,N,0,111037,"839670,95","6839788,87",0,G,0,ACCROCHE,0,1002,52,GE DIRE
23955,02/01/2026,N0004,10,52,N,0,112039,"840651,45","6839591,46",0,G,0,ACCROCHE,0,1000,52,GE DIRE
42604,02/01/2026,N0004,11,52,N,0,113039,"841531,07","6839173,75",0,G,0,ACCROCHE,0,1000,52,GE DIRE
54803,02/01/2026,N0004,12,52,N,0,114039,"842108,89",6838362,0,G,0,ACCROCHE,0,1000,52,GE DIRE
20817,02/01/2026,N0004,13,52,N,0,115039,"842847,2","6837692,56",0,G,0,ACCROCHE,0,1000,52,GE DIRE
36873,02/01/2026,N0004,14,52,N,0,116039,"843777,31","6837407,01",0,G,0,ACCROCHE,0,1000,52,GE DIRE
45886,02/01/2026,N0004,15,52,N,0,117039,"844764,08","6837557,55",0,G,0,ACCROCHE,0,1000,52,GE DIRE
8022,02/01/2026,N0004,16,52,N,0,118039,"845755,75","6837420,78",0,G,0,ACCROCHE,0,1000,52,GE DIRE
16171,02/01/2026,N0004,17,52,N,0,119039,"846619,1","6837771,64",0,G,0,ACCROCHE,0,788,52,GE DIRE
12050,02/01/2026,N0004,0,55,N,0,119827,"847229,87","6838261,17",0,G,0,ACCROCHE,0,1000,55,GE DIRE
42262,02/01/2026,N0004,1,55,N,0,120827,"847937,95","6838933,95",0,G,0,ACCROCHE,0,243,55,GE DIRE
2862,02/01/2026,N0004,2,55,N,0,121070,"848024,62",6839159,0,G,0,ACCROCHE,0,940,55,GE DIRE
58172,02/01/2026,N0004,3,55,N,0,122010,"848737,48","6839686,38",0,G,0,ACCROCHE,0,1000,55,GE DIRE
22065,02/01/2026,N0004,4,55,N,0,123010,"849730,68","6839591,91",0,G,0,ACCROCHE,0,1000,55,GE DIRE
28264,02/01/2026,N0004,5,55,N,0,124010,"850722,58","6839737,35",0,G,0,ACCROCHE,0,1000,55,GE DIRE
32208,02/01/2026,N0004,6,55,N,0,125010,"851701,51","6839908,36",0,G,0,ACCROCHE,0,1000,55,GE DIRE
50878,02/01/2026,N0004,7,55,N,0,126010,"852639,63","6840214,02",0,G,0,ACCROCHE,0,1000,55,GE DIRE
62531,02/01/2026,N0004,8,55,N,0,127010,853629,6840223,0,G,0,ACCROCHE,0,1000,55,GE DIRE
65464,02/01/2026,N0004,9,55,N,0,128010,"854619,92","6840104,34",0,G,0,ACCROCHE,0,1000,55,GE DIRE
17982,02/01/2026,N0004,10,55,N,0,129010,"855613,4","6839960,61",0,G,0,ACCROCHE,0,1000,55,GE DIRE
29184,02/01/2026,N0004,11,55,N,0,130010,"856603,43","6839933,53",0,G,0,ACCROCHE,0,1000,55,GE DIRE
39520,02/01/2026,N0004,12,55,N,0,131010,"857579,3","6840118,49",0,G,0,ACCROCHE,0,1000,55,GE DIRE
37464,02/01/2026,N0004,13,55,N,0,132010,"858521,66","6840459,29",0,G,0,ACCROCHE,0,1000,55,GE DIRE
56365,02/01/2026,N0004,14,55,N,0,133010,"859464,36","6840801,81",0,G,0,ACCROCHE,0,1000,55,GE DIRE
53856,02/01/2026,N0004,15,55,N,0,134010,"860422,85","6840742,85",0,G,0,ACCROCHE,0,1000,55,GE DIRE
70570,02/01/2026,N0004,16,55,N,0,135010,"861366,88","6840479,45",0,G,0,ACCROCHE,0,1000,55,GE DIRE
69867,02/01/2026,N0004,17,55,N,0,136010,862352,"6840657,81",0,G,0,ACCROCHE,0,1000,55,GE DIRE
57005,02/01/2026,N0004,18,55,N,0,137010,"863196,99","6841184,15",0,G,0,ACCROCHE,0,1000,55,GE DIRE
64343,02/01/2026,N0004,19,55,N,0,138010,"863998,29","6841795,54",0,G,0,ACCROCHE,0,1000,55,GE DIRE
15946,02/01/2026,N0004,20,55,N,0,139010,"864941,75","6842162,05",0,G,0,ACCROCHE,0,1000,55,GE DIRE
32308,02/01/2026,N0004,21,55,N,0,140010,"865883,95","6842533,73",0,G,0,ACCROCHE,0,1000,55,GE DIRE
19619,02/01/2026,N0004,22,55,N,0,141010,"866818,11","6842924,14",0,G,0,ACCROCHE,0,1000,55,GE DIRE
44108,02/01/2026,N0004,23,55,N,0,142010,"867759,12","6843302,24",0,G,0,ACCROCHE,0,1028,55,GE DIRE
44323,02/01/2026,N0004,24,55,N,0,143038,"868714,1","6843674,05",0,G,0,ACCROCHE,0,1002,55,GE DIRE
22934,02/01/2026,N0004,25,55,N,0,144040,"869467,68","6844297,3",0,G,0,ACCROCHE,0,1000,55,GE DIRE
15999,02/01/2026,N0004,26,55,N,0,145040,"869998,66","6845131,89",0,G,0,ACCROCHE,0,1040,55,GE DIRE
16545,02/01/2026,N0004,27,55,N,0,146080,"870512,54","6845990,79",0,G,0,ACCROCHE,0,960,55,GE DIRE
19724,02/01/2026,N0004,28,55,N,0,147040,"871358,62","6846309,12",0,G,0,ACCROCHE,0,997,55,GE DIRE
55709,02/01/2026,N0004,29,55,N,0,148037,"872346,27","6846173,13",0,G,0,ACCROCHE,0,999,55,GE DIRE
30772,02/01/2026,N0004,30,55,N,0,149036,"873325,68","6846347,03",0,G,0,ACCROCHE,0,747,55,GE DIRE
27784,02/01/2026,N0004,31,55,N,0,149783,"874063,3","6846440,91",0,G,0,ACCROCHE,0,747,55,GE DIRE
48424,02/01/2026,N0004,32,55,N,0,150530,"874788,52","6846621,83",0,G,0,ACCROCHE,0,748,55,GE DIRE
51571,02/01/2026,N0004,33,55,N,0,151278,"875512,54","6846815,96",0,G,0,ACCROCHE,0,759,55,GE DIRE
27277,02/01/2026,N0004,34,55,N,0,152037,"876245,05","6847007,99",0,G,0,ACCROCHE,0,992,55,GE DIRE
38653,02/01/2026,N0004,35,55,N,0,153029,"877205,34","6847257,86",0,G,0,ACCROCHE,0,1021,55,GE DIRE
16793,02/01/2026,N0004,36,55,N,0,154050,"878194,9","6847506,48",0,G,0,ACCROCHE,0,1000,55,GE DIRE
58923,02/01/2026,N0004,37,55,N,0,155050,"879179,5","6847688,91",0,G,0,ACCROCHE,0,990,55,GE DIRE
17785,02/01/2026,N0004,38,55,N,0,156040,"880078,48","6847770,27",0,G,0,ACCROCHE,0,591,55,GE DIRE
69895,02/01/2026,N0004,39,55,N,0,156631,"880669,85","6847834,32",0,G,0,ACCROCHE,0,1101,55,GE DIRE
42062,02/01/2026,N0004,40,55,N,0,157732,"881760,46","6847885,58",0,G,0,ACCROCHE,0,962,55,GE DIRE
46605,02/01/2026,N0004,41,55,N,0,158694,"882712,71","6848023,31",0,G,0,ACCROCHE,0,963,55,GE DIRE
32904,02/01/2026,N0004,42,55,N,0,159657,"883674,23","6848001,04",0,G,0,ACCROCHE,0,1000,55,GE DIRE
17200,02/01/2026,N0004,43,55,N,0,160657,"884659,97","6847886,56",0,G,0,ACCROCHE,0,967,55,GE DIRE
67923,02/01/2026,N0004,44,55,N,0,161624,"885629,74","6847937,97",0,G,0,ACCROCHE,0,984,55,GE DIRE
19992,02/01/2026,N0004,45,55,N,0,162608,"886458,18","6847540,92",0,G,0,ACCROCHE,0,1069,55,GE DIRE
1056,02/01/2026,N0004,46,55,N,0,163677,"887353,29","6846962,69",0,G,0,ACCROCHE,0,997,55,GE DIRE
22076,02/01/2026,N0004,47,55,N,0,164674,"888089,51","6846315,04",0,G,0,ACCROCHE,0,998,55,GE DIRE
41565,02/01/2026,N0004,48,55,N,0,165672,"889036,54","6846110,07",0,G,0,ACCROCHE,0,999,55,GE DIRE
10367,02/01/2026,N0004,49,55,N,0,166671,"890032,58","6846068,13",0,G,0,ACCROCHE,0,995,55,GE DIRE
37339,02/01/2026,N0004,50,55,N,0,167666,"891026,78","6846095,25",0,G,0,ACCROCHE,0,995,55,GE DIRE
1141,02/01/2026,N0004,51,55,N,0,168661,"891957,87","6846399,77",0,G,0,ACCROCHE,0,1016,55,GE DIRE
47128,02/01/2026,N0004,52,55,N,0,169677,"892896,79","6846693,99",0,G,0,ACCROCHE,0,1018,55,GE DIRE
36869,02/01/2026,N0004,53,55,N,0,170695,"893785,88","6846218,53",0,G,0,ACCROCHE,0,1016,55,GE DIRE
22713,02/01/2026,N0004,54,55,N,0,171711,"894783,24","6846031,66",0,G,0,ACCROCHE,0,994,55,GE DIRE
56350,02/01/2026,N0004,55,55,N,0,172705,"895743,55","6846228,96",0,G,0,ACCROCHE,0,1015,55,GE DIRE
34779,02/01/2026,N0004,56,55,N,0,173720,"896663,67","6846636,18",0,G,0,ACCROCHE,0,1000,55,GE DIRE
27214,02/01/2026,N0004,57,55,N,0,174720,"897659,71","6846687,81",0,G,0,ACCROCHE,0,1002,55,GE DIRE
55107,02/01/2026,N0004,58,55,N,0,175722,"898655,43","6846707,55",0,G,0,ACCROCHE,0,1000,55,GE DIRE
30723,02/01/2026,N0004,59,55,N,0,176722,"899550,39","6846302,55",0,G,0,ACCROCHE,0,920,55,GE DIRE
37193,02/01/2026,N0004,60,55,N,0,177642,"900439,9","6846167,71",0,G,0,ACCROCHE,0,1011,55,GE DIRE
49703,02/01/2026,N0004,61,55,N,0,178653,"901427,16","6846016,02",0,G,0,ACCROCHE,0,1027,55,GE DIRE
32390,02/01/2026,N0004,0,54,N,0,179680,"902407,87","6845712,28",0,G,0,ACCROCHE,0,1010,54,GE DIRE
56820,02/01/2026,N0004,1,54,N,0,180690,"903345,53","6845342,66",0,G,0,ACCROCHE,0,992,54,GE DIRE
9469,02/01/2026,N0004,2,54,N,0,181682,"904275,61","6844998,23",0,G,0,ACCROCHE,0,997,54,GE DIRE
59092,02/01/2026,N0004,3,54,N,0,182679,"905220,74","6844744,71",0,G,0,ACCROCHE,0,1001,54,GE DIRE
38781,02/01/2026,N0004,4,54,N,0,183680,"906215,93","6844787,1",0,G,0,ACCROCHE,0,1004,54,GE DIRE
5772,02/01/2026,N0004,5,54,N,0,184684,"907205,17","6844615,87",0,G,0,ACCROCHE,0,997,54,GE DIRE
51139,02/01/2026,N0004,6,54,N,0,185681,"908154,13","6844325,63",0,G,0,ACCROCHE,0,999,54,GE DIRE
47994,02/01/2026,N0004,7,54,N,0,186680,"908897,05","6843658,01",0,G,0,ACCROCHE,0,1008,54,GE DIRE
28935,02/01/2026,N0004,8,54,N,0,187688,"909687,89","6843043,97",0,G,0,ACCROCHE,0,993,54,GE DIRE
25271,02/01/2026,N0004,9,54,N,0,188681,"910583,35","6842631,35",0,G,0,ACCROCHE,0,993,54,GE DIRE
20588,02/01/2026,N0004,10,54,N,0,189674,"911557,58","6842751,71",0,G,0,ACCROCHE,0,773,54,GE DIRE
42839,02/01/2026,N0004,26,54,N,0,190447,"948732,47","6839183,55",0,G,0,ACCROCHE,0,1003,54,GE DIRE
28920,02/01/2026,N0004,27,54,N,0,191450,"949618,93","6838752,92",0,G,0,ACCROCHE,0,998,54,GE DIRE
51456,02/01/2026,N0004,28,54,N,0,192448,"950417,31","6838154,03",0,G,0,ACCROCHE,0,997,54,GE DIRE
12079,02/01/2026,N0004,29,54,N,0,193445,"951358,36","6837857,42",0,G,0,ACCROCHE,0,1000,54,GE DIRE
30894,02/01/2026,N0004,30,54,N,0,194445,"952349,22","6837763,93",0,G,0,ACCROCHE,0,1000,54,GE DIRE
72499,02/01/2026,N0004,31,54,N,0,195445,"953291,06","6837434,16",0,G,0,ACCROCHE,0,997,54,GE DIRE
42115,02/01/2026,N0004,32,54,N,0,196442,"954260,64","6837206,46",0,G,0,ACCROCHE,0,1004,54,GE DIRE
16665,02/01/2026,N0004,33,54,N,0,197446,"955170,23","6836802,37",0,G,0,ACCROCHE,0,998,54,GE DIRE
43002,02/01/2026,N0004,34,54,N,0,198444,"956084,39","6836415,09",0,G,0,ACCROCHE,0,1000,54,GE DIRE
16724,02/01/2026,N0004,35,54,N,0,199444,"957063,28",6836231,0,G,0,ACCROCHE,0,1001,54,GE DIRE
62240,02/01/2026,N0004,36,54,N,0,200445,"957995,43","6835869,47",0,G,0,ACCROCHE,0,997,54,GE DIRE
10703,02/01/2026,N0004,37,54,N,0,201442,"958967,59","6835679,29",0,G,0,ACCROCHE,0,998,54,GE DIRE
36428,02/01/2026,N0004,38,54,N,0,202440,"959966,55","6835666,55",0,G,0,ACCROCHE,0,1001,54,GE DIRE
42366,02/01/2026,N0004,39,54,N,0,203441,"960954,57","6835600,67",0,G,0,ACCROCHE,0,994,54,GE DIRE
4095,02/01/2026,N0004,40,54,N,0,204435,"961833,81","6836006,23",0,G,0,ACCROCHE,0,997,54,GE DIRE
34303,02/01/2026,N0004,41,54,N,0,205432,"962403,9","6836814,63",0,G,0,ACCROCHE,0,1004,54,GE DIRE
8442,02/01/2026,N0004,42,54,N,0,206436,963194,"6837406,49",0,G,0,ACCROCHE,0,1004,54,GE DIRE
2031,02/01/2026,N0004,43,54,N,0,207440,"964164,26","6837572,88",0,G,0,ACCROCHE,0,1001,54,GE DIRE
24300,02/01/2026,N0004,44,54,N,0,208441,"965108,22","6837287,14",0,G,0,ACCROCHE,0,1001,54,GE DIRE
33714,02/01/2026,N0004,45,54,N,0,209442,"966000,78","6836850,73",0,G,0,ACCROCHE,0,997,54,GE DIRE
43930,02/01/2026,N0004,46,54,N,0,210439,"966943,6","6836572,21",0,G,0,ACCROCHE,0,1000,54,GE DIRE
53275,02/01/2026,N0004,47,54,N,0,211439,"967938,41","6836644,93",0,G,0,ACCROCHE,0,1000,54,GE DIRE
72637,02/01/2026,N0004,48,54,N,0,212439,"968885,86","6836353,16",0,G,0,ACCROCHE,0,1000,54,GE DIRE
42186,02/01/2026,N0004,49,54,N,0,213439,"969706,63","6835787,2",0,G,0,ACCROCHE,0,1000,54,GE DIRE
37174,02/01/2026,N0004,50,54,N,0,214439,"970662,28","6835535,86",0,G,0,ACCROCHE,0,1000,54,GE DIRE
34849,02/01/2026,N0004,51,54,N,0,215439,"971636,71","6835724,44",0,G,0,ACCROCHE,0,1000,54,GE DIRE
54632,02/01/2026,N0004,52,54,N,0,216439,"972593,79","6836014,04",0,G,0,ACCROCHE,0,1000,54,GE DIRE
42485,02/01/2026,N0004,53,54,N,0,217439,"973465,42","6836490,91",0,G,0,ACCROCHE,0,1000,54,GE DIRE
12110,02/01/2026,N0004,54,54,N,0,218439,"974391,13","6836825,49",0,G,0,ACCROCHE,0,1000,54,GE DIRE
57933,02/01/2026,N0004,55,54,N,0,219439,"975389,68",6836870,0,G,0,ACCROCHE,0,1000,54,GE DIRE
42833,02/01/2026,N0004,56,54,N,0,220439,"976322,63","6837206,9",0,G,0,ACCROCHE,0,1000,54,GE DIRE
9644,02/01/2026,N0004,57,54,N,0,221439,"977232,76","6837619,53",0,G,0,ACCROCHE,0,1000,54,GE DIRE
50866,02/01/2026,N0004,58,54,N,0,222439,"978205,06","6837841,5",0,G,0,ACCROCHE,0,1000,54,GE DIRE
12836,02/01/2026,N0004,59,54,N,0,223439,"979138,77","6838166,94",0,G,0,ACCROCHE,0,1000,54,GE DIRE
60242,02/01/2026,N0004,60,54,N,0,224439,"979993,81","6838678,77",0,G,0,ACCROCHE,0,1000,54,GE DIRE
5367,02/01/2026,N0004,61,54,N,0,225439,"980771,74","6839306,34",0,G,0,ACCROCHE,0,1000,54,GE DIRE
34367,02/01/2026,N0004,62,54,N,0,226439,"981704,99","6839658,06",0,G,0,ACCROCHE,0,1000,54,GE DIRE
67265,02/01/2026,N0004,63,54,N,0,227439,"982658,87","6839957,94",0,G,0,ACCROCHE,0,1000,54,GE DIRE
27167,02/01/2026,N0004,64,54,N,0,228439,"983456,21","6840522,25",0,G,0,ACCROCHE,0,1000,54,GE DIRE
72360,02/01/2026,N0004,65,54,N,0,229439,"984311,22","6841007,96",0,G,0,ACCROCHE,0,263,54,GE DIRE
67391,02/01/2026,N0004,95,54,N,0,229702,"984551,09","6841107,17",0,G,0,ACCROCHE,0,171,54,GE DIRE
2485,02/01/2026,N0004,5,57,N,0,237479,"989529,62","6846758,43",0,G,0,ACCROCHE,0,838,57,GE DIRE
33879,02/01/2026,N0004,6,57,N,0,238317,"989893,9","6847489,13",0,G,0,ACCROCHE,0,991,57,GE DIRE
16095,02/01/2026,N0004,7,57,N,0,239308,"990274,23","6848397,66",0,G,0,ACCROCHE,0,996,57,GE DIRE
3111,02/01/2026,N0004,8,57,N,0,240304,"990732,26","6849282,31",0,G,0,ACCROCHE,0,1031,57,GE DIRE
22976,02/01/2026,N0004,9,57,N,0,241335,"991200,26","6850198,63",0,G,0,ACCROCHE,0,1321,57,GE DIRE
48679,02/01/2026,N0004,10,57,N,0,242656,"991241,2","6851445,38",0,G,0,ACCROCHE,0,1212,57,GE DIRE
48183,02/01/2026,N0004,11,57,N,0,243868,"992374,61","6851812,1",0,G,0,ACCROCHE,0,708,57,GE DIRE
68548,02/01/2026,N0004,12,57,N,0,244576,"993028,9","6852056,57",0,G,0,ACCROCHE,0,710,57,GE DIRE
3529,02/01/2026,N0004,13,57,N,0,245286,"993669,97","6852366,67",0,G,0,ACCROCHE,0,719,57,GE DIRE
48700,02/01/2026,N0004,14,57,N,0,246005,"994366,26","6852524,62",0,G,0,ACCROCHE,0,1003,57,GE DIRE
52638,02/01/2026,N0004,15,57,N,0,247008,"995344,36","6852390,44",0,G,0,ACCROCHE,0,992,57,GE DIRE
50049,02/01/2026,N0004,16,57,N,0,248000,"996327,85","6852385,51",0,G,0,ACCROCHE,0,994,57,GE DIRE
71567,02/01/2026,N0004,17,57,N,0,248994,"996923,36","6853142,66",0,G,0,ACCROCHE,0,1009,57,GE DIRE
44045,02/01/2026,N0004,18,57,N,0,250003,"997537,21","6853883,85",0,G,0,ACCROCHE,0,1002,57,GE DIRE
16633,02/01/2026,N0004,19,57,N,0,251005,"998342,02","6854468,61",0,G,0,ACCROCHE,0,1199,57,GE DIRE
8820,02/01/2026,N0004,20,57,N,0,252204,"999100,1","6855385,9",0,G,0,ACCROCHE,0,1179,57,GE DIRE
34690,02/01/2026,N0004,21,57,N,0,253383,"1000051,24","6856080,53",0,G,0,ACCROCHE,0,1227,57,GE DIRE
8854,02/01/2026,N0004,22,57,N,0,254610,"1001211,91","6856477,14",0,G,0,ACCROCHE,0,1226,57,GE DIRE
14509,02/01/2026,N0004,23,57,N,0,255836,"1002428,31","6856609,57",0,G,0,ACCROCHE,0,1226,57,GE DIRE
37831,02/01/2026,N0004,24,57,N,0,257062,"1003085,17","6857537,41",0,G,0,ACCROCHE,0,1255,57,GE DIRE
20836,02/01/2026,N0004,25,57,N,0,258317,"1004262,21","6857918,56",0,G,0,ACCROCHE,0,1009,57,GE DIRE
5588,02/01/2026,N0004,26,57,N,0,259326,"1005252,86","6858076,22",0,G,0,ACCROCHE,0,1013,57,GE DIRE
58211,02/01/2026,N0004,27,57,N,0,260339,"1006256,06","6858196,65",0,G,0,ACCROCHE,0,982,57,GE DIRE
37674,02/01/2026,N0004,28,57,N,0,261321,"1007149,65","6858591,33",0,G,0,ACCROCHE,0,1037,57,GE DIRE
39293,02/01/2026,N0004,29,57,N,0,262358,"1008162,31","6858700,46",0,G,0,ACCROCHE,0,1011,57,GE DIRE
36844,02/01/2026,N0004,30,57,N,0,263369,"1009121,1","6858962,01",0,G,0,ACCROCHE,0,957,57,GE DIRE
25876,02/01/2026,N0004,31,57,N,0,264326,"1009757,19","6859717,46",0,G,0,ACCROCHE,0,1049,57,GE DIRE
14987,02/01/2026,N0004,32,57,N,0,265375,"1010714,46","6859986,43",0,G,0,ACCROCHE,0,827,57,GE DIRE
34913,02/01/2026,N0005,44,39,N,0,0,"904913,45","6640907,51",0,I,0,ACCROCHE,1155,1155,39,DIRE
22613,02/01/2026,N0005,45,39,N,0,1155,"905923,77",6640581,0,I,0,ACCROCHE,993,993,39,DIRE
50790,02/01/2026,N0005,46,39,N,0,2148,"906814,57","6640495,17",0,I,0,ACCROCHE,1006,1006,39,DIRE
31327,02/01/2026,N0005,47,39,N,0,3154,"907497,47","6639814,07",0,I,0,ACCROCHE,1010,1010,39,DIRE
45762,02/01/2026,N0005,48,39,N,0,4164,"907743,55","6639876,2",0,I,0,ACCROCHE,979,979,39,DIRE
53282,02/01/2026,N0005,49,39,N,0,5143,"908352,28","6639507,58",0,I,0,ACCROCHE,1024,1024,39,DIRE
59884,02/01/2026,N0005,50,39,N,0,6167,"909035,54","6638874,95",0,I,0,ACCROCHE,960,960,39,DIRE
9313,02/01/2026,N0005,51,39,N,0,7127,"909990,01","6638818,15",0,I,0,ACCROCHE,1000,1000,39,DIRE
69744,02/01/2026,N0005,52,39,N,0,8127,"910985,41","6638761,29",0,I,0,ACCROCHE,1002,1002,39,DIRE
55645,02/01/2026,N0005,53,39,N,0,9129,"911926,01","6638722,01",0,I,0,ACCROCHE,1002,1002,39,DIRE
42558,02/01/2026,N0005,54,39,N,0,10131,"912887,23","6638447,5",0,I,0,ACCROCHE,1016,1016,39,DIRE
51113,02/01/2026,N0005,55,39,N,0,11147,"913861,15","6638165,54",0,I,0,ACCROCHE,990,990,39,DIRE
48966,02/01/2026,N0005,56,39,N,0,12137,"914811,19","6637891,49",0,I,0,ACCROCHE,984,984,39,DIRE
62814,02/01/2026,N0005,57,39,N,0,13121,915751,"6637608,15",0,I,0,ACCROCHE,1041,1041,39,DIRE
58821,02/01/2026,N0005,58,39,N,0,14162,"916230,76","6636708,69",0,I,0,ACCROCHE,958,958,39,DIRE
25614,02/01/2026,N0005,59,39,N,0,15120,"917002,43","6636153,69",0,I,0,ACCROCHE,996,996,39,DIRE
37479,02/01/2026,N0005,60,39,N,0,16116,"917810,04","6635574,31",0,I,0,ACCROCHE,997,997,39,DIRE
60976,02/01/2026,N0005,61,39,N,0,17113,"918744,87","6635249,18",0,I,0,ACCROCHE,997,997,39,DIRE
2409,02/01/2026,N0005,62,39,N,0,18110,"919734,58","6635185,12",0,I,0,ACCROCHE,999,999,39,DIRE
26042,02/01/2026,N0005,63,39,N,0,19109,"920730,59","6635157,64",0,I,0,ACCROCHE,1000,1000,39,DIRE
71633,02/01/2026,N0005,64,39,N,0,20109,"921558,44","6634736,78",0,I,0,ACCROCHE,885,885,39,DIRE
61970,02/01/2026,N0005,65,39,N,0,20994,"921633,69","6633872,55",0,I,0,ACCROCHE,1000,1000,39,DIRE
73400,02/01/2026,N0005,66,39,N,0,21994,"921896,36","6632942,68",0,I,0,ACCROCHE,1000,1000,39,DIRE
61337,02/01/2026,N0005,67,39,N,0,22994,"922527,49","6632180,87",0,I,0,ACCROCHE,1000,1000,39,DIRE
34064,02/01/2026,N0005,68,39,N,0,23994,"923224,58","6631478,47",0,I,0,ACCROCHE,1000,1000,39,DIRE
41449,02/01/2026,N0005,69,39,N,0,24994,923551,"6630593,78",0,I,0,ACCROCHE,1000,1000,39,DIRE
15163,02/01/2026,N0005,70,39,N,0,25994,"923441,3","6629644,17",0,I,0,ACCROCHE,1227,1227,39,DIRE
63949,02/01/2026,N0005,71,39,N,0,27221,"923167,7","6628514,66",0,I,0,ACCROCHE,640,640,39,DIRE
63796,02/01/2026,N0005,72,39,N,0,27861,"923489,85","6627959,99",0,I,0,ACCROCHE,797,797,39,DIRE
53600,02/01/2026,N0005,73,39,N,0,28658,"923862,48","6627260,61",0,I,0,ACCROCHE,1003,1003,39,DIRE
38184,02/01/2026,N0005,74,39,N,0,29661,"923907,67","6626275,09",0,I,0,ACCROCHE,997,997,39,DIRE
29596,02/01/2026,N0005,75,39,N,0,30658,"923874,65","6625290,6",0,I,0,ACCROCHE,1006,1006,39,DIRE
69378,02/01/2026,N0005,76,39,N,0,31664,"923994,98","6624295,82",0,I,0,ACCROCHE,991,991,39,DIRE
5434,02/01/2026,N0005,77,39,N,0,32655,"924455,08","6623430,63",0,I,0,ACCROCHE,971,971,39,DIRE
5129,02/01/2026,N0005,78,39,N,0,33626,"924959,54","6622712,98",0,I,0,ACCROCHE,989,989,39,DIRE
39383,02/01/2026,N0005,79,39,N,0,34615,"925189,51","6621998,63",0,I,0,ACCROCHE,1004,1004,39,DIRE
67140,02/01/2026,N0005,80,39,N,0,35619,"924910,71","6621141,25",0,I,0,ACCROCHE,1005,1005,39,DIRE
5334,02/01/2026,N0005,81,39,N,0,36624,"924836,64","6620166,13",0,I,0,ACCROCHE,1006,1006,39,DIRE
33737,02/01/2026,N0005,82,39,N,0,37630,"925269,2","6619314,28",0,I,0,ACCROCHE,872,872,39,DIRE
27825,02/01/2026,N0005,83,39,N,0,38502,"925640,31","6618640,75",0,I,0,ACCROCHE,976,976,39,DIRE
35569,02/01/2026,N0005,84,39,N,0,39478,"926270,93","6618048,67",0,I,0,ACCROCHE,1022,1022,39,DIRE
173,02/01/2026,N0005,85,39,N,0,40500,"926400,13","6617116,85",0,I,0,ACCROCHE,1002,1002,39,DIRE
17720,02/01/2026,N0005,86,39,N,0,41502,"926682,55","6616167,45",0,I,0,ACCROCHE,1005,1005,39,DIRE
15542,02/01/2026,N0005,87,39,N,0,42507,"926537,85","6615181,28",0,I,0,ACCROCHE,1001,1001,39,DIRE
23186,02/01/2026,N0005,88,39,N,0,43508,"926239,16","6614246,06",0,I,0,ACCROCHE,773,773,39,DIRE
51225,02/01/2026,N0005,89,39,N,0,44281,"926086,78","6613480,61",0,I,0,ACCROCHE,578,578,39,DIRE
19123,02/01/2026,N0005,90,39,N,0,44859,"926578,5","6613243,45",0,I,0,ACCROCHE,1034,1010,39,DIRE
31462,02/01/2026,N0005,91,39,N,0,45893,"927440,68","6612825,7",0,I,0,ACCROCHE,758,758,39,DIRE
55880,02/01/2026,N0005,92,39,N,0,46651,928076,"6612561,7",0,I,0,ACCROCHE,771,771,39,DIRE
23413,02/01/2026,N0005,93,39,N,0,47422,"928732,81","6612529,53",0,I,0,ACCROCHE,992,992,39,DIRE
22121,02/01/2026,N0005,94,39,N,0,48414,"929394,35","6611805,92",0,I,0,ACCROCHE,951,951,39,DIRE
46583,02/01/2026,N0005,95,39,N,0,49365,"930222,1","6611356,22",0,I,0,ACCROCHE,866,866,39,DIRE
12210,02/01/2026,N0005,96,39,N,0,50231,"930718,81","6610692,74",0,I,0,ACCROCHE,904,904,39,DIRE
66648,02/01/2026,N0005,97,39,N,0,51135,"931042,04","6609886,07",0,I,0,ACCROCHE,893,891,39,DIRE
68574,02/01/2026,N0005,98,39,N,0,52028,"931149,19","6609048,1",0,I,0,ACCROCHE,983,983,39,DIRE
63544,02/01/2026,N0005,99,39,N,0,53011,"931190,91","6608142,6",0,I,0,ACCROCHE,1033,1033,39,DIRE
72409,02/01/2026,N0005,100,39,N,0,54044,"931961,45","6608335,31",0,I,0,ACCROCHE,993,993,39,DIRE
44639,02/01/2026,N0005,101,39,N,0,55037,"931651,77","6607490,35",0,I,0,ACCROCHE,990,990,39,DIRE
33748,02/01/2026,N0005,102,39,N,0,56027,"931939,48","6606592,62",0,I,0,ACCROCHE,996,996,39,DIRE
57905,02/01/2026,N0005,103,39,N,0,57023,"932231,43","6605677,39",0,I,0,ACCROCHE,881,881,39,DIRE
56245,02/01/2026,N0005,104,39,N,0,57904,"932296,55","6604808,83",0,I,0,ACCROCHE,1014,1014,39,DIRE
13838,02/01/2026,N0005,105,39,N,0,58918,"932254,32","6603826,25",0,I,0,ACCROCHE,933,933,39,DIRE
33472,02/01/2026,N0005,106,39,N,0,59851,"932608,57","6603502,6",0,I,0,ACCROCHE,1039,1039,39,DIRE
42986,02/01/2026,N0005,107,39,N,0,60890,"933398,19","6603834,25",0,I,0,ACCROCHE,1035,1035,39,DIRE
26482,02/01/2026,N0005,108,39,N,0,61925,"933318,48","6603246,19",0,I,0,ACCROCHE,1067,1067,39,DIRE
6742,02/01/2026,N0005,109,39,N,0,62992,"933680,3","6602611,14",0,I,0,ACCROCHE,716,716,39,DIRE
15632,02/01/2026,N0005,110,39,N,0,63708,"934288,45","6602893,94",0,I,0,ACCROCHE,1068,1068,39,DIRE
37385,02/01/2026,N0005,111,39,N,0,64776,"934979,74","6602302,32",0,I,0,ACCROCHE,987,993,39,DIRE
5641,02/01/2026,N0005,112,39,N,0,65763,"935117,39","6601355,05",0,I,0,ACCROCHE,500,500,39,DIRE
40207,02/01/2026,N0019,54,52,N,0,10872,"870915,55","6762064,89",0,I,0,ACCROCHE,85,85,52,DIRE
39354,02/01/2026,N0019,55,52,N,0,10957,"870907,92","6761978,06",0,I,0,ACCROCHE,941,941,52,DIRE
37437,02/01/2026,N0019,56,52,N,0,11898,"871003,31","6760992,55",0,I,0,ACCROCHE,990,990,52,DIRE
9512,02/01/2026,N0019,57,52,N,0,12888,"871088,98","6760062,16",0,I,0,ACCROCHE,1006,1006,52,DIRE
28927,02/01/2026,N0019,58,52,N,0,13894,"871195,55","6759125,27",0,I,0,ACCROCHE,981,981,52,DIRE
6315,02/01/2026,N0019,59,52,N,0,14875,"871946,44","6758520,53",0,I,0,ACCROCHE,996,996,52,DIRE
71615,02/01/2026,N0019,60,52,N,0,15871,"872570,5","6757766,77",0,I,0,ACCROCHE,992,992,52,DIRE
65386,02/01/2026,N0019,61,52,N,0,16863,"873061,68","6756882,43",0,I,0,ACCROCHE,988,988,52,DIRE
59448,02/01/2026,N0019,62,52,N,0,17851,"873448,25","6755977,32",0,I,0,ACCROCHE,1002,1002,52,DIRE
2005,02/01/2026,N0019,63,52,N,0,18853,"873660,75","6755057,74",0,I,0,ACCROCHE,1005,1012,52,DIRE
6872,02/01/2026,N0019,64,52,N,0,19858,"874382,02","6754602,06",0,I,0,ACCROCHE,1007,1007,52,DIRE
11223,02/01/2026,N0019,65,52,N,0,20865,"874145,48","6753780,25",0,I,0,ACCROCHE,1024,995,52,DIRE
16011,02/01/2026,N0019,66,52,N,0,21889,"874585,97","6753383,28",0,I,0,ACCROCHE,1013,1012,52,DIRE
12178,02/01/2026,N0019,67,52,N,0,22902,"875323,24","6752981,94",0,D,0,ACCROCHE,1104,0,52,DIRE
46755,02/01/2026,N0019,68,52,N,0,24006,876302,6753438,0,I,0,ACCROCHE,1011,1011,52,DIRE
36499,02/01/2026,N0019,69,52,N,0,25017,"877272,05","6753453,76",0,I,0,ACCROCHE,990,990,52,DIRE
64259,02/01/2026,N0019,70,52,N,0,26007,"878264,06","6753458,16",0,I,0,ACCROCHE,1001,1001,52,DIRE
65646,02/01/2026,N0019,71,52,N,0,27008,"879112,92","6753273,48",0,I,0,ACCROCHE,1001,1001,52,DIRE
39195,02/01/2026,N0019,72,52,N,0,28009,"880042,72","6752916,88",0,I,0,ACCROCHE,1010,1010,52,DIRE
44422,02/01/2026,N0019,73,52,N,0,29019,"880987,74","6752606,57",0,I,0,ACCROCHE,989,989,52,DIRE
20561,02/01/2026,N0019,74,52,N,0,30008,"881884,56","6752406,26",0,I,0,ACCROCHE,1000,1000,52,DIRE
65021,02/01/2026,N0019,75,52,N,0,31008,"882853,51","6752329,79",0,I,0,ACCROCHE,1002,1002,52,DIRE
56981,02/01/2026,N0019,76,52,N,0,32010,"883871,66","6752109,04",0,I,0,ACCROCHE,999,999,52,DIRE
26502,02/01/2026,N0019,77,52,N,0,33009,"884602,22","6751525,1",0,I,0,ACCROCHE,1010,1010,52,DIRE
34183,02/01/2026,N0019,78,52,N,0,34019,"885260,3","6750640,68",0,I,0,ACCROCHE,962,962,52,DIRE
72541,02/01/2026,N0019,79,52,N,0,34981,"885655,71","6749868,37",0,I,0,ACCROCHE,991,991,52,DIRE
54473,02/01/2026,N0019,80,52,N,0,35972,"886373,14","6749294,27",0,I,0,ACCROCHE,1001,1001,52,DIRE
30850,02/01/2026,N0019,81,52,N,0,36973,"887347,19","6749058,22",0,I,0,ACCROCHE,1000,1000,52,DIRE
41642,02/01/2026,N0019,82,52,N,0,37973,"888318,17","6748815,91",0,I,0,ACCROCHE,999,999,52,DIRE
13980,02/01/2026,N0019,83,52,N,0,38972,"889289,08","6748583,61",0,I,0,ACCROCHE,1001,1001,52,DIRE
5411,02/01/2026,N0019,84,52,N,0,39973,"890286,24","6748523,01",0,I,0,ACCROCHE,1000,1000,52,DIRE
34703,02/01/2026,N0019,85,52,N,0,40973,"891229,09","6748317,61",0,I,0,ACCROCHE,999,999,52,DIRE
1812,02/01/2026,N0019,86,52,N,0,41972,"891733,61","6747503,66",0,I,0,ACCROCHE,1000,1000,52,DIRE
13982,02/01/2026,N0019,87,52,N,0,42972,"892492,69","6746871,49",0,I,0,ACCROCHE,1000,1000,52,DIRE
14290,02/01/2026,N0019,88,52,N,0,43972,"893394,5","6746452,34",0,I,0,ACCROCHE,1010,1010,52,DIRE
46818,02/01/2026,N0019,89,52,N,0,44982,"894181,8","6745878,04",0,I,0,ACCROCHE,990,990,52,DIRE
15111,02/01/2026,N0019,90,52,N,0,45972,"895021,02","6745671,46",0,I,0,ACCROCHE,1003,1003,52,DIRE
35295,02/01/2026,N0019,91,52,N,0,46975,"895971,85","6745969,22",0,I,0,ACCROCHE,1001,1001,52,DIRE
24228,02/01/2026,N0019,92,52,N,0,47976,"896941,44","6746046,97",0,I,0,ACCROCHE,1000,1000,52,DIRE
58350,02/01/2026,N0019,93,52,N,0,48976,"897793,54","6745541,67",0,I,0,ACCROCHE,992,992,52,DIRE
42402,02/01/2026,N0019,94,52,N,0,49968,"898687,67","6745088,1",0,I,0,ACCROCHE,1008,1008,52,DIRE
42950,02/01/2026,N0019,95,52,N,0,50976,"899579,57","6744726,2",0,I,0,ACCROCHE,1006,1006,52,DIRE
51901,02/01/2026,N0019,96,52,N,0,51982,"900556,33",6744523,0,I,0,ACCROCHE,139,139,52,DIRE
53165,02/01/2026,N0019,0,70,N,0,52121,"900695,4","6744488,14",0,I,0,ACCROCHE,992,992,70,DIRE
33224,02/01/2026,N0019,1,70,N,0,53113,"901648,01","6744500,2",0,I,0,ACCROCHE,996,996,70,DIRE
50865,02/01/2026,N0019,2,70,N,0,54109,"902609,84","6744435,9",0,I,0,ACCROCHE,1010,1010,70,DIRE
35530,02/01/2026,N0019,3,70,N,0,55119,"903269,81","6743680,42",0,I,0,ACCROCHE,988,988,70,DIRE
47072,02/01/2026,N0019,4,70,N,0,56107,"904092,99","6743145,52",0,I,0,ACCROCHE,996,996,70,DIRE
3910,02/01/2026,N0019,5,70,N,0,57103,"905042,41","6742860,96",0,I,0,ACCROCHE,998,998,70,DIRE
69189,02/01/2026,N0019,6,70,N,0,58101,"906000,2","6742618,18",0,I,0,ACCROCHE,995,995,70,DIRE
9424,02/01/2026,N0019,7,70,N,0,59096,"906929,17","6742590,59",0,I,0,ACCROCHE,985,985,70,DIRE
25877,02/01/2026,N0019,8,70,N,0,60081,"907677,19","6742038,72",0,I,0,ACCROCHE,972,972,70,DIRE
27409,02/01/2026,N0019,9,70,N,0,61053,"908198,25","6741246,1",0,I,0,ACCROCHE,1006,1006,70,DIRE
64679,02/01/2026,N0019,10,70,N,0,62059,"909087,89","6741100,32",0,I,0,ACCROCHE,1002,1002,70,DIRE
22820,02/01/2026,N0019,11,70,N,0,63061,"910055,68","6740907,84",0,I,0,ACCROCHE,1001,1001,70,DIRE
41406,02/01/2026,N0019,12,70,N,0,64062,"910901,22","6740391,63",0,I,0,ACCROCHE,1003,1003,70,DIRE
37404,02/01/2026,N0019,13,70,N,0,65065,"911821,01","6740001,32",0,I,0,ACCROCHE,998,998,70,DIRE
35947,02/01/2026,N0019,14,70,N,0,66063,"912739,47","6739623,53",0,I,0,ACCROCHE,999,999,70,DIRE
39320,02/01/2026,N0019,15,70,N,0,67062,"913676,92","6739481,59",0,I,0,ACCROCHE,996,996,70,DIRE
32371,02/01/2026,N0019,16,70,N,0,68058,"914665,93","6739431,74",0,I,0,ACCROCHE,998,998,70,DIRE
13937,02/01/2026,N0019,17,70,N,0,69056,"915618,19","6739141,92",0,I,0,ACCROCHE,1001,1001,70,DIRE
8795,02/01/2026,N0019,18,70,N,0,70057,"916467,2","6738627,5",0,I,0,ACCROCHE,1004,1004,70,DIRE
309,02/01/2026,N0019,19,70,N,0,71061,"917329,94","6738244,88",0,I,0,ACCROCHE,997,997,70,DIRE
43629,02/01/2026,N0019,20,70,N,0,72058,"918310,43","6738320,96",0,I,0,ACCROCHE,1000,1000,70,DIRE
70503,02/01/2026,N0019,21,70,N,0,73058,"919309,05","6738278,41",0,I,0,ACCROCHE,998,998,70,DIRE
2235,02/01/2026,N0019,22,70,N,0,74056,"920187,21","6737841,01",0,I,0,ACCROCHE,1008,1008,70,DIRE
63326,02/01/2026,N0019,23,70,N,0,75064,"921120,97","6737457,25",0,I,0,ACCROCHE,984,984,70,DIRE
1526,02/01/2026,N0019,24,70,N,0,76048,"922040,86","6737110,34",0,I,0,ACCROCHE,958,958,70,DIRE
5257,02/01/2026,N0019,25,70,N,0,77006,"922971,36","6736892,05",0,I,0,ACCROCHE,994,994,70,DIRE
60564,02/01/2026,N0019,26,70,N,0,78000,"923938,49","6736696,79",0,I,0,ACCROCHE,1003,1003,70,DIRE
68873,02/01/2026,N0019,27,70,N,0,79003,"924831,2","6736275,76",0,I,0,ACCROCHE,978,978,70,DIRE
35260,02/01/2026,N0019,28,70,N,0,79981,"925737,49","6736539,43",0,I,0,ACCROCHE,999,999,70,DIRE
29,02/01/2026,N0019,29,70,N,0,80980,"926731,44","6736631,85",0,I,0,ACCROCHE,1011,961,70,DIRE
42703,02/01/2026,N0019,30,70,N,0,81991,"927399,66","6737191,21",0,D,0,ACCROCHE,1170,0,70,DIRE
15867,02/01/2026,N0019,31,70,N,0,83161,"928536,74","6737427,01",0,D,0,ACCROCHE,1170,0,70,DIRE
66726,02/01/2026,N0019,32,70,N,0,84331,"929701,31","6737373,97",0,D,0,ACCROCHE,1170,0,70,DIRE
19701,02/01/2026,N0019,33,70,N,0,85501,"930789,95","6737024,02",0,D,0,ACCROCHE,1170,0,70,DIRE
67422,02/01/2026,N0019,34,70,N,0,86671,"931540,41","6736140,87",0,D,0,ACCROCHE,1170,0,70,DIRE
64535,02/01/2026,N0019,35,70,N,0,87841,"932144,9","6735143,8",0,D,0,ACCROCHE,1170,0,70,DIRE
32493,02/01/2026,N0019,36,70,N,0,89011,"932741,99","6734109,16",0,D,0,ACCROCHE,999,0,70,DIRE
31881,02/01/2026,N0019,37,70,N,0,90010,"933269,43","6733295,43",0,D,0,ACCROCHE,994,0,70,DIRE
30139,02/01/2026,N0019,38,70,N,0,91004,"933976,4","6732591,79",0,D,0,ACCROCHE,1001,0,70,DIRE
26830,02/01/2026,N0019,39,70,N,0,92005,"934828,25","6732120,28",0,D,0,ACCROCHE,1130,0,70,DIRE
68434,02/01/2026,N0019,40,70,N,0,93135,"935781,58","6731867,99",0,D,0,ACCROCHE,1000,0,70,DIRE
52843,02/01/2026,N0019,41,70,N,0,94135,"936577,61","6731127,58",0,D,0,ACCROCHE,989,0,70,DIRE
37907,02/01/2026,N0019,42,70,N,0,95124,"937350,92","6730518,39",0,I,0,ACCROCHE,1017,1017,70,DIRE
48335,02/01/2026,N0019,43,70,N,0,96141,"938241,37","6730050,97",0,I,0,ACCROCHE,1018,1018,70,DIRE
32594,02/01/2026,N0019,44,70,N,0,97159,"939177,42","6729771,78",0,I,0,ACCROCHE,1009,1009,70,DIRE
6241,02/01/2026,N0019,45,70,N,0,98168,"940148,95","6729682,56",0,I,0,ACCROCHE,1009,1009,70,DIRE
22502,02/01/2026,N0019,46,70,N,0,99177,"941141,89","6729882,18",0,I,0,ACCROCHE,964,964,70,DIRE
68891,02/01/2026,N0019,47,70,N,0,100141,"942076,98","6730098,34",0,I,0,ACCROCHE,1030,1030,70,DIRE
28838,02/01/2026,N0019,48,70,N,0,101171,"943021,19","6730428,42",0,I,0,ACCROCHE,993,993,70,DIRE
65971,02/01/2026,N0019,49,70,N,0,102164,"943781,41","6731053,59",0,I,0,ACCROCHE,998,998,70,DIRE
12204,02/01/2026,N0019,50,70,N,0,103162,"944363,01","6731855,56",0,I,0,ACCROCHE,980,980,70,DIRE
24674,02/01/2026,N0019,51,70,N,0,104142,"945272,79","6731820,89",0,I,0,ACCROCHE,1002,1002,70,DIRE
32942,02/01/2026,N0019,52,70,N,0,105144,"946218,41","6731916,2",0,I,0,ACCROCHE,983,983,70,DIRE
13582,02/01/2026,N0019,53,70,N,0,106127,"947087,03","6732314,6",0,I,0,ACCROCHE,994,994,70,DIRE
68077,02/01/2026,N0019,54,70,N,0,107121,"947890,21","6732883,9",0,I,0,ACCROCHE,1011,1011,70,DIRE
87,02/01/2026,N0019,55,70,N,0,108132,"948742,15","6733392,73",0,I,0,ACCROCHE,991,991,70,DIRE
57490,02/01/2026,N0019,56,70,N,0,109123,"949627,23","6733778,71",0,I,0,ACCROCHE,992,992,70,DIRE
18333,02/01/2026,N0019,57,70,N,0,110115,"950472,03","6734296,87",0,I,0,ACCROCHE,992,992,70,DIRE
53721,02/01/2026,N0019,58,70,N,0,111107,"951354,37","6734736,35",0,I,0,ACCROCHE,986,986,70,DIRE
17655,02/01/2026,N0019,59,70,N,0,112093,"951949,75","6734081,53",0,I,0,ACCROCHE,996,996,70,DIRE
71489,02/01/2026,N0019,60,70,N,0,113089,"952751,87","6734275,94",0,I,0,ACCROCHE,997,997,70,DIRE
55751,02/01/2026,N0019,61,70,N,0,114086,"953467,41","6734897,85",0,I,0,ACCROCHE,990,990,70,DIRE
45261,02/01/2026,N0019,62,70,N,0,115076,"953822,64","6735629,87",0,I,0,ACCROCHE,990,990,70,DIRE
17814,02/01/2026,N0019,63,70,N,0,116066,"954719,25","6736024,89",0,I,0,ACCROCHE,991,991,70,DIRE
3699,02/01/2026,N0019,64,70,N,0,117057,"955661,33","6736329,01",0,I,0,ACCROCHE,991,991,70,DIRE
26985,02/01/2026,N0019,65,70,N,0,118048,"956597,71","6736663,71",0,I,0,ACCROCHE,1015,1015,70,DIRE
71116,02/01/2026,N0019,66,70,N,0,119063,"957578,4","6737041,48",0,D,0,ACCROCHE,1030,0,70,DIRE
2003,02/01/2026,N0019,67,70,N,0,120093,"958270,41","6737794,78",0,D,0,ACCROCHE,1000,0,70,DIRE
609,02/01/2026,N0019,68,70,N,0,121093,"959185,65","6738196,91",0,D,0,ACCROCHE,1000,0,70,DIRE
57304,02/01/2026,N0019,69,70,N,0,122093,"960106,2","6738584,36",0,D,0,ACCROCHE,958,0,70,DIRE
38639,02/01/2026,N0019,70,70,N,0,123051,"961045,12","6738754,73",0,D,0,ACCROCHE,964,0,70,DIRE
50937,02/01/2026,N0019,71,70,N,0,124015,"962031,88",6738919,0,D,0,ACCROCHE,994,0,70,DIRE
56905,02/01/2026,N0019,72,70,N,0,125009,"962975,36","6738682,07",0,D,0,ACCROCHE,995,0,70,DIRE
33986,02/01/2026,N0019,73,70,N,0,126004,"963539,77","6737881,81",0,D,0,ACCROCHE,1000,0,70,DIRE
60001,02/01/2026,N0019,74,70,N,0,127004,"963799,2","6736918,36",0,D,0,ACCROCHE,1241,0,70,DIRE
37683,02/01/2026,N0019,75,70,N,0,128245,"964342,7","6735808,65",0,D,0,ACCROCHE,987,0,70,DIRE
15962,02/01/2026,N0019,76,70,N,0,129232,"965088,78","6735226,99",0,D,0,ACCROCHE,992,0,70,DIRE
69773,02/01/2026,N0019,77,70,N,0,130224,"966064,58","6735139,46",0,D,0,ACCROCHE,993,0,70,DIRE
59243,02/01/2026,N0019,78,70,N,0,131217,"966985,22","6735506,93",0,D,0,ACCROCHE,996,0,70,DIRE
36333,02/01/2026,N0019,79,70,N,0,132213,"967769,24","6734999,34",0,D,0,ACCROCHE,989,0,70,DIRE
51174,02/01/2026,N0019,80,70,N,0,133202,"968485,44","6734330,43",0,D,0,ACCROCHE,994,0,70,DIRE
54648,02/01/2026,N0019,81,70,N,0,134196,"969317,7","6733795,97",0,D,0,ACCROCHE,993,0,70,DIRE
54599,02/01/2026,N0019,82,70,N,0,135189,"969843,16","6732978,27",0,D,0,ACCROCHE,990,0,70,DIRE
18855,02/01/2026,N0019,83,70,N,0,136179,"970793,12","6733016,3",0,D,0,ACCROCHE,995,0,70,DIRE
71090,02/01/2026,N0019,84,70,N,0,137174,"971584,4","6732476,13",0,D,0,ACCROCHE,975,0,70,DIRE
14900,02/01/2026,N0019,85,70,N,0,138149,"972503,22","6732170,18",0,D,0,ACCROCHE,970,0,70,DIRE
13221,02/01/2026,N0019,86,70,N,0,139119,"973358,38","6731747,18",0,D,0,ACCROCHE,972,0,70,DIRE
49066,02/01/2026,N0019,87,70,N,0,140091,"974126,63","6731175,41",0,D,0,ACCROCHE,973,0,70,DIRE
42679,02/01/2026,N0019,88,70,N,0,141064,"975044,76","6730872,6",0,D,0,ACCROCHE,973,0,70,DIRE
40722,02/01/2026,N0019,89,70,N,0,142037,"975874,62","6730387,75",0,D,0,ACCROCHE,971,0,70,DIRE
51523,02/01/2026,N0019,90,70,N,0,143008,"976557,23","6729738,61",0,D,0,ACCROCHE,972,0,70,DIRE
20387,02/01/2026,N0019,91,70,N,0,143980,"977519,03","6729644,67",0,D,0,ACCROCHE,975,0,70,DIRE
3406,02/01/2026,N0019,92,70,N,0,144955,"978457,46","6729410,55",0,D,0,ACCROCHE,994,0,70,DIRE
4113,02/01/2026,N0019,93,70,N,0,145949,"979342,79","6728999,28",0,D,0,ACCROCHE,996,0,70,DIRE
68593,02/01/2026,N0019,94,70,N,0,146945,"980028,91","6728287,22",0,D,0,ACCROCHE,994,0,70,DIRE
1541,02/01/2026,N0019,95,70,N,0,147939,"980616,82","6727489,14",0,D,0,ACCROCHE,989,0,70,DIRE
38802,02/01/2026,N0019,96,70,N,0,148928,"981526,31","6727169,15",0,D,0,ACCROCHE,997,0,70,DIRE
58565,02/01/2026,N0019,97,70,N,0,149925,"982502,81","6727358,18",0,D,0,ACCROCHE,989,0,70,DIRE
14425,02/01/2026,N0019,98,70,N,0,150914,"983407,26","6727748,12",0,D,0,ACCROCHE,994,0,70,DIRE
2014,02/01/2026,N0019,99,70,N,0,151908,"984368,04","6727981,31",0,D,0,ACCROCHE,971,0,70,DIRE
27876,02/01/2026,N0019,0,90,N,0,152879,"985330,71","6728105,89",0,I,0,ACCROCHE,1077,1077,90,DIRE
24477,02/01/2026,N0019,1,90,N,0,153956,"986022,45","6728909,61",0,I,0,ACCROCHE,989,989,90,DIRE
67159,02/01/2026,N0019,2,90,N,0,154945,"986976,22","6728947,64",0,I,0,ACCROCHE,993,993,90,DIRE
8476,02/01/2026,N0019,3,90,N,0,155938,"987938,16","6728939,7",0,I,0,ACCROCHE,994,995,90,DIRE
39683,02/01/2026,N0019,4,90,N,0,156932,"988761,21","6728608,45",0,D,0,ACCROCHE,992,0,90,DIRE
1552,02/01/2026,N0019,5,90,N,0,157924,"989341,35","6727861,07",0,D,0,ACCROCHE,921,0,90,DIRE
56805,02/01/2026,N0019,6,90,N,0,158845,"990185,23","6727499,87",0,D,0,ACCROCHE,984,0,90,DIRE
12732,02/01/2026,N0019,7,90,N,0,159829,"991172,45","6727357,54",0,D,0,ACCROCHE,979,0,90,DIRE
32656,02/01/2026,N0019,8,90,N,0,160808,"992088,34","6727655,5",0,D,0,ACCROCHE,997,0,90,DIRE
19396,02/01/2026,N0019,9,90,N,0,161805,"992907,92","6727159,79",0,I,0,ACCROCHE,1000,1000,90,DIRE
32248,02/01/2026,N0019,10,90,N,0,162805,"993562,62","6726496,42",0,I,0,ACCROCHE,1000,1000,90,DIRE
28795,02/01/2026,N0019,11,90,N,0,163805,"994531,36","6726275,14",0,I,0,ACCROCHE,998,998,90,DIRE
63374,02/01/2026,N0019,12,90,N,0,164803,"995255,71","6725600,64",0,I,0,ACCROCHE,999,999,90,DIRE
65903,02/01/2026,N0019,13,90,N,0,165802,"995921,39","6724857,19",0,I,0,ACCROCHE,998,998,90,DIRE
66580,02/01/2026,N0019,14,90,N,0,166800,"996545,82","6724078,08",0,I,0,ACCROCHE,1000,1000,90,DIRE
62678,02/01/2026,N0019,15,90,N,0,167800,"996971,67","6723193,69",0,D,0,ACCROCHE,1000,0,90,DIRE
37425,02/01/2026,N0019,16,90,N,0,168800,"997316,17","6722255,95",0,D,0,ACCROCHE,1000,0,90,DIRE
23360,02/01/2026,N0019,17,90,N,0,169800,"997738,01","6721361,82",0,D,0,ACCROCHE,1000,0,90,DIRE
16404,02/01/2026,N0019,18,90,N,0,170800,"998244,14","6720503,07",0,D,0,ACCROCHE,1000,0,90,DIRE
6664,02/01/2026,N0019,19,90,N,0,171800,"998700,38","6719616,15",0,D,0,ACCROCHE,1000,0,90,DIRE
37817,02/01/2026,N0019,20,90,N,0,172800,"999123,77","6718712,8",0,D,0,ACCROCHE,1200,0,90,DIRE
17192,02/01/2026,N0019,67,52,N,0,22865,"875320,47","6752986,54",0,G,0,ACCROCHE,0,1117,52,DIRE
21751,02/01/2026,N0019,30,70,N,0,81917,"927398,26","6737197,37",0,G,0,ACCROCHE,0,1175,70,DIRE
20500,02/01/2026,N0019,31,70,N,0,83092,"928537,36","6737436,99",0,G,0,ACCROCHE,0,1169,70,DIRE
49014,02/01/2026,N0019,32,70,N,0,84261,"929701,42","6737384,03",0,G,0,ACCROCHE,0,1182,70,DIRE
70800,02/01/2026,N0019,33,70,N,0,85443,"930796,49","6737031,7",0,G,0,ACCROCHE,0,1175,70,DIRE
4981,02/01/2026,N0019,34,70,N,0,86618,"931548,77","6736146,3",0,G,0,ACCROCHE,0,1170,70,DIRE
13474,02/01/2026,N0019,35,70,N,0,87788,"932153,23","6735149,4",0,G,0,ACCROCHE,0,1176,70,DIRE
9840,02/01/2026,N0019,36,70,N,0,88964,"932751,88","6734111,73",0,G,0,ACCROCHE,0,990,70,DIRE
13500,02/01/2026,N0019,37,70,N,0,89954,"933276,39","6733302,43",0,G,0,ACCROCHE,0,994,70,DIRE
3721,02/01/2026,N0019,38,70,N,0,90948,"933983,42","6732598,85",0,G,0,ACCROCHE,0,1001,70,DIRE
3153,02/01/2026,N0019,39,70,N,0,91949,"934829,69","6732130,37",0,G,0,ACCROCHE,0,1130,70,DIRE
15281,02/01/2026,N0019,40,70,N,0,93079,"935786,81","6731876,58",0,G,0,ACCROCHE,0,1001,70,DIRE
67833,02/01/2026,N0019,41,70,N,0,94080,"936582,55","6731136,47",0,G,0,ACCROCHE,0,989,70,DIRE
11197,02/01/2026,N0019,66,70,N,0,119008,"957556,43","6737053,86",0,G,0,ACCROCHE,0,1039,70,DIRE
56104,02/01/2026,N0019,67,70,N,0,120047,"958265,4","6737803,29",0,G,0,ACCROCHE,0,1002,70,DIRE
11165,02/01/2026,N0019,68,70,N,0,121049,"959181,86","6738205,93",0,G,0,ACCROCHE,0,1000,70,DIRE
46372,02/01/2026,N0019,69,70,N,0,122049,"960102,25","6738593,85",0,G,0,ACCROCHE,0,963,70,DIRE
70024,02/01/2026,N0019,70,70,N,0,123012,"961044,13","6738764,59",0,G,0,ACCROCHE,0,1000,70,DIRE
26787,02/01/2026,N0019,71,70,N,0,124012,"962030,46","6738929,74",0,G,0,ACCROCHE,0,1005,70,DIRE
21276,02/01/2026,N0019,72,70,N,0,125017,"962981,53","6738690,85",0,G,0,ACCROCHE,0,1005,70,DIRE
53714,02/01/2026,N0019,73,70,N,0,126022,963549,"6737885,26",0,G,0,ACCROCHE,0,1000,70,DIRE
55846,02/01/2026,N0019,74,70,N,0,127022,"963808,97","6736921,23",0,G,0,ACCROCHE,0,1237,70,DIRE
64942,02/01/2026,N0019,75,70,N,0,128259,"964351,24","6735813,09",0,G,0,ACCROCHE,0,977,70,DIRE
15657,02/01/2026,N0019,76,70,N,0,129236,"965090,65","6735237,05",0,G,0,ACCROCHE,0,987,70,DIRE
38475,02/01/2026,N0019,77,70,N,0,130223,"966061,6","6735148,94",0,G,0,ACCROCHE,0,995,70,DIRE
67547,02/01/2026,N0019,78,70,N,0,131218,"966984,15","6735516,67",0,G,0,ACCROCHE,0,1008,70,DIRE
18914,02/01/2026,N0019,79,70,N,0,132226,"967777,2","6735005,41",0,G,0,ACCROCHE,0,987,70,DIRE
16991,02/01/2026,N0019,80,70,N,0,133213,"968490,57","6734339,08",0,G,0,ACCROCHE,0,999,70,DIRE
62727,02/01/2026,N0019,81,70,N,0,134212,"969325,37","6733802,57",0,G,0,ACCROCHE,0,985,70,DIRE
730,02/01/2026,N0019,82,70,N,0,135197,"969848,39","6732987,2",0,G,0,ACCROCHE,0,978,70,DIRE
41810,02/01/2026,N0019,83,70,N,0,136175,"970791,88","6733038,57",0,G,0,ACCROCHE,0,1038,70,DIRE
10944,02/01/2026,N0019,84,70,N,0,137213,"971590,56","6732490,96",0,G,0,ACCROCHE,0,970,70,DIRE
30077,02/01/2026,N0019,85,70,N,0,138183,"972507,45","6732179,5",0,G,0,ACCROCHE,0,970,70,DIRE
13079,02/01/2026,N0019,86,70,N,0,139153,"973362,03","6731756,2",0,G,0,ACCROCHE,0,972,70,DIRE
7632,02/01/2026,N0019,87,70,N,0,140125,"974130,11","6731186,39",0,G,0,ACCROCHE,0,974,70,DIRE
59069,02/01/2026,N0019,88,70,N,0,141099,"975050,59","6730882,05",0,G,0,ACCROCHE,0,975,70,DIRE
42081,02/01/2026,N0019,89,70,N,0,142074,"975882,51","6730393,86",0,G,0,ACCROCHE,0,962,70,DIRE
12675,02/01/2026,N0019,90,70,N,0,143036,"976560,14","6729748,07",0,G,0,ACCROCHE,0,971,70,DIRE
67945,02/01/2026,N0019,91,70,N,0,144007,"977520,28","6729654,65",0,G,0,ACCROCHE,0,978,70,DIRE
34091,02/01/2026,N0019,92,70,N,0,144985,"978460,18","6729420,67",0,G,0,ACCROCHE,0,998,70,DIRE
64169,02/01/2026,N0019,93,70,N,0,145983,"979348,8","6729007,53",0,G,0,ACCROCHE,0,1000,70,DIRE
62361,02/01/2026,N0019,94,70,N,0,146983,"980036,34","6728293,55",0,G,0,ACCROCHE,0,994,70,DIRE
3297,02/01/2026,N0019,95,70,N,0,147977,"980624,58","6727497,45",0,G,0,ACCROCHE,0,975,70,DIRE
49205,02/01/2026,N0019,96,70,N,0,148952,"981526,47","6727179,74",0,G,0,ACCROCHE,0,995,70,DIRE
56855,02/01/2026,N0019,97,70,N,0,149947,"982499,77","6727367,61",0,G,0,ACCROCHE,0,989,70,DIRE
52959,02/01/2026,N0019,98,70,N,0,150936,"983404,8","6727757,63",0,G,0,ACCROCHE,0,997,70,DIRE
35280,02/01/2026,N0019,99,70,N,0,151933,"984367,26","6727991,36",0,G,0,ACCROCHE,0,971,70,DIRE
34368,02/01/2026,N0019,4,90,N,0,156958,"988769,55","6728614,91",0,G,0,ACCROCHE,0,989,90,DIRE
27812,02/01/2026,N0019,5,90,N,0,157947,"989348,09","6727868,55",0,G,0,ACCROCHE,0,914,90,DIRE
4315,02/01/2026,N0019,6,90,N,0,158861,"990188,56","6727508,01",0,G,0,ACCROCHE,0,972,90,DIRE
41975,02/01/2026,N0019,7,90,N,0,159833,"991169,25","6727366,9",0,G,0,ACCROCHE,0,984,90,DIRE
35946,02/01/2026,N0019,8,90,N,0,160817,"992087,64","6727671,43",0,G,0,ACCROCHE,0,997,90,DIRE
60283,02/01/2026,N0019,15,90,N,0,167809,"996975,25","6723195,2",0,G,0,ACCROCHE,0,1000,90,DIRE
19429,02/01/2026,N0019,16,90,N,0,168809,"997321,98","6722257,65",0,G,0,ACCROCHE,0,1000,90,DIRE
35733,02/01/2026,N0019,17,90,N,0,169809,"997742,66","6721365,18",0,G,0,ACCROCHE,0,1000,90,DIRE
73333,02/01/2026,N0019,18,90,N,0,170809,"998253,39","6720507,81",0,G,0,ACCROCHE,0,1000,90,DIRE
9991,02/01/2026,N0019,19,90,N,0,171809,"998709,06","6719620,38",0,G,0,ACCROCHE,0,1000,90,DIRE
6557,02/01/2026,N0019,20,90,N,0,172809,"999129,2","6718716,39",0,G,0,ACCROCHE,0,1200,90,DIRE
20011,02/01/2026,N0044,49,51,N,0,0,"796894,19","6883593,77",0,I,0,ACCROCHE,1009,1010,51,GE DIRE
20681,02/01/2026,N0044,50,51,N,0,1009,"796574,98","6882649,7",0,I,0,ACCROCHE,328,328,51,GE DIRE
25570,02/01/2026,N0044,51,51,N,0,1337,"796416,43","6882443,92",0,D,0,ACCROCHE,323,0,51,GE DIRE
9,02/01/2026,N0044,52,51,N,0,1660,"796575,78","6882163,32",0,D,0,ACCROCHE,999,0,51,GE DIRE
63714,02/01/2026,N0044,53,51,N,0,2659,"796986,33","6881250,93",0,D,0,ACCROCHE,986,0,51,GE DIRE
36238,02/01/2026,N0044,54,51,N,0,3645,"797196,35","6880307,35",0,D,0,ACCROCHE,1001,0,51,GE DIRE
70980,02/01/2026,N0044,55,51,N,0,4646,"797529,06","6879366,9",0,D,0,ACCROCHE,993,0,51,GE DIRE
58929,02/01/2026,N0044,56,51,N,0,5639,"797997,6","6878490,38",0,D,0,ACCROCHE,1000,0,51,GE DIRE
41199,02/01/2026,N0044,57,51,N,0,6639,"798474,95","6877612,53",0,D,0,ACCROCHE,998,0,51,GE DIRE
32882,02/01/2026,N0044,58,51,N,0,7637,"798959,85","6876745,57",0,D,0,ACCROCHE,985,0,51,GE DIRE
31073,02/01/2026,N0044,59,51,N,0,8622,"799828,95","6876314,03",0,D,0,ACCROCHE,1038,0,51,GE DIRE
24519,02/01/2026,N0044,60,51,N,0,9660,"800760,73","6875939,5",0,D,0,ACCROCHE,1022,0,51,GE DIRE
37846,02/01/2026,N0044,61,51,N,0,10682,"801315,54","6874999,21",0,D,0,ACCROCHE,1019,0,51,GE DIRE
64594,02/01/2026,N0044,62,51,N,0,11701,"801819,92","6874251,81",0,D,0,ACCROCHE,1034,0,51,GE DIRE
67464,02/01/2026,N0044,63,51,N,0,12735,"801847,5","6873237,46",0,D,0,ACCROCHE,1038,0,51,GE DIRE
36664,02/01/2026,N0044,64,51,N,0,13773,"802112,32","6872244,61",0,D,0,ACCROCHE,1037,0,51,GE DIRE
20600,02/01/2026,N0044,65,51,N,0,14810,"802747,28","6871429,22",0,I,0,ACCROCHE,993,993,51,GE DIRE
48451,02/01/2026,N0044,66,51,N,0,15803,"803360,42","6870648,46",0,I,0,ACCROCHE,994,994,51,GE DIRE
5382,02/01/2026,N0044,67,51,N,0,16797,"803974,12","6869868,58",0,I,0,ACCROCHE,992,992,51,GE DIRE
7640,02/01/2026,N0044,68,51,N,0,17789,"804589,52","6869082,79",0,D,0,ACCROCHE,1151,0,51,GE DIRE
7503,02/01/2026,N0044,69,51,N,0,18940,"805567,5","6868463,78",0,D,0,ACCROCHE,1001,0,51,GE DIRE
73482,02/01/2026,N0044,70,51,N,0,19941,"806194,82","6867694,95",0,D,0,ACCROCHE,1001,0,51,GE DIRE
8200,02/01/2026,N0044,71,51,N,0,20942,"806610,63","6866790,13",0,D,0,ACCROCHE,999,0,51,GE DIRE
860,02/01/2026,N0044,72,51,N,0,21941,"807033,39","6865889,75",0,D,0,ACCROCHE,1013,0,51,GE DIRE
40345,02/01/2026,N0044,73,51,N,0,22954,"807626,06","6865086,25",0,D,0,ACCROCHE,1015,0,51,GE DIRE
23704,02/01/2026,N0044,74,51,N,0,23969,"808296,65","6864336,5",0,D,0,ACCROCHE,1016,0,51,GE DIRE
46966,02/01/2026,N0044,75,51,N,0,24985,"809034,46","6863663,39",0,D,0,ACCROCHE,1017,0,51,GE DIRE
10998,02/01/2026,N0044,76,51,N,0,26002,"809436,97","6862740,39",0,D,0,ACCROCHE,1014,0,51,GE DIRE
55869,02/01/2026,N0044,77,51,N,0,27016,"810137,54","6862012,24",0,D,0,ACCROCHE,1015,0,51,GE DIRE
42454,02/01/2026,N0044,78,51,N,0,28031,"810830,6","6861282,12",0,D,0,ACCROCHE,1016,0,51,GE DIRE
19697,02/01/2026,N0044,79,51,N,0,29047,"811745,17","6860851,62",0,D,0,ACCROCHE,1012,0,51,GE DIRE
9537,02/01/2026,N0044,80,51,N,0,30059,"812591,83","6860299,31",0,D,0,ACCROCHE,1012,0,51,GE DIRE
26372,02/01/2026,N0044,81,51,N,0,31071,"812904,72","6859376,52",0,D,0,ACCROCHE,1012,0,51,GE DIRE
23056,02/01/2026,N0044,82,51,N,0,32083,"813464,08","6858547,47",0,D,0,ACCROCHE,1012,0,51,GE DIRE
35205,02/01/2026,N0044,83,51,N,0,33095,"814203,89","6857856,91",0,D,0,ACCROCHE,1011,0,51,GE DIRE
20629,02/01/2026,N0044,84,51,N,0,34106,"814968,16","6857196,07",0,D,0,ACCROCHE,999,0,51,GE DIRE
50309,02/01/2026,N0044,85,51,N,0,35105,"815689,98","6856512,68",0,I,0,ACCROCHE,1000,1001,51,GE DIRE
51781,02/01/2026,N0044,86,51,N,0,36105,"816001,08","6855562,77",0,D,0,ACCROCHE,1001,0,51,GE DIRE
65311,02/01/2026,N0044,87,51,N,0,37106,"816362,76","6854638,88",0,I,0,ACCROCHE,891,891,51,GE DIRE
29699,02/01/2026,N0044,88,51,N,0,37997,"816720,71","6853996,37",0,I,0,ACCROCHE,999,999,51,GE DIRE
22299,02/01/2026,N0044,89,51,N,0,38996,"816325,18","6853153,08",0,I,0,ACCROCHE,1002,1002,51,GE DIRE
1240,02/01/2026,N0044,90,51,N,0,39998,"816725,45","6852274,15",0,I,0,ACCROCHE,990,990,51,GE DIRE
422,02/01/2026,N0044,91,51,N,0,40988,"816960,37","6851322,56",0,I,0,ACCROCHE,999,999,51,GE DIRE
5702,02/01/2026,N0044,92,51,N,0,41987,"817147,26","6850371,85",0,I,0,ACCROCHE,1035,1029,51,GE DIRE
55395,02/01/2026,N0044,93,51,N,0,43022,"816921,97","6849421,59",0,I,0,ACCROCHE,607,607,51,GE DIRE
41844,02/01/2026,N0044,51,51,N,0,1338,"796425,9","6882452,12",0,G,0,ACCROCHE,0,331,51,GE DIRE
12568,02/01/2026,N0044,52,51,N,0,1669,"796586,96","6882168,38",0,G,0,ACCROCHE,0,1000,51,GE DIRE
59781,02/01/2026,N0044,53,51,N,0,2669,"796998,31","6881256,31",0,G,0,ACCROCHE,0,990,51,GE DIRE
5362,02/01/2026,N0044,54,51,N,0,3659,"797209,13","6880307,97",0,G,0,ACCROCHE,0,995,51,GE DIRE
37749,02/01/2026,N0044,55,51,N,0,4654,"797537,12","6879370,89",0,G,0,ACCROCHE,0,994,51,GE DIRE
67307,02/01/2026,N0044,56,51,N,0,5648,"798005,52","6878494,62",0,G,0,ACCROCHE,0,1000,51,GE DIRE
65753,02/01/2026,N0044,57,51,N,0,6648,"798483,39","6877616,94",0,G,0,ACCROCHE,0,993,51,GE DIRE
49390,02/01/2026,N0044,58,51,N,0,7641,"798966,64","6876751,42",0,G,0,ACCROCHE,0,977,51,GE DIRE
67410,02/01/2026,N0044,59,51,N,0,8618,"799831,72","6876322,56",0,G,0,ACCROCHE,0,1044,51,GE DIRE
36922,02/01/2026,N0044,60,51,N,0,9662,"800766,26","6875946,62",0,G,0,ACCROCHE,0,1026,51,GE DIRE
30098,02/01/2026,N0044,61,51,N,0,10688,"801322,83","6875004,37",0,G,0,ACCROCHE,0,1030,51,GE DIRE
12236,02/01/2026,N0044,62,51,N,0,11718,"801828,73","6874250,18",0,G,0,ACCROCHE,0,1032,51,GE DIRE
7734,02/01/2026,N0044,63,51,N,0,12750,"801856,32","6873239,12",0,G,0,ACCROCHE,0,1031,51,GE DIRE
42134,02/01/2026,N0044,64,51,N,0,13781,"802119,7","6872249,77",0,G,0,ACCROCHE,0,1037,51,GE DIRE
72734,02/01/2026,N0044,68,51,N,0,17797,"804612,15","6869103,75",0,G,0,ACCROCHE,0,1167,51,GE DIRE
43381,02/01/2026,N0044,69,51,N,0,18964,"805574,13",6868471,0,G,0,ACCROCHE,0,1005,51,GE DIRE
45037,02/01/2026,N0044,70,51,N,0,19969,"806203,22","6867700,01",0,G,0,ACCROCHE,0,1002,51,GE DIRE
23239,02/01/2026,N0044,71,51,N,0,20971,"806619,69","6866793,86",0,G,0,ACCROCHE,0,998,51,GE DIRE
16645,02/01/2026,N0044,72,51,N,0,21969,"807041,63","6865895,05",0,G,0,ACCROCHE,0,1012,51,GE DIRE
14661,02/01/2026,N0044,73,51,N,0,22981,"807633,3","6865091,68",0,G,0,ACCROCHE,0,1010,51,GE DIRE
6914,02/01/2026,N0044,74,51,N,0,23991,"808301,45","6864344,09",0,G,0,ACCROCHE,0,1023,51,GE DIRE
23526,02/01/2026,N0044,75,51,N,0,25014,"809042,38","6863667,6",0,G,0,ACCROCHE,0,1013,51,GE DIRE
19895,02/01/2026,N0044,76,51,N,0,26027,"809444,19","6862745,76",0,G,0,ACCROCHE,0,1014,51,GE DIRE
11464,02/01/2026,N0044,77,51,N,0,27041,"810144,81","6862017,55",0,G,0,ACCROCHE,0,1009,51,GE DIRE
29083,02/01/2026,N0044,78,51,N,0,28050,"810835,38","6861289,75",0,G,0,ACCROCHE,0,1016,51,GE DIRE
31149,02/01/2026,N0044,79,51,N,0,29066,"811750,5","6860860,02",0,G,0,ACCROCHE,0,1012,51,GE DIRE
51716,02/01/2026,N0044,80,51,N,0,30078,"812598,22","6860307,28",0,G,0,ACCROCHE,0,1012,51,GE DIRE
11167,02/01/2026,N0044,81,51,N,0,31090,"812914,22","6859378,78",0,G,0,ACCROCHE,0,1012,51,GE DIRE
2538,02/01/2026,N0044,82,51,N,0,32102,"813470,82","6858554,56",0,G,0,ACCROCHE,0,1012,51,GE DIRE
28409,02/01/2026,N0044,83,51,N,0,33114,"814210,46","6857863,77",0,G,0,ACCROCHE,0,996,51,GE DIRE
38524,02/01/2026,N0044,84,51,N,0,34110,"814974,49","6857203,44",0,G,0,ACCROCHE,0,999,51,GE DIRE
69737,02/01/2026,N0044,86,51,N,0,36110,"816009,23","6855565,28",0,G,0,ACCROCHE,0,1001,51,GE DIRE
8809,02/01/2026,N0052,0,54,N,0,0,"911770,25","6927922,9",0,D,0,ACCROCHE,992,0,54,GE DIRE
23238,02/01/2026,N0052,1,54,N,0,992,"911357,97","6928772,85",0,D,0,ACCROCHE,1008,0,54,GE DIRE
16517,02/01/2026,N0052,2,54,N,0,2000,"911127,4","6929700,57",0,D,0,ACCROCHE,996,0,54,GE DIRE
71636,02/01/2026,N0052,3,54,N,0,2996,"910735,7","6930586,16",0,D,0,ACCROCHE,1076,0,54,GE DIRE
29806,02/01/2026,N0052,4,54,N,0,4072,"909929,75","6931298,18",0,D,0,ACCROCHE,871,0,54,GE DIRE
430,02/01/2026,N0052,5,54,N,0,4943,"909152,27","6931697,23",0,D,0,ACCROCHE,992,0,54,GE DIRE
27755,02/01/2026,N0052,6,54,N,0,5935,"908274,67","6932158,73",0,D,0,ACCROCHE,1029,0,54,GE DIRE
27823,02/01/2026,N0052,7,54,N,0,6964,"907369,18","6932648,76",0,D,0,ACCROCHE,951,0,54,GE DIRE
25469,02/01/2026,N0052,8,54,N,0,7915,"906564,45","6933155,89",0,D,0,ACCROCHE,988,0,54,GE DIRE
67656,02/01/2026,N0052,9,54,N,0,8903,"905764,84",6933739,0,D,0,ACCROCHE,1116,0,54,GE DIRE
22219,02/01/2026,N0052,10,54,N,0,10019,"904949,94","6934450,08",0,D,0,ACCROCHE,1008,0,54,GE DIRE
66195,02/01/2026,N0052,11,54,N,0,11027,"904190,84","6935096,24",0,D,0,ACCROCHE,1058,0,54,GE DIRE
42056,02/01/2026,N0052,12,54,N,0,12085,"903761,14","6936052,31",0,D,0,ACCROCHE,920,0,54,GE DIRE
72894,02/01/2026,N0052,13,54,N,0,13005,"903224,93","6936783,51",0,D,0,ACCROCHE,1002,0,54,GE DIRE
31534,02/01/2026,N0052,14,54,N,0,14007,"902336,66",6937239,0,D,0,ACCROCHE,993,0,54,GE DIRE
9449,02/01/2026,N0052,15,54,N,0,15000,"901425,35","6937602,25",0,I,0,ACCROCHE,997,997,54,GE DIRE
40543,02/01/2026,N0052,16,54,N,0,15997,"900444,08","6937561,88",0,I,0,ACCROCHE,998,998,54,GE DIRE
35540,02/01/2026,N0052,17,54,N,0,16995,"899494,45",6937683,0,I,0,ACCROCHE,996,996,54,GE DIRE
4306,02/01/2026,N0052,18,54,N,0,17991,"899131,89","6938563,23",0,I,0,ACCROCHE,1000,1000,54,GE DIRE
363,02/01/2026,N0052,19,54,N,0,18991,"899427,6","6939509,6",0,D,0,ACCROCHE,1000,0,54,GE DIRE
11844,02/01/2026,N0052,20,54,N,0,19991,"899656,05","6940476,66",0,D,0,ACCROCHE,1022,0,54,GE DIRE
22201,02/01/2026,N0052,21,54,N,0,21013,"899679,39","6941460,69",0,I,0,ACCROCHE,1022,1022,54,GE DIRE
631,02/01/2026,N0052,22,54,N,0,22035,"900460,75","6942056,52",0,I,0,ACCROCHE,1022,1022,54,GE DIRE
37949,02/01/2026,N0052,23,54,N,0,23057,"901259,49","6942631,01",0,I,0,ACCROCHE,1020,1020,54,GE DIRE
2123,02/01/2026,N0052,24,54,N,0,24077,"902231,2","6942457,8",0,D,0,ACCROCHE,1112,0,54,GE DIRE
23941,02/01/2026,N0052,0,54,N,0,0,"911758,33","6927922,32",0,G,0,ACCROCHE,0,986,54,GE DIRE
65296,02/01/2026,N0052,1,54,N,0,986,"911351,03","6928765,32",0,G,0,ACCROCHE,0,1011,54,GE DIRE
52387,02/01/2026,N0052,2,54,N,0,1997,"911117,23","6929700,26",0,G,0,ACCROCHE,0,981,54,GE DIRE
10938,02/01/2026,N0052,3,54,N,0,2978,"910727,02","6930577,43",0,G,0,ACCROCHE,0,1070,54,GE DIRE
38743,02/01/2026,N0052,4,54,N,0,4048,"909924,06","6931289,53",0,G,0,ACCROCHE,0,870,54,GE DIRE
58359,02/01/2026,N0052,5,54,N,0,4918,"909146,02","6931685,55",0,G,0,ACCROCHE,0,991,54,GE DIRE
6757,02/01/2026,N0052,6,54,N,0,5909,"908270,21","6932150,29",0,G,0,ACCROCHE,0,1035,54,GE DIRE
21802,02/01/2026,N0052,7,54,N,0,6944,"907364,24","6932639,49",0,G,0,ACCROCHE,0,955,54,GE DIRE
35864,02/01/2026,N0052,8,54,N,0,7899,"906556,62","6933145,01",0,G,0,ACCROCHE,0,990,54,GE DIRE
15357,02/01/2026,N0052,9,54,N,0,8889,"905755,89","6933729,4",0,G,0,ACCROCHE,0,1111,54,GE DIRE
21917,02/01/2026,N0052,10,54,N,0,10000,"904945,27","6934437,83",0,G,0,ACCROCHE,0,1013,54,GE DIRE
28938,02/01/2026,N0052,11,54,N,0,11013,"904181,64","6935086,79",0,G,0,ACCROCHE,0,1066,54,GE DIRE
43178,02/01/2026,N0052,12,54,N,0,12079,"903749,11","6936047,12",0,G,0,ACCROCHE,0,912,54,GE DIRE
53089,02/01/2026,N0052,13,54,N,0,12991,"903216,21","6936773,48",0,G,0,ACCROCHE,0,997,54,GE DIRE
35879,02/01/2026,N0052,14,54,N,0,13988,"902332,68","6937228,26",0,G,0,ACCROCHE,0,993,54,GE DIRE
41575,02/01/2026,N0052,19,54,N,0,18972,"899417,65","6939511,31",0,G,0,ACCROCHE,0,1000,54,GE DIRE
51732,02/01/2026,N0052,20,54,N,0,19972,"899646,26","6940477,52",0,G,0,ACCROCHE,0,1022,54,GE DIRE
33618,02/01/2026,N0052,24,54,N,0,24058,"902235,62","6942467,92",0,G,0,ACCROCHE,0,1076,54,GE DIRE
46885,02/01/2026,N0057,49,54,N,0,0,"934109,12","6835339,27",0,D,0,ACCROCHE,1000,0,54,DIRE
32175,02/01/2026,N0057,50,54,N,0,1000,"934263,07","6834359,73",0,D,0,ACCROCHE,1000,0,54,DIRE
64807,02/01/2026,N0057,51,54,N,0,2000,"934753,35","6833559,09",0,D,0,ACCROCHE,1000,0,54,DIRE
17927,02/01/2026,N0057,52,54,N,0,3000,"935366,22","6832789,3",0,D,0,ACCROCHE,1000,0,54,DIRE
59407,02/01/2026,N0057,53,54,N,0,4000,"936128,41","6832141,08",0,D,0,ACCROCHE,1000,0,54,DIRE
53683,02/01/2026,N0057,54,54,N,0,5000,"936601,18","6831270,68",0,D,0,ACCROCHE,1000,0,54,DIRE
9324,02/01/2026,N0057,55,54,N,0,6000,"937401,11","6830690,46",0,D,0,ACCROCHE,1000,0,54,DIRE
66286,02/01/2026,N0057,56,54,N,0,7000,"938109,17","6830013,38",0,D,0,ACCROCHE,1000,0,54,DIRE
16206,02/01/2026,N0057,57,54,N,0,8000,"938608,56","6829151,15",0,D,0,ACCROCHE,1000,0,54,DIRE
38306,02/01/2026,N0057,58,54,N,0,9000,"938838,92","6828184,84",0,D,0,ACCROCHE,1000,0,54,DIRE
37964,02/01/2026,N0057,59,54,N,0,10000,"938908,45","6827186,1",0,D,0,ACCROCHE,1000,0,54,DIRE
66351,02/01/2026,N0057,60,54,N,0,11000,"939211,86","6826236,59",0,D,0,ACCROCHE,1000,0,54,DIRE
45194,02/01/2026,N0057,61,54,N,0,12000,"939580,15","6825308,55",0,D,0,ACCROCHE,1000,0,54,DIRE
42789,02/01/2026,N0057,62,54,N,0,13000,"939948,8","6824380,47",0,D,0,ACCROCHE,1000,0,54,DIRE
4228,02/01/2026,N0057,63,54,N,0,14000,"940055,14","6823413,46",0,D,0,ACCROCHE,1000,0,54,DIRE
40578,02/01/2026,N0057,64,54,N,0,15000,"939521,47","6822591,36",0,D,0,ACCROCHE,1000,0,54,DIRE
27385,02/01/2026,N0057,65,54,N,0,16000,"939086,27","6821710,38",0,D,0,ACCROCHE,1000,0,54,DIRE
29812,02/01/2026,N0057,66,54,N,0,17000,"938927,99","6820715,91",0,D,0,ACCROCHE,1000,0,54,DIRE
63838,02/01/2026,N0057,67,54,N,0,18000,"938842,31","6819718,48",0,D,0,ACCROCHE,1000,0,54,DIRE
25283,02/01/2026,N0057,68,54,N,0,19000,"938919,91","6818732,47",0,D,0,ACCROCHE,1000,0,54,DIRE
54827,02/01/2026,N0057,69,54,N,0,20000,"939068,6","6817755,39",0,D,0,ACCROCHE,1000,0,54,DIRE
41821,02/01/2026,N0057,70,54,N,0,21000,"939261,78","6816780,31",0,D,0,ACCROCHE,1000,0,54,DIRE
69020,02/01/2026,N0057,0,88,N,0,22000,"939221,77","6815802,88",0,D,0,ACCROCHE,1018,0,88,DIRE
62161,02/01/2026,N0057,1,88,N,0,23018,"939356,44","6814833,17",0,D,0,ACCROCHE,1006,0,88,DIRE
17830,02/01/2026,N0057,2,88,N,0,24024,"940167,82","6814265,64",0,D,0,ACCROCHE,997,0,88,DIRE
45402,02/01/2026,N0057,3,88,N,0,25021,"940940,24","6813657,16",0,D,0,ACCROCHE,1002,0,88,DIRE
50048,02/01/2026,N0057,4,88,N,0,26023,"941528,3","6812871,18",0,D,0,ACCROCHE,1011,0,88,DIRE
46982,02/01/2026,N0057,5,88,N,0,27034,"942514,35","6812710,53",0,D,0,ACCROCHE,998,0,88,DIRE
24783,02/01/2026,N0057,6,88,N,0,28032,"943437,22","6812346,38",0,D,0,ACCROCHE,998,0,88,DIRE
9330,02/01/2026,N0057,7,88,N,0,29030,"944010,11","6811555,68",0,D,0,ACCROCHE,1002,0,88,DIRE
57962,02/01/2026,N0057,8,88,N,0,30032,"944605,16","6810758,93",0,D,0,ACCROCHE,1002,0,88,DIRE
22380,02/01/2026,N0057,9,88,N,0,31034,"945273,7","6810024,66",0,D,0,ACCROCHE,1001,0,88,DIRE
58291,02/01/2026,N0057,10,88,N,0,32035,"945823,43","6809185,71",0,D,0,ACCROCHE,1002,0,88,DIRE
5998,02/01/2026,N0057,11,88,N,0,33037,"946592,76","6808602,4",0,D,0,ACCROCHE,1002,0,88,DIRE
39543,02/01/2026,N0057,12,88,N,0,34039,947584,"6808673,86",0,D,0,ACCROCHE,999,0,88,DIRE
38166,02/01/2026,N0057,13,88,N,0,35038,"948519,41","6808395,76",0,D,0,ACCROCHE,1000,0,88,DIRE
74165,02/01/2026,N0057,14,88,N,0,36038,"949194,21","6807661,96",0,D,0,ACCROCHE,1000,0,88,DIRE
20496,02/01/2026,N0057,15,88,N,0,37038,"949788,46","6806872,76",0,D,0,ACCROCHE,1008,0,88,DIRE
58166,02/01/2026,N0057,16,88,N,0,38046,"949899,08","6805877,4",0,D,0,ACCROCHE,1007,0,88,DIRE
6973,02/01/2026,N0057,17,88,N,0,39053,"950339,42","6804984,04",0,D,0,ACCROCHE,1010,0,88,DIRE
67063,02/01/2026,N0057,18,88,N,0,40063,"950475,08","6803991,28",0,D,0,ACCROCHE,1008,0,88,DIRE
58751,02/01/2026,N0057,19,88,N,0,41071,"950657,17","6802999,15",0,D,0,ACCROCHE,1006,0,88,DIRE
12974,02/01/2026,N0057,20,88,N,0,42077,"951020,21","6802067,37",0,D,0,ACCROCHE,1021,0,88,DIRE
21004,02/01/2026,N0057,21,88,N,0,43098,"951505,27","6801168,51",0,D,0,ACCROCHE,1022,0,88,DIRE
27388,02/01/2026,N0057,22,88,N,0,44120,"951994,8","6800279,54",0,D,0,ACCROCHE,980,0,88,DIRE
72944,02/01/2026,N0057,23,88,N,0,45100,"952583,43","6799499,21",0,D,0,ACCROCHE,1005,0,88,DIRE
56949,02/01/2026,N0057,24,88,N,0,46105,"953300,03","6798800,98",0,D,0,ACCROCHE,1007,0,88,DIRE
34001,02/01/2026,N0057,25,88,N,0,47112,"954014,08","6798097,36",0,D,0,ACCROCHE,1001,0,88,DIRE
939,02/01/2026,N0057,26,88,N,0,48113,"954644,75","6797324,64",0,D,0,ACCROCHE,1004,0,88,DIRE
23667,02/01/2026,N0057,27,88,N,0,49117,"955619,38","6797182,94",0,D,0,ACCROCHE,998,0,88,DIRE
69475,02/01/2026,N0057,28,88,N,0,50115,"956380,96","6796568,93",0,D,0,ACCROCHE,1004,0,88,DIRE
18440,02/01/2026,N0057,29,88,N,0,51119,"956776,66","6795653,97",0,D,0,ACCROCHE,1002,0,88,DIRE
71196,02/01/2026,N0057,30,88,N,0,52121,"957408,09","6794884,09",0,D,0,ACCROCHE,1001,0,88,DIRE
65354,02/01/2026,N0057,31,88,N,0,53122,"958037,28","6794112,99",0,D,0,ACCROCHE,1002,0,88,DIRE
57686,02/01/2026,N0057,32,88,N,0,54124,"958488,49","6793225,71",0,D,0,ACCROCHE,999,0,88,DIRE
39135,02/01/2026,N0057,33,88,N,0,55123,"958904,97","6792344,5",0,D,0,ACCROCHE,1007,0,88,DIRE
15647,02/01/2026,N0057,34,88,N,0,56130,"958855,7","6791367,33",0,D,0,ACCROCHE,1000,0,88,DIRE
40848,02/01/2026,N0057,35,88,N,0,57130,"959201,64","6790446,27",0,D,0,ACCROCHE,1001,0,88,DIRE
48346,02/01/2026,N0057,36,88,N,0,58131,"959100,49","6789445,97",0,D,0,ACCROCHE,1000,0,88,DIRE
21173,02/01/2026,N0057,37,88,N,0,59131,"959755,73","6788816,23",0,D,0,ACCROCHE,1000,0,88,DIRE
22579,02/01/2026,N0057,38,88,N,0,60131,"960689,22","6788638,87",0,D,0,ACCROCHE,1002,0,88,DIRE
33048,02/01/2026,N0057,39,88,N,0,61133,"961283,5","6787861,4",0,D,0,ACCROCHE,1001,0,88,DIRE
47424,02/01/2026,N0057,40,88,N,0,62134,"961425,16","6786876,26",0,D,0,ACCROCHE,998,0,88,DIRE
54291,02/01/2026,N0057,41,88,N,0,63132,"962023,69","6786154,25",0,D,0,ACCROCHE,997,0,88,DIRE
39381,02/01/2026,N0057,42,88,N,0,64129,"962902,82","6785799,45",0,D,0,ACCROCHE,1001,0,88,DIRE
18500,02/01/2026,N0057,43,88,N,0,65130,"963712,2","6785391,47",0,D,0,ACCROCHE,1000,0,88,DIRE
74260,02/01/2026,N0057,44,88,N,0,66130,"964693,09","6785304,19",0,D,0,ACCROCHE,1002,0,88,DIRE
73206,02/01/2026,N0057,45,88,N,0,67132,"965579,59","6784880,15",0,D,0,ACCROCHE,1000,0,88,DIRE
30414,02/01/2026,N0057,46,88,N,0,68132,"966525,34","6784589,75",0,D,0,ACCROCHE,997,0,88,DIRE
73654,02/01/2026,N0057,47,88,N,0,69129,"967083,96","6783881,33",0,D,0,ACCROCHE,1013,0,88,DIRE
17524,02/01/2026,N0057,48,88,N,0,70142,"967506,72","6783001,36",0,D,0,ACCROCHE,999,0,88,DIRE
17155,02/01/2026,N0057,49,88,N,0,71141,"967685,12","6782088,15",0,D,0,ACCROCHE,1004,0,88,DIRE
50563,02/01/2026,N0057,50,88,N,0,72145,"967512,76","6781100,88",0,D,0,ACCROCHE,1003,0,88,DIRE
16210,02/01/2026,N0057,51,88,N,0,73148,"967869,6","6780197,02",0,D,0,ACCROCHE,1003,0,88,DIRE
13059,02/01/2026,N0057,52,88,N,0,74151,"967490,34","6779274,26",0,D,0,ACCROCHE,1001,0,88,DIRE
63373,02/01/2026,N0057,53,88,N,0,75152,"966939,94","6778451,44",0,D,0,ACCROCHE,1003,0,88,DIRE
63513,02/01/2026,N0057,54,88,N,0,76155,"966984,69","6777506,91",0,D,0,ACCROCHE,1029,0,88,DIRE
64798,02/01/2026,N0057,55,88,N,0,77184,"966777,47","6776510,65",0,D,0,ACCROCHE,1009,0,88,DIRE
66182,02/01/2026,N0057,56,88,N,0,78193,"966288,58","6775630,83",0,D,0,ACCROCHE,1008,0,88,DIRE
14275,02/01/2026,N0057,57,88,N,0,79201,"965869,78","6774725,87",0,D,0,ACCROCHE,1008,0,88,DIRE
12561,02/01/2026,N0057,58,88,N,0,80209,"965472,98","6773812,01",0,D,0,ACCROCHE,1009,0,88,DIRE
13091,02/01/2026,N0057,59,88,N,0,81218,"964980,33","6772951,23",0,D,0,ACCROCHE,1000,0,88,DIRE
51839,02/01/2026,N0057,60,88,N,0,82218,"964551,1","6772072,53",0,D,0,ACCROCHE,994,0,88,DIRE
68830,02/01/2026,N0057,61,88,N,0,83212,"963804,18","6771564,67",0,D,0,ACCROCHE,991,0,88,DIRE
15137,02/01/2026,N0057,62,88,N,0,84203,"962890,4","6771238,48",0,D,0,ACCROCHE,997,0,88,DIRE
71176,02/01/2026,N0057,63,88,N,0,85200,"961965,24","6770941,09",0,D,0,ACCROCHE,991,0,88,DIRE
42263,02/01/2026,N0057,64,88,N,0,86191,"961051,67","6770665,08",0,D,0,ACCROCHE,1002,0,88,DIRE
2043,02/01/2026,N0057,65,88,N,0,87193,"960683,74","6769752,03",0,D,0,ACCROCHE,992,0,88,DIRE
62503,02/01/2026,N0057,66,88,N,0,88185,"960516,33","6768774,6",0,D,0,ACCROCHE,385,0,88,DIRE
48831,02/01/2026,N0057,67,88,N,0,88570,"960383,19","6768411,48",0,D,0,ACCROCHE,1004,0,88,DIRE
72015,02/01/2026,N0057,68,88,N,0,89574,"959744,42","6767652,04",0,D,0,ACCROCHE,1002,0,88,DIRE
47945,02/01/2026,N0057,69,88,N,0,90576,"958914,34","6767106,37",0,D,0,ACCROCHE,1004,0,88,DIRE
13698,02/01/2026,N0057,70,88,N,0,91580,"958161,83","6766463,29",0,D,0,ACCROCHE,1000,0,88,DIRE
70392,02/01/2026,N0057,71,88,N,0,92580,"957638,26","6765607,15",0,D,0,ACCROCHE,1001,0,88,DIRE
20742,02/01/2026,N0057,72,88,N,0,93581,"957088,39","6764761,23",0,I,0,ACCROCHE,268,268,88,DIRE
33688,02/01/2026,N0057,0,70,N,0,93849,"956839,31","6764655,88",0,I,0,ACCROCHE,1006,1006,70,DIRE
24729,02/01/2026,N0057,1,70,N,0,94855,"956071,76","6764088,65",0,I,0,ACCROCHE,1007,1007,70,DIRE
34905,02/01/2026,N0057,2,70,N,0,95862,955245,"6763516,59",0,I,0,ACCROCHE,1007,1007,70,DIRE
67669,02/01/2026,N0057,3,70,N,0,96869,"954586,97","6762766,68",0,I,0,ACCROCHE,1008,1008,70,DIRE
29144,02/01/2026,N0057,4,70,N,0,97877,"954540,23","6761792,4",0,I,0,ACCROCHE,996,996,70,DIRE
60238,02/01/2026,N0057,5,70,N,0,98873,"954134,72","6760903,16",0,I,0,ACCROCHE,996,996,70,DIRE
26565,02/01/2026,N0057,6,70,N,0,99869,"953483,8","6760137,8",0,I,0,ACCROCHE,992,992,70,DIRE
41149,02/01/2026,N0057,7,70,N,0,100861,"953004,79","6759295,16",0,I,0,ACCROCHE,992,992,70,DIRE
52364,02/01/2026,N0057,8,70,N,0,101853,"952758,7","6758337,7",0,I,0,ACCROCHE,995,995,70,DIRE
20653,02/01/2026,N0057,9,70,N,0,102848,"952754,49","6757288,66",0,I,0,ACCROCHE,961,955,70,DIRE
40811,02/01/2026,N0057,10,70,N,0,103809,"952812,33","6756339,3",0,D,0,ACCROCHE,970,0,70,DIRE
10692,02/01/2026,N0057,11,70,N,0,104779,"953122,06","6755442,97",0,D,0,ACCROCHE,720,0,70,DIRE
58266,02/01/2026,N0057,12,70,N,0,105499,"953622,18","6754925,88",0,D,0,ACCROCHE,1005,0,70,DIRE
25780,02/01/2026,N0057,13,70,N,0,106504,"954329,55","6754221,08",0,D,0,ACCROCHE,996,0,70,DIRE
10424,02/01/2026,N0057,14,70,N,0,107500,"954470,64","6753288,15",0,D,0,ACCROCHE,1002,0,70,DIRE
5545,02/01/2026,N0057,15,70,N,0,108502,"953958,15","6752456,96",0,D,0,ACCROCHE,1124,0,70,DIRE
19470,02/01/2026,N0057,16,70,N,0,109626,"954171,71","6751409,45",0,D,0,ACCROCHE,1104,0,70,DIRE
24246,02/01/2026,N0057,17,70,N,0,110730,"954792,78","6750495,83",0,I,0,ACCROCHE,1104,1104,70,DIRE
50759,02/01/2026,N0057,18,70,N,0,111834,"954633,08","6749386,02",0,I,0,ACCROCHE,1139,1145,70,DIRE
74186,02/01/2026,N0057,19,70,N,0,112973,"953979,51","6748560,63",0,I,0,ACCROCHE,1104,1104,70,DIRE
56738,02/01/2026,N0057,20,70,N,0,114077,"952938,57","6748119,29",0,I,0,ACCROCHE,1099,1099,70,DIRE
12408,02/01/2026,N0057,21,70,N,0,115176,"952218,47","6747259,67",0,I,0,ACCROCHE,1000,1000,70,DIRE
21908,02/01/2026,N0057,22,70,N,0,116176,"951425,75","6746706,1",0,I,0,ACCROCHE,994,994,70,DIRE
13101,02/01/2026,N0057,23,70,N,0,117170,"950505,69","6746340,67",0,I,0,ACCROCHE,996,996,70,DIRE
47047,02/01/2026,N0057,24,70,N,0,118166,"950129,68","6745451,45",0,I,0,ACCROCHE,993,993,70,DIRE
50539,02/01/2026,N0057,25,70,N,0,119159,"949756,15","6744549,35",0,I,0,ACCROCHE,1023,1023,70,DIRE
26014,02/01/2026,N0057,26,70,N,0,120182,"949225,33","6743692,83",0,D,0,ACCROCHE,946,0,70,DIRE
10113,02/01/2026,N0057,27,70,N,0,121128,"948755,82","6742886,04",0,D,0,ACCROCHE,994,0,70,DIRE
8341,02/01/2026,N0057,28,70,N,0,122122,"948311,46","6742002,4",0,I,0,ACCROCHE,1023,1023,70,DIRE
60266,02/01/2026,N0057,29,70,N,0,123145,"947857,29","6741089,75",0,I,0,ACCROCHE,990,990,70,DIRE
23953,02/01/2026,N0057,30,70,N,0,124135,"947414,31","6740206,51",0,I,0,ACCROCHE,997,997,70,DIRE
18538,02/01/2026,N0057,31,70,N,0,125132,"946965,15","6739319,91",0,I,0,ACCROCHE,957,972,70,DIRE
72757,02/01/2026,N0057,32,70,N,0,126089,"946277,66","6738681,78",0,I,0,ACCROCHE,955,955,70,DIRE
54390,02/01/2026,N0057,33,70,N,0,127044,"945505,93","6738130,32",0,I,0,ACCROCHE,955,955,70,DIRE
560,02/01/2026,N0057,34,70,N,0,127999,"944955,61","6737396,5",0,I,0,ACCROCHE,986,1044,70,DIRE
69371,02/01/2026,N0057,35,70,N,0,128985,"944595,91","6736584,88",0,I,0,ACCROCHE,1018,1018,70,DIRE
35389,02/01/2026,N0057,36,70,N,0,130003,"943808,29","6735962,92",0,I,0,ACCROCHE,990,990,70,DIRE
15120,02/01/2026,N0057,37,70,N,0,130993,"942969,37","6735445,22",0,I,0,ACCROCHE,992,992,70,DIRE
54464,02/01/2026,N0057,38,70,N,0,131985,"942091,45","6735023,46",0,I,0,ACCROCHE,995,995,70,DIRE
27133,02/01/2026,N0057,39,70,N,0,132980,"941609,02","6734171,84",0,I,0,ACCROCHE,999,999,70,DIRE
6363,02/01/2026,N0057,40,70,N,0,133979,"940914,03","6733507,58",0,I,0,ACCROCHE,975,975,70,DIRE
64224,02/01/2026,N0057,41,70,N,0,134954,"940349,48","6732768,1",0,I,0,ACCROCHE,890,890,70,DIRE
42210,02/01/2026,N0057,42,70,N,0,135844,"939732,67","6732136,1",0,I,0,ACCROCHE,995,995,70,DIRE
62162,02/01/2026,N0057,43,70,N,0,136839,"939041,97","6731499,46",0,I,0,ACCROCHE,991,991,70,DIRE
11887,02/01/2026,N0057,44,70,N,0,137830,"938447,45","6730710,27",0,I,0,ACCROCHE,529,529,70,DIRE
67448,02/01/2026,N0057,45,70,N,0,138359,"937690,92","6730202,03",0,I,0,ACCROCHE,1345,1358,70,DIRE
49483,02/01/2026,N0057,46,70,N,0,139704,"936965,11","6729366,3",0,I,0,ACCROCHE,1106,1069,70,DIRE
24043,02/01/2026,N0057,47,70,N,0,140810,"936669,74","6728398,25",0,I,0,ACCROCHE,981,992,70,DIRE
57378,02/01/2026,N0057,48,70,N,0,141791,"936104,12","6727623,09",0,I,0,ACCROCHE,986,986,70,DIRE
23748,02/01/2026,N0057,49,70,N,0,142777,"935925,82","6726671,13",0,I,0,ACCROCHE,1044,1044,70,DIRE
58713,02/01/2026,N0057,50,70,N,0,143821,"935819,69","6725660,03",0,I,0,ACCROCHE,983,983,70,DIRE
73110,02/01/2026,N0057,51,70,N,0,144804,"935797,05","6724682,22",0,I,0,ACCROCHE,1101,1090,70,DIRE
16875,02/01/2026,N0057,52,70,N,0,145905,"935971,65","6723648,11",0,D,0,ACCROCHE,1010,0,70,DIRE
8405,02/01/2026,N0057,53,70,N,0,146915,"935889,55","6722656,6",0,D,0,ACCROCHE,986,0,70,DIRE
61568,02/01/2026,N0057,54,70,N,0,147901,"935482,34","6721743,15",0,D,0,ACCROCHE,989,0,70,DIRE
26982,02/01/2026,N0057,55,70,N,0,148890,"935756,37","6720795,88",0,D,0,ACCROCHE,1001,0,70,DIRE
23475,02/01/2026,N0057,56,70,N,0,149891,"935586,72","6719838,95",0,D,0,ACCROCHE,986,0,70,DIRE
21499,02/01/2026,N0057,57,70,N,0,150877,"935433,47","6718861,27",0,D,0,ACCROCHE,996,0,70,DIRE
28611,02/01/2026,N0057,58,70,N,0,151873,"935160,26","6717897,09",0,D,0,ACCROCHE,903,0,70,DIRE
35683,02/01/2026,N0057,59,70,N,0,152776,"934880,08","6716983,76",0,I,0,ACCROCHE,919,919,70,DIRE
15848,02/01/2026,N0057,60,70,N,0,153695,"934454,68","6716153,43",0,I,0,ACCROCHE,997,997,70,DIRE
55453,02/01/2026,N0057,61,70,N,0,154692,"934006,73","6715266,64",0,I,0,ACCROCHE,997,997,70,DIRE
21066,02/01/2026,N0057,62,70,N,0,155689,"933703,03","6714320,81",0,I,0,ACCROCHE,996,996,70,DIRE
33684,02/01/2026,N0057,63,70,N,0,156685,"933479,36","6713348,27",0,I,0,ACCROCHE,999,999,70,DIRE
14852,02/01/2026,N0057,64,70,N,0,157684,"933260,84","6712278,03",0,I,0,ACCROCHE,990,990,70,DIRE
13524,02/01/2026,N0057,65,70,N,0,158674,"933009,17","6711493,7",0,I,0,ACCROCHE,991,991,70,DIRE
16808,02/01/2026,N0057,66,70,N,0,159665,"932317,86","6710853,94",0,I,0,ACCROCHE,993,993,70,DIRE
18708,02/01/2026,N0057,67,70,N,0,160658,"931830,86","6710051,67",0,I,0,ACCROCHE,1050,1050,70,DIRE
59901,02/01/2026,N0057,68,70,N,0,161708,"931661,98","6709018,52",0,I,0,ACCROCHE,950,950,70,DIRE
62861,02/01/2026,N0057,69,70,N,0,162658,"931036,48","6708351,16",0,D,0,ACCROCHE,1030,0,70,DIRE
44296,02/01/2026,N0057,70,70,N,0,163688,"930687,28","6707476,17",0,D,0,ACCROCHE,1280,0,70,DIRE
18294,02/01/2026,N0057,71,70,N,0,164968,"931238,63","6706324,45",0,D,0,ACCROCHE,940,0,70,DIRE
30642,02/01/2026,N0057,72,70,N,0,165908,"931366,15","6705415,1",0,D,0,ACCROCHE,959,0,70,DIRE
27792,02/01/2026,N0057,73,70,N,0,166867,"931142,96","6704487,45",0,D,0,ACCROCHE,1015,0,70,DIRE
13068,02/01/2026,N0057,74,70,N,0,167882,"930904,7","6703579,03",0,D,0,ACCROCHE,1048,0,70,DIRE
65245,02/01/2026,N0057,75,70,N,0,168930,"930475,55","6702623,76",0,D,0,ACCROCHE,948,0,70,DIRE
46343,02/01/2026,N0057,76,70,N,0,169878,"930095,29","6701753,09",0,D,0,ACCROCHE,950,0,70,DIRE
59644,02/01/2026,N0057,77,70,N,0,170828,"929730,86","6700875,02",0,D,0,ACCROCHE,948,0,70,DIRE
40545,02/01/2026,N0057,78,70,N,0,171776,"929214,61","6700082,85",0,D,0,ACCROCHE,949,0,70,DIRE
22679,02/01/2026,N0057,79,70,N,0,172725,"928658,42",6699316,0,D,0,ACCROCHE,982,0,70,DIRE
14204,02/01/2026,N0057,80,70,N,0,173707,"927973,66","6698617,74",0,D,0,ACCROCHE,1042,0,70,DIRE
31704,02/01/2026,N0057,81,70,N,0,174749,"927268,26","6697871,7",0,D,0,ACCROCHE,690,0,70,DIRE
46336,02/01/2026,N0057,0,25,N,0,175439,"927026,23","6697227,27",0,D,0,ACCROCHE,1002,0,25,DIRE
34922,02/01/2026,N0057,1,25,N,0,176441,"926696,43","6696288,9",0,D,0,ACCROCHE,1036,0,25,DIRE
59284,02/01/2026,N0057,2,25,N,0,177477,"926405,8","6695314,93",0,D,0,ACCROCHE,1036,0,25,DIRE
64424,02/01/2026,N0057,3,25,N,0,178513,"926172,68","6694342,74",0,D,0,ACCROCHE,900,0,25,DIRE
24076,02/01/2026,N0057,4,25,N,0,179413,"925832,98","6693473,5",0,D,0,ACCROCHE,991,0,25,DIRE
6129,02/01/2026,N0057,5,25,N,0,180404,"925661,18","6692497,75",0,D,0,ACCROCHE,990,0,25,DIRE
50913,02/01/2026,N0057,6,25,N,0,181394,"925506,53","6691523,75",0,D,0,ACCROCHE,995,0,25,DIRE
56789,02/01/2026,N0057,7,25,N,0,182389,"926071,46","6690812,5",0,D,0,ACCROCHE,565,0,25,DIRE
23507,02/01/2026,N0057,8,25,N,0,182954,"926386,59","6690352,53",0,D,0,ACCROCHE,1350,0,25,DIRE
72709,02/01/2026,N0057,9,25,N,0,184304,"927207,69","6689248,27",0,D,0,ACCROCHE,1350,0,25,DIRE
19120,02/01/2026,N0057,10,25,N,0,185654,"926500,09","6688258,29",0,D,0,ACCROCHE,1350,0,25,DIRE
17873,02/01/2026,N0057,11,25,N,0,187004,"925613,01","6687344,48",0,D,0,ACCROCHE,1350,0,25,DIRE
52049,02/01/2026,N0057,12,25,N,0,188354,"925353,66","6686080,6",0,D,0,ACCROCHE,1350,0,25,DIRE
9370,02/01/2026,N0057,13,25,N,0,189704,"925373,82","6684851,12",0,I,0,ACCROCHE,1353,1338,25,DIRE
23595,02/01/2026,N0057,14,25,N,0,191057,"926019,32","6683742,59",0,I,0,ACCROCHE,1135,1135,25,DIRE
19166,02/01/2026,N0057,15,25,N,0,192192,"926970,81","6683262,74",0,D,0,ACCROCHE,1350,0,25,DIRE
45979,02/01/2026,N0057,16,25,N,0,193542,"928055,4","6683874,66",0,D,0,ACCROCHE,1350,0,25,DIRE
59489,02/01/2026,N0057,17,25,N,0,194892,"929197,49","6683343,97",0,D,0,ACCROCHE,1350,0,25,DIRE
57413,02/01/2026,N0057,18,25,N,0,196242,"930500,5","6683230,92",0,D,0,ACCROCHE,1350,0,25,DIRE
4696,02/01/2026,N0057,19,25,N,0,197592,"931681,16","6683778,07",0,D,0,ACCROCHE,1593,0,25,DIRE
59066,02/01/2026,N0057,20,25,N,0,199185,"932750,81","6684950,73",0,I,0,ACCROCHE,444,449,25,DIRE
44443,02/01/2026,N0057,21,25,N,0,199629,"932990,8","6684599,8",0,D,0,ACCROCHE,876,0,25,DIRE
54268,02/01/2026,N0057,22,25,N,0,200505,"933706,52","6684126,13",0,D,0,ACCROCHE,1002,0,25,DIRE
4244,02/01/2026,N0057,23,25,N,0,201507,"934383,24","6683400,3",0,D,0,ACCROCHE,1017,0,25,DIRE
11033,02/01/2026,N0057,24,25,N,0,202524,"935212,47","6683057,99",0,D,0,ACCROCHE,1324,0,25,DIRE
27637,02/01/2026,N0057,25,25,N,0,203848,"936514,74","6683095,04",0,D,0,ACCROCHE,998,0,25,DIRE
28587,02/01/2026,N0057,26,25,N,0,204846,"937424,73","6682702,43",0,D,0,ACCROCHE,999,0,25,DIRE
70720,02/01/2026,N0057,27,25,N,0,205845,"938310,15","6682243,25",0,D,0,ACCROCHE,1021,0,25,DIRE
65175,02/01/2026,N0057,28,25,N,0,206866,"939204,88","6681883,51",0,D,0,ACCROCHE,1003,0,25,DIRE
6123,02/01/2026,N0057,29,25,N,0,207869,"940129,75","6682229,89",0,D,0,ACCROCHE,979,0,25,DIRE
26650,02/01/2026,N0057,30,25,N,0,208848,"941080,18","6682162,23",0,D,0,ACCROCHE,981,0,25,DIRE
10525,02/01/2026,N0057,31,25,N,0,209829,"941820,35","6681596,93",0,D,0,ACCROCHE,997,0,25,DIRE
16763,02/01/2026,N0057,32,25,N,0,210826,"942153,93","6680706,82",0,D,0,ACCROCHE,1003,0,25,DIRE
36521,02/01/2026,N0057,33,25,N,0,211829,"942936,27",6680136,0,D,0,ACCROCHE,994,0,25,DIRE
15762,02/01/2026,N0057,34,25,N,0,212823,"943838,49","6679821,38",0,D,0,ACCROCHE,997,0,25,DIRE
14166,02/01/2026,N0057,35,25,N,0,213820,"944739,42","6679440,44",0,D,0,ACCROCHE,1000,0,25,DIRE
71821,02/01/2026,N0057,36,25,N,0,214820,"945464,47","6678794,66",0,D,0,ACCROCHE,1000,0,25,DIRE
61395,02/01/2026,N0057,37,25,N,0,215820,"946241,67","6678203,28",0,D,0,ACCROCHE,916,0,25,DIRE
20438,02/01/2026,N0057,38,25,N,0,216736,"946979,45","6677682,57",0,I,0,ACCROCHE,1340,1340,25,DIRE
48151,02/01/2026,N0057,39,25,N,0,218076,"947800,77","6676650,54",0,I,0,ACCROCHE,1167,1167,25,DIRE
22606,02/01/2026,N0057,40,25,N,0,219243,"948581,77","6675804,09",0,I,0,ACCROCHE,1009,1009,25,DIRE
72457,02/01/2026,N0057,41,25,N,0,220252,"949195,51","6675017,78",0,I,0,ACCROCHE,947,947,25,DIRE
9698,02/01/2026,N0057,42,25,N,0,221199,"950049,84","6674669,38",0,I,0,ACCROCHE,916,916,25,DIRE
63184,02/01/2026,N0057,43,25,N,0,222115,"950721,89","6674056,51",0,I,0,ACCROCHE,1069,1069,25,DIRE
57014,02/01/2026,N0057,44,25,N,0,223184,"951387,83","6673236,39",0,I,0,ACCROCHE,968,968,25,DIRE
29254,02/01/2026,N0057,45,25,N,0,224152,"951960,57","6672473,02",0,D,0,ACCROCHE,1032,0,25,DIRE
599,02/01/2026,N0057,46,25,N,0,225184,"952876,14","6672123,09",0,D,0,ACCROCHE,992,0,25,DIRE
62353,02/01/2026,N0057,47,25,N,0,226176,"953679,7","6671641,99",0,D,0,ACCROCHE,1099,0,25,DIRE
63341,02/01/2026,N0057,48,25,N,0,227275,"954212,62","6670685,55",0,D,0,ACCROCHE,991,0,25,DIRE
26971,02/01/2026,N0057,49,25,N,0,228266,"954204,94","6669704,31",0,I,0,ACCROCHE,1003,1003,25,DIRE
32038,02/01/2026,N0057,50,25,N,0,229269,"954085,65","6668712,12",0,I,0,ACCROCHE,965,965,25,DIRE
39245,02/01/2026,N0057,51,25,N,0,230234,"953880,22","6667795,74",0,I,0,ACCROCHE,1080,1080,25,DIRE
23668,02/01/2026,N0057,52,25,N,0,231314,"954103,71","6666771,09",0,I,0,ACCROCHE,989,989,25,DIRE
18532,02/01/2026,N0057,53,25,N,0,232303,"953897,49","6665810,89",0,I,0,ACCROCHE,982,982,25,DIRE
56214,02/01/2026,N0057,54,25,N,0,233285,"953423,21","6664956,09",0,I,0,ACCROCHE,940,940,25,DIRE
1843,02/01/2026,N0057,55,25,N,0,234225,"953047,99","6664119,34",0,I,0,ACCROCHE,957,957,25,DIRE
4673,02/01/2026,N0057,56,25,N,0,235182,"952630,91","6663268,78",0,I,0,ACCROCHE,1080,1080,25,DIRE
18864,02/01/2026,N0057,57,25,N,0,236262,"952603,09","6662228,58",0,I,0,ACCROCHE,772,772,25,DIRE
19464,02/01/2026,N0057,58,25,N,0,237034,"952676,96","6661466,5",0,I,0,ACCROCHE,962,962,25,DIRE
15352,02/01/2026,N0057,59,25,N,0,237996,"952956,18","6660579,06",0,I,0,ACCROCHE,949,949,25,DIRE
62850,02/01/2026,N0057,60,25,N,0,238945,"952906,44","6659645,57",0,I,0,ACCROCHE,997,997,25,DIRE
66720,02/01/2026,N0057,61,25,N,0,239942,"953451,99","6658868,7",0,I,0,ACCROCHE,1003,1003,25,DIRE
58104,02/01/2026,N0057,62,25,N,0,240945,"954080,31","6658089,68",0,I,0,ACCROCHE,1019,1019,25,DIRE
19778,02/01/2026,N0057,63,25,N,0,241964,"954268,75","6657106,79",0,I,0,ACCROCHE,982,982,25,DIRE
33945,02/01/2026,N0057,64,25,N,0,242946,"954035,91","6656158,2",0,I,0,ACCROCHE,1004,1004,25,DIRE
5185,02/01/2026,N0057,65,25,N,0,243950,"954147,87","6655164,89",0,I,0,ACCROCHE,995,995,25,DIRE
66571,02/01/2026,N0057,66,25,N,0,244945,"954242,23","6654175,92",0,I,0,ACCROCHE,1350,1350,25,DIRE
32128,02/01/2026,N0057,67,25,N,0,246295,"953990,99","6652876,97",0,I,0,ACCROCHE,1355,1348,25,DIRE
74604,02/01/2026,N0057,68,25,N,0,247650,"953709,77","6651611,6",0,D,0,ACCROCHE,1352,0,25,DIRE
9826,02/01/2026,N0057,69,25,N,0,249002,"953428,55","6650311,26",0,I,0,ACCROCHE,1356,1348,25,DIRE
14542,02/01/2026,N0057,70,25,N,0,250358,"954315,53","6649874,62",0,I,0,ACCROCHE,1368,1412,25,DIRE
7794,02/01/2026,N0057,71,25,N,0,251726,"955546,25","6649872,22",0,I,0,ACCROCHE,1290,1312,25,DIRE
49274,02/01/2026,N0057,72,25,N,0,253016,"956139,42","6648812,38",0,I,0,ACCROCHE,1001,1001,25,DIRE
38142,02/01/2026,N0057,73,25,N,0,254017,"956201,62","6647828,94",0,I,0,ACCROCHE,1011,1011,25,DIRE
18466,02/01/2026,N0057,74,25,N,0,255028,"956953,7","6647341,42",0,I,0,ACCROCHE,991,991,25,DIRE
21213,02/01/2026,N0057,75,25,N,0,256019,"957030,9","6646457,13",0,I,0,ACCROCHE,1013,1013,25,DIRE
28612,02/01/2026,N0057,76,25,N,0,257032,"956740,98","6645485,48",0,I,0,ACCROCHE,991,991,25,DIRE
27329,02/01/2026,N0057,77,25,N,0,258023,"956873,42","6644590,36",0,I,0,ACCROCHE,1009,1009,25,DIRE
59621,02/01/2026,N0057,78,25,N,0,259032,"956659,56","6643642,16",0,I,0,ACCROCHE,994,994,25,DIRE
1021,02/01/2026,N0057,79,25,N,0,260026,"956623,61","6642648,64",0,I,0,ACCROCHE,1015,1015,25,DIRE
32543,02/01/2026,N0057,80,25,N,0,261041,"956817,82","6641670,23",0,I,0,ACCROCHE,994,994,25,DIRE
41991,02/01/2026,N0057,81,25,N,0,262035,"956832,53",6640728,0,I,0,ACCROCHE,1000,1000,25,DIRE
46003,02/01/2026,N0057,82,25,N,0,263035,"956304,52","6639906,7",0,I,0,ACCROCHE,996,996,25,DIRE
7443,02/01/2026,N0057,83,25,N,0,264031,"955964,69","6638998,13",0,I,0,ACCROCHE,1000,1000,25,DIRE
35356,02/01/2026,N0057,84,25,N,0,265031,"955972,68","6638033,09",0,D,0,ACCROCHE,1000,0,25,DIRE
73224,02/01/2026,N0057,85,25,N,0,266031,"956509,89","6637352,68",0,D,0,ACCROCHE,981,0,25,DIRE
30277,02/01/2026,N0057,86,25,N,0,267012,"957222,63","6636940,38",0,D,0,ACCROCHE,962,0,25,DIRE
70485,02/01/2026,N0057,87,25,N,0,267974,"957725,61","6636143,55",0,D,0,ACCROCHE,1017,0,25,DIRE
66669,02/01/2026,N0057,88,25,N,0,268991,"958059,78","6635265,42",0,I,0,ACCROCHE,643,643,25,DIRE
66739,02/01/2026,N0057,89,25,N,0,269634,"958518,36","6634834,28",0,I,0,ACCROCHE,988,988,25,DIRE
3993,02/01/2026,N0057,90,25,N,0,270622,"958315,26","6633985,14",0,I,0,ACCROCHE,964,964,25,DIRE
64585,02/01/2026,N0057,91,25,N,0,271586,957761,"6633255,51",0,I,0,ACCROCHE,1029,1029,25,DIRE
65409,02/01/2026,N0057,92,25,N,0,272615,"957441,18","6632355,54",0,I,0,ACCROCHE,956,956,25,DIRE
58210,02/01/2026,N0057,93,25,N,0,273571,"957927,1","6631584,77",0,I,0,ACCROCHE,606,606,25,DIRE
11158,02/01/2026,N0057,49,54,N,0,0,"934119,8","6835339,43",0,G,0,ACCROCHE,0,1000,54,DIRE
5429,02/01/2026,N0057,50,54,N,0,1000,"934273,89","6834359,4",0,G,0,ACCROCHE,0,1000,54,DIRE
25901,02/01/2026,N0057,51,54,N,0,2000,"934758,18","6833567,83",0,G,0,ACCROCHE,0,1000,54,DIRE
16861,02/01/2026,N0057,52,54,N,0,3000,"935374,38","6832795,74",0,G,0,ACCROCHE,0,1000,54,DIRE
70680,02/01/2026,N0057,53,54,N,0,4000,"936136,02","6832148,12",0,G,0,ACCROCHE,0,1000,54,DIRE
72413,02/01/2026,N0057,54,54,N,0,5000,"936609,49","6831276,61",0,G,0,ACCROCHE,0,1000,54,DIRE
36217,02/01/2026,N0057,55,54,N,0,6000,"937405,82","6830699,2",0,G,0,ACCROCHE,0,1000,54,DIRE
59152,02/01/2026,N0057,56,54,N,0,7000,"938117,74","6830018,58",0,G,0,ACCROCHE,0,1000,54,DIRE
64780,02/01/2026,N0057,57,54,N,0,8000,"938617,6","6829155,18",0,G,0,ACCROCHE,0,1000,54,DIRE
12718,02/01/2026,N0057,58,54,N,0,9000,"938849,17","6828185,4",0,G,0,ACCROCHE,0,1000,54,DIRE
20504,02/01/2026,N0057,59,54,N,0,10000,"938918,3","6827187,78",0,G,0,ACCROCHE,0,1000,54,DIRE
30106,02/01/2026,N0057,60,54,N,0,11000,"939221,04","6826240,24",0,G,0,ACCROCHE,0,1000,54,DIRE
38811,02/01/2026,N0057,61,54,N,0,12000,"939589,56","6825312,28",0,G,0,ACCROCHE,0,1000,54,DIRE
27678,02/01/2026,N0057,62,54,N,0,13000,"939958,15","6824384,18",0,G,0,ACCROCHE,0,1000,54,DIRE
26886,02/01/2026,N0057,63,54,N,0,14000,"940065,08","6823410,86",0,G,0,ACCROCHE,0,1000,54,DIRE
60282,02/01/2026,N0057,64,54,N,0,15000,"939529,38","6822584,7",0,G,0,ACCROCHE,0,1000,54,DIRE
1741,02/01/2026,N0057,65,54,N,0,16000,"939096,29","6821708,59",0,G,0,ACCROCHE,0,1000,54,DIRE
52155,02/01/2026,N0057,66,54,N,0,17000,"938937,84","6820714,89",0,G,0,ACCROCHE,0,1000,54,DIRE
7015,02/01/2026,N0057,67,54,N,0,18000,"938852,4","6819718,49",0,G,0,ACCROCHE,0,1000,54,DIRE
36718,02/01/2026,N0057,68,54,N,0,19000,"938929,54","6818733,4",0,G,0,ACCROCHE,0,1000,54,DIRE
53800,02/01/2026,N0057,69,54,N,0,20000,"939078,31","6817757,36",0,G,0,ACCROCHE,0,1000,54,DIRE
4899,02/01/2026,N0057,70,54,N,0,21000,"939271,6","6816782,24",0,G,0,ACCROCHE,0,1000,54,DIRE
8831,02/01/2026,N0057,0,88,N,0,22000,"939231,5","6815800,75",0,G,0,ACCROCHE,0,999,88,DIRE
12708,02/01/2026,N0057,1,88,N,0,22999,"939364,83","6814839,15",0,G,0,ACCROCHE,0,1002,88,DIRE
58817,02/01/2026,N0057,2,88,N,0,24001,"940173,01","6814274,82",0,G,0,ACCROCHE,0,1001,88,DIRE
38287,02/01/2026,N0057,3,88,N,0,25002,"940948,56","6813662,87",0,G,0,ACCROCHE,0,998,88,DIRE
14921,02/01/2026,N0057,4,88,N,0,26000,"941533,49","6812880,52",0,G,0,ACCROCHE,0,1005,88,DIRE
14909,02/01/2026,N0057,5,88,N,0,27005,"942516,15","6812720,41",0,G,0,ACCROCHE,0,1003,88,DIRE
55412,02/01/2026,N0057,6,88,N,0,28008,"943442,69","6812354,26",0,G,0,ACCROCHE,0,1002,88,DIRE
35623,02/01/2026,N0057,7,88,N,0,29010,"944019,24","6811559,86",0,G,0,ACCROCHE,0,997,88,DIRE
58018,02/01/2026,N0057,8,88,N,0,30007,"944612,2","6810765,87",0,G,0,ACCROCHE,0,1001,88,DIRE
14347,02/01/2026,N0057,9,88,N,0,31008,"945281,8","6810030,29",0,G,0,ACCROCHE,0,999,88,DIRE
73843,02/01/2026,N0057,10,88,N,0,32007,"945831,77","6809191,17",0,G,0,ACCROCHE,0,998,88,DIRE
19268,02/01/2026,N0057,11,88,N,0,33005,"946594,25","6808612,1",0,G,0,ACCROCHE,0,1000,88,DIRE
38570,02/01/2026,N0057,12,88,N,0,34005,"947583,45","6808684,28",0,G,0,ACCROCHE,0,1001,88,DIRE
68600,02/01/2026,N0057,13,88,N,0,35006,"948525,31","6808403,37",0,G,0,ACCROCHE,0,1001,88,DIRE
69641,02/01/2026,N0057,14,88,N,0,36007,"949201,69","6807668,39",0,G,0,ACCROCHE,0,999,88,DIRE
27471,02/01/2026,N0057,15,88,N,0,37006,"949797,42","6806876,55",0,G,0,ACCROCHE,0,1009,88,DIRE
18882,02/01/2026,N0057,16,88,N,0,38015,"949908,81","6805879,23",0,G,0,ACCROCHE,0,1002,88,DIRE
31222,02/01/2026,N0057,17,88,N,0,39017,"950348,77","6804987,15",0,G,0,ACCROCHE,0,1007,88,DIRE
51744,02/01/2026,N0057,18,88,N,0,40024,"950485,8","6803992,68",0,G,0,ACCROCHE,0,1003,88,DIRE
67485,02/01/2026,N0057,19,88,N,0,41027,"950665,96","6803001,66",0,G,0,ACCROCHE,0,1000,88,DIRE
13246,02/01/2026,N0057,20,88,N,0,42027,"951029,35","6802072,11",0,G,0,ACCROCHE,0,1022,88,DIRE
37930,02/01/2026,N0057,21,88,N,0,43049,"951514,07","6801173,28",0,G,0,ACCROCHE,0,1023,88,DIRE
23009,02/01/2026,N0057,22,88,N,0,44072,"952003,13","6800284,66",0,G,0,ACCROCHE,0,974,88,DIRE
954,02/01/2026,N0057,23,88,N,0,45046,"952590,88","6799506,12",0,G,0,ACCROCHE,0,1004,88,DIRE
46699,02/01/2026,N0057,24,88,N,0,46050,"953309,17","6798810,57",0,G,0,ACCROCHE,0,1008,88,DIRE
51829,02/01/2026,N0057,25,88,N,0,47058,"954022,15","6798104,39",0,G,0,ACCROCHE,0,998,88,DIRE
35053,02/01/2026,N0057,26,88,N,0,48056,"954650,97","6797332,94",0,G,0,ACCROCHE,0,999,88,DIRE
25230,02/01/2026,N0057,27,88,N,0,49055,"955622,46","6797194,27",0,G,0,ACCROCHE,0,1012,88,DIRE
1751,02/01/2026,N0057,28,88,N,0,50067,"956390,95","6796575,35",0,G,0,ACCROCHE,0,1001,88,DIRE
17715,02/01/2026,N0057,29,88,N,0,51068,"956787,25","6795659,85",0,G,0,ACCROCHE,0,996,88,DIRE
70386,02/01/2026,N0057,30,88,N,0,52064,"957417,1","6794892,16",0,G,0,ACCROCHE,0,1006,88,DIRE
11910,02/01/2026,N0057,31,88,N,0,53070,"958048,31","6794118,71",0,G,0,ACCROCHE,0,996,88,DIRE
45702,02/01/2026,N0057,32,88,N,0,54066,"958498,57","6793232,07",0,G,0,ACCROCHE,0,1010,88,DIRE
1685,02/01/2026,N0057,33,88,N,0,55076,"958919,59","6792343,83",0,G,0,ACCROCHE,0,989,88,DIRE
45166,02/01/2026,N0057,34,88,N,0,56065,"958871,37","6791364,57",0,G,0,ACCROCHE,0,1002,88,DIRE
6420,02/01/2026,N0057,35,88,N,0,57067,"959214,14","6790433,13",0,G,0,ACCROCHE,0,1001,88,DIRE
21942,02/01/2026,N0057,36,88,N,0,58068,"959112,04","6789448,6",0,G,0,ACCROCHE,0,988,88,DIRE
22758,02/01/2026,N0057,37,88,N,0,59056,"959775,06","6788829,84",0,G,0,ACCROCHE,0,1006,88,DIRE
66111,02/01/2026,N0057,38,88,N,0,60062,"960694,75","6788646,54",0,G,0,ACCROCHE,0,1003,88,DIRE
1630,02/01/2026,N0057,39,88,N,0,61065,"961291,77","6787865,68",0,G,0,ACCROCHE,0,1001,88,DIRE
51692,02/01/2026,N0057,40,88,N,0,62066,"961435,6","6786876,61",0,G,0,ACCROCHE,0,977,88,DIRE
63497,02/01/2026,N0057,41,88,N,0,63043,"962026,75","6786163,62",0,G,0,ACCROCHE,0,1009,88,DIRE
15190,02/01/2026,N0057,42,88,N,0,64052,"962911,29","6785805,36",0,G,0,ACCROCHE,0,980,88,DIRE
32021,02/01/2026,N0057,43,88,N,0,65032,"963724,8","6785401,46",0,G,0,ACCROCHE,0,1009,88,DIRE
50305,02/01/2026,N0057,44,88,N,0,66041,"964697,63","6785312,52",0,G,0,ACCROCHE,0,993,88,DIRE
71952,02/01/2026,N0057,45,88,N,0,67034,"965596,79","6784888,56",0,G,0,ACCROCHE,0,1004,88,DIRE
16646,02/01/2026,N0057,46,88,N,0,68038,"966528,54","6784598,46",0,G,0,ACCROCHE,0,1014,88,DIRE
24917,02/01/2026,N0057,47,88,N,0,69052,"967093,67","6783883,16",0,G,0,ACCROCHE,0,999,88,DIRE
32097,02/01/2026,N0057,48,88,N,0,70051,"967518,75","6783000,89",0,G,0,ACCROCHE,0,1014,88,DIRE
12674,02/01/2026,N0057,49,88,N,0,71065,"967694,28","6782086,49",0,G,0,ACCROCHE,0,1000,88,DIRE
54955,02/01/2026,N0057,50,88,N,0,72065,"967521,55","6781100,04",0,G,0,ACCROCHE,0,1003,88,DIRE
42373,02/01/2026,N0057,51,88,N,0,73068,"967879,23","6780196,04",0,G,0,ACCROCHE,0,1009,88,DIRE
34107,02/01/2026,N0057,52,88,N,0,74077,"967499,42","6779270,81",0,G,0,ACCROCHE,0,998,88,DIRE
19025,02/01/2026,N0057,53,88,N,0,75075,"966949,08","6778447,29",0,G,0,ACCROCHE,0,996,88,DIRE
34353,02/01/2026,N0057,54,88,N,0,76071,"966994,3","6777507,93",0,G,0,ACCROCHE,0,1037,88,DIRE
24927,02/01/2026,N0057,55,88,N,0,77108,"966784,02","6776496,85",0,G,0,ACCROCHE,0,1014,88,DIRE
20724,02/01/2026,N0057,56,88,N,0,78122,"966296,73","6775625,08",0,G,0,ACCROCHE,0,1004,88,DIRE
47169,02/01/2026,N0057,57,88,N,0,79126,"965878,94","6774720,9",0,G,0,ACCROCHE,0,1006,88,DIRE
1033,02/01/2026,N0057,58,88,N,0,80132,"965482,04","6773807,76",0,G,0,ACCROCHE,0,1012,88,DIRE
56731,02/01/2026,N0057,59,88,N,0,81144,"964988,14","6772944,63",0,G,0,ACCROCHE,0,987,88,DIRE
67185,02/01/2026,N0057,60,88,N,0,82131,"964561,4","6772069,65",0,G,0,ACCROCHE,0,1019,88,DIRE
37934,02/01/2026,N0057,61,88,N,0,83150,"963803,38","6771553,99",0,G,0,ACCROCHE,0,983,88,DIRE
56024,02/01/2026,N0057,62,88,N,0,84133,"962895,28","6771230,45",0,G,0,ACCROCHE,0,1007,88,DIRE
20349,02/01/2026,N0057,63,88,N,0,85140,"961963,7","6770930,99",0,G,0,ACCROCHE,0,976,88,DIRE
30656,02/01/2026,N0057,64,88,N,0,86116,"961059,5","6770657,6",0,G,0,ACCROCHE,0,989,88,DIRE
46307,02/01/2026,N0057,65,88,N,0,87105,"960693,72","6769749,78",0,G,0,ACCROCHE,0,991,88,DIRE
14103,02/01/2026,N0057,66,88,N,0,88096,"960526,34","6768772,14",0,G,0,ACCROCHE,0,389,88,DIRE
40911,02/01/2026,N0057,67,88,N,0,88485,"960392,16","6768407,45",0,G,0,ACCROCHE,0,1011,88,DIRE
35809,02/01/2026,N0057,68,88,N,0,89496,"959750,37","6767643,82",0,G,0,ACCROCHE,0,1004,88,DIRE
51152,02/01/2026,N0057,69,88,N,0,90500,"958920,12","6767097,54",0,G,0,ACCROCHE,0,995,88,DIRE
71501,02/01/2026,N0057,70,88,N,0,91495,"958171,43","6766456,36",0,G,0,ACCROCHE,0,998,88,DIRE
8116,02/01/2026,N0057,71,88,N,0,92493,"957648,3","6765600,49",0,G,0,ACCROCHE,0,1001,88,DIRE
69904,02/01/2026,N0057,10,70,N,0,103716,"952822,12","6756341,34",0,G,0,ACCROCHE,0,960,70,DIRE
52548,02/01/2026,N0057,11,70,N,0,104676,"953133,1","6755445,11",0,G,0,ACCROCHE,0,719,70,DIRE
38435,02/01/2026,N0057,12,70,N,0,105395,"953629,2","6754933,02",0,G,0,ACCROCHE,0,1006,70,DIRE
68193,02/01/2026,N0057,13,70,N,0,106401,"954337,12","6754227,45",0,G,0,ACCROCHE,0,1016,70,DIRE
36188,02/01/2026,N0057,14,70,N,0,107417,"954479,96","6753284,07",0,G,0,ACCROCHE,0,1000,70,DIRE
16014,02/01/2026,N0057,15,70,N,0,108417,"953967,91","6752453,51",0,G,0,ACCROCHE,0,1104,70,DIRE
53544,02/01/2026,N0057,16,70,N,0,109521,"954178,21","6751416,8",0,G,0,ACCROCHE,0,1104,70,DIRE
7961,02/01/2026,N0057,26,70,N,0,120083,"949232,76","6743686,49",0,G,0,ACCROCHE,0,946,70,DIRE
51110,02/01/2026,N0057,27,70,N,0,121029,"948764,54","6742881,73",0,G,0,ACCROCHE,0,994,70,DIRE
35265,02/01/2026,N0057,52,70,N,0,145855,"935981,76","6723649,62",0,G,0,ACCROCHE,0,1017,70,DIRE
67205,02/01/2026,N0057,53,70,N,0,146872,"935899,59","6722654,53",0,G,0,ACCROCHE,0,985,70,DIRE
38523,02/01/2026,N0057,54,70,N,0,147857,"935492,51","6721742,18",0,G,0,ACCROCHE,0,990,70,DIRE
70224,02/01/2026,N0057,55,70,N,0,148847,"935765,99","6720797,6",0,G,0,ACCROCHE,0,1001,70,DIRE
67134,02/01/2026,N0057,56,70,N,0,149848,"935596,99","6719835,96",0,G,0,ACCROCHE,0,987,70,DIRE
32209,02/01/2026,N0057,57,70,N,0,150835,"935443,75","6718857,79",0,G,0,ACCROCHE,0,998,70,DIRE
3014,02/01/2026,N0057,58,70,N,0,151833,"935169,93","6717893,45",0,G,0,ACCROCHE,0,900,70,DIRE
47417,02/01/2026,N0057,69,70,N,0,162615,"931040,89","6708344,75",0,G,0,ACCROCHE,0,1030,70,DIRE
66378,02/01/2026,N0057,70,70,N,0,163645,"930697,19","6707479,68",0,G,0,ACCROCHE,0,1280,70,DIRE
21898,02/01/2026,N0057,71,70,N,0,164925,"931247,52","6706328,77",0,G,0,ACCROCHE,0,947,70,DIRE
27599,02/01/2026,N0057,72,70,N,0,165872,"931376,18","6705412,7",0,G,0,ACCROCHE,0,956,70,DIRE
52554,02/01/2026,N0057,73,70,N,0,166828,"931154,67","6704489,29",0,G,0,ACCROCHE,0,1020,70,DIRE
54247,02/01/2026,N0057,74,70,N,0,167848,"930915,63","6703574,5",0,G,0,ACCROCHE,0,1049,70,DIRE
15171,02/01/2026,N0057,75,70,N,0,168897,"930484,64","6702619,57",0,G,0,ACCROCHE,0,948,70,DIRE
55914,02/01/2026,N0057,76,70,N,0,169845,"930104,55","6701749,28",0,G,0,ACCROCHE,0,952,70,DIRE
31761,02/01/2026,N0057,77,70,N,0,170797,"929739,93","6700870,8",0,G,0,ACCROCHE,0,949,70,DIRE
3524,02/01/2026,N0057,78,70,N,0,171746,"929222,63","6700077,04",0,G,0,ACCROCHE,0,949,70,DIRE
51973,02/01/2026,N0057,79,70,N,0,172695,"928666,45","6699310,17",0,G,0,ACCROCHE,0,986,70,DIRE
1351,02/01/2026,N0057,80,70,N,0,173681,"927979,62","6698609,53",0,G,0,ACCROCHE,0,1030,70,DIRE
62846,02/01/2026,N0057,81,70,N,0,174711,"927277,14","6697867,99",0,G,0,ACCROCHE,0,690,70,DIRE
10106,02/01/2026,N0057,0,25,N,0,175401,"927036,62","6697223,56",0,G,0,ACCROCHE,0,969,25,DIRE
14227,02/01/2026,N0057,1,25,N,0,176370,"926705,02","6696286,26",0,G,0,ACCROCHE,0,1034,25,DIRE
6098,02/01/2026,N0057,2,25,N,0,177404,"926415,29","6695311,04",0,G,0,ACCROCHE,0,1041,25,DIRE
28589,02/01/2026,N0057,3,25,N,0,178445,"926181,65","6694330,31",0,G,0,ACCROCHE,0,896,25,DIRE
21732,02/01/2026,N0057,4,25,N,0,179341,"925840,88","6693471,76",0,G,0,ACCROCHE,0,991,25,DIRE
41717,02/01/2026,N0057,5,25,N,0,180332,"925670,89","6692496,06",0,G,0,ACCROCHE,0,991,25,DIRE
53989,02/01/2026,N0057,6,25,N,0,181323,"925516,04","6691522,11",0,G,0,ACCROCHE,0,986,25,DIRE
7708,02/01/2026,N0057,7,25,N,0,182309,"926081,4","6690815,24",0,G,0,ACCROCHE,0,565,25,DIRE
8257,02/01/2026,N0057,8,25,N,0,182874,"926394,6","6690356,24",0,G,0,ACCROCHE,0,1383,25,DIRE
45500,02/01/2026,N0057,9,25,N,0,184257,"927219,76","6689253,49",0,G,0,ACCROCHE,0,1342,25,DIRE
66337,02/01/2026,N0057,10,25,N,0,185599,"926513,78","6688243,2",0,G,0,ACCROCHE,0,1333,25,DIRE
21695,02/01/2026,N0057,11,25,N,0,186932,"925623,66","6687343,15",0,G,0,ACCROCHE,0,1336,25,DIRE
46095,02/01/2026,N0057,12,25,N,0,188268,"925363,29","6686086,01",0,G,0,ACCROCHE,0,1350,25,DIRE
8905,02/01/2026,N0057,15,25,N,0,192091,"926952,57","6683260,61",0,G,0,ACCROCHE,0,1368,25,DIRE
61792,02/01/2026,N0057,16,25,N,0,193459,"928054,51","6683883,7",0,G,0,ACCROCHE,0,1376,25,DIRE
29960,02/01/2026,N0057,17,25,N,0,194835,"929199,83","6683355,53",0,G,0,ACCROCHE,0,1335,25,DIRE
4990,02/01/2026,N0057,18,25,N,0,196170,"930495,15","6683242,3",0,G,0,ACCROCHE,0,1338,25,DIRE
6162,02/01/2026,N0057,19,25,N,0,197508,"931672,99","6683784,01",0,G,0,ACCROCHE,0,1596,25,DIRE
28510,02/01/2026,N0057,21,25,N,0,199553,"932994,62","6684608,01",0,G,0,ACCROCHE,0,885,25,DIRE
46295,02/01/2026,N0057,22,25,N,0,200438,"933712,93","6684133,31",0,G,0,ACCROCHE,0,1004,25,DIRE
66319,02/01/2026,N0057,23,25,N,0,201442,"934390,39","6683404,49",0,G,0,ACCROCHE,0,998,25,DIRE
2064,02/01/2026,N0057,24,25,N,0,202440,"935210,24",6683066,0,G,0,ACCROCHE,0,1331,25,DIRE
13880,02/01/2026,N0057,25,25,N,0,203771,"936518,58","6683105,77",0,G,0,ACCROCHE,0,1000,25,DIRE
56624,02/01/2026,N0057,26,25,N,0,204771,"937429,87","6682711,57",0,G,0,ACCROCHE,0,997,25,DIRE
38159,02/01/2026,N0057,27,25,N,0,205768,"938314,22","6682251,32",0,G,0,ACCROCHE,0,997,25,DIRE
21052,02/01/2026,N0057,28,25,N,0,206765,"939200,96","6681893,87",0,G,0,ACCROCHE,0,1007,25,DIRE
63296,02/01/2026,N0057,29,25,N,0,207772,"940131,46","6682239,92",0,G,0,ACCROCHE,0,977,25,DIRE
36441,02/01/2026,N0057,30,25,N,0,208749,"941082,94","6682172,41",0,G,0,ACCROCHE,0,995,25,DIRE
116,02/01/2026,N0057,31,25,N,0,209744,"941830,05","6681600,49",0,G,0,ACCROCHE,0,989,25,DIRE
24842,02/01/2026,N0057,32,25,N,0,210733,"942161,24","6680713,61",0,G,0,ACCROCHE,0,983,25,DIRE
50261,02/01/2026,N0057,33,25,N,0,211716,"942936,81","6680146,23",0,G,0,ACCROCHE,0,1002,25,DIRE
35802,02/01/2026,N0057,34,25,N,0,212718,"943844,92","6679829,59",0,G,0,ACCROCHE,0,989,25,DIRE
72999,02/01/2026,N0057,35,25,N,0,213707,"944742,18","6679450,8",0,G,0,ACCROCHE,0,1000,25,DIRE
68670,02/01/2026,N0057,36,25,N,0,214707,"945472,97","6678799,85",0,G,0,ACCROCHE,0,1000,25,DIRE
52001,02/01/2026,N0057,37,25,N,0,215707,"946247,35","6678214,92",0,G,0,ACCROCHE,0,927,25,DIRE
53482,02/01/2026,N0057,45,25,N,0,224050,"951965,77","6672478,17",0,G,0,ACCROCHE,0,1018,25,DIRE
53828,02/01/2026,N0057,46,25,N,0,225068,"952876,15","6672134,07",0,G,0,ACCROCHE,0,1012,25,DIRE
53405,02/01/2026,N0057,47,25,N,0,226080,"953688,71","6671647,46",0,G,0,ACCROCHE,0,1105,25,DIRE
60511,02/01/2026,N0057,48,25,N,0,227185,"954217,86","6670686,37",0,G,0,ACCROCHE,0,991,25,DIRE
37049,02/01/2026,N0057,68,25,N,0,247553,"953719,91","6651609,66",0,G,0,ACCROCHE,0,1358,25,DIRE
40086,02/01/2026,N0057,84,25,N,0,264998,"955982,49","6638034,8",0,G,0,ACCROCHE,0,1000,25,DIRE
71170,02/01/2026,N0057,85,25,N,0,265998,956510,"6637362,6",0,G,0,ACCROCHE,0,981,25,DIRE
29919,02/01/2026,N0057,86,25,N,0,266979,"957233,05","6636944,28",0,G,0,ACCROCHE,0,962,25,DIRE
27168,02/01/2026,N0057,87,25,N,0,267941,"957734,86","6636147,31",0,G,0,ACCROCHE,0,971,25,DIRE
3083,02/01/2026,N0059,3,54,N,0,0,"960683,01","6835743,06",0,D,0,ACCROCHE,695,0,54,DIRE
28146,02/01/2026,N0059,4,54,N,0,695,"961136,91","6835270,47",0,D,0,ACCROCHE,1009,0,54,DIRE
10757,02/01/2026,N0059,5,54,N,0,1704,"961886,72","6834608,21",0,D,0,ACCROCHE,1004,0,54,DIRE
4046,02/01/2026,N0059,6,54,N,0,2708,"962448,49","6833823,63",0,D,0,ACCROCHE,1001,0,54,DIRE
1792,02/01/2026,N0059,7,54,N,0,3709,"963123,92","6833128,95",0,D,0,ACCROCHE,1000,0,54,DIRE
54398,02/01/2026,N0059,8,54,N,0,4709,"963856,39","6832470,33",0,D,0,ACCROCHE,1000,0,54,DIRE
4503,02/01/2026,N0059,9,54,N,0,5709,"964506,17","6831728,78",0,D,0,ACCROCHE,1000,0,54,DIRE
63951,02/01/2026,N0059,10,54,N,0,6709,"965421,27","6831341,26",0,D,0,ACCROCHE,1000,0,54,DIRE
64981,02/01/2026,N0059,11,54,N,0,7709,"966365,8","6831067,64",0,D,0,ACCROCHE,1000,0,54,DIRE
27822,02/01/2026,N0059,12,54,N,0,8709,"967322,14","6831352,15",0,D,0,ACCROCHE,1000,0,54,DIRE
28585,02/01/2026,N0059,13,54,N,0,9709,"968289,91","6831249,52",0,D,0,ACCROCHE,1000,0,54,DIRE
71362,02/01/2026,N0059,14,54,N,0,10709,"969075,6","6830636,31",0,D,0,ACCROCHE,1000,0,54,DIRE
3109,02/01/2026,N0059,15,54,N,0,11709,"969902,74","6830080,66",0,D,0,ACCROCHE,1000,0,54,DIRE
18965,02/01/2026,N0059,16,54,N,0,12709,"970784,55","6829613,76",0,D,0,ACCROCHE,1000,0,54,DIRE
50391,02/01/2026,N0059,17,54,N,0,13709,"971558,57","6828988,78",0,D,0,ACCROCHE,1000,0,54,DIRE
49937,02/01/2026,N0059,18,54,N,0,14709,"972503,84","6828662,69",0,D,0,ACCROCHE,1000,0,54,DIRE
10976,02/01/2026,N0059,19,54,N,0,15709,"973295,66","6828065,54",0,D,0,ACCROCHE,1000,0,54,DIRE
46721,02/01/2026,N0059,20,54,N,0,16709,"973901,36","6827279,43",0,D,0,ACCROCHE,1000,0,54,DIRE
4413,02/01/2026,N0059,21,54,N,0,17709,"974418,44","6826426,76",0,D,0,ACCROCHE,1000,0,54,DIRE
59535,02/01/2026,N0059,22,54,N,0,18709,"975120,85","6825715,56",0,D,0,ACCROCHE,1680,0,54,DIRE
15154,02/01/2026,N0059,23,54,N,0,20389,"976511,22","6824825,19",0,D,0,ACCROCHE,1000,0,54,DIRE
66535,02/01/2026,N0059,24,54,N,0,21389,"977153,05","6824092,95",0,D,0,ACCROCHE,1000,0,54,DIRE
24633,02/01/2026,N0059,25,54,N,0,22389,"977461,09","6823149,82",0,D,0,ACCROCHE,1000,0,54,DIRE
9687,02/01/2026,N0059,26,54,N,0,23389,"978045,02","6822355,3",0,D,0,ACCROCHE,1000,0,54,DIRE
31265,02/01/2026,N0059,27,54,N,0,24389,"978901,88","6821912,64",0,D,0,ACCROCHE,1000,0,54,DIRE
34196,02/01/2026,N0059,28,54,N,0,25389,"979734,66","6821445,02",0,D,0,ACCROCHE,1000,0,54,DIRE
22312,02/01/2026,N0059,29,54,N,0,26389,"980333,5","6820657,15",0,D,0,ACCROCHE,1000,0,54,DIRE
54353,02/01/2026,N0059,30,54,N,0,27389,"980737,4","6819756,52",0,D,0,ACCROCHE,1000,0,54,DIRE
11750,02/01/2026,N0059,31,54,N,0,28389,"981313,37","6818971,7",0,D,0,ACCROCHE,1000,0,54,DIRE
19445,02/01/2026,N0059,32,54,N,0,29389,"982206,99","6818538,29",0,D,0,ACCROCHE,570,0,54,DIRE
64391,02/01/2026,N0059,0,88,N,0,29959,"982699,22","6818260,84",0,D,0,ACCROCHE,378,0,88,DIRE
49952,02/01/2026,N0059,1,88,N,0,30337,"982979,48","6818013,29",0,D,0,ACCROCHE,1008,0,88,DIRE
70268,02/01/2026,N0059,2,88,N,0,31345,"983869,8","6817567,2",0,D,0,ACCROCHE,1001,0,88,DIRE
43677,02/01/2026,N0059,3,88,N,0,32346,"984836,19","6817446,09",0,D,0,ACCROCHE,998,0,88,DIRE
1061,02/01/2026,N0059,4,88,N,0,33344,"985766,35","6817109,05",0,D,0,ACCROCHE,987,0,88,DIRE
56433,02/01/2026,N0059,5,88,N,0,34331,"986314,57","6816296,41",0,D,0,ACCROCHE,993,0,88,DIRE
11366,02/01/2026,N0059,6,88,N,0,35324,"986856,41","6815468,76",0,D,0,ACCROCHE,992,0,88,DIRE
49152,02/01/2026,N0059,7,88,N,0,36316,"987411,42","6814693,59",0,D,0,ACCROCHE,992,0,88,DIRE
42135,02/01/2026,N0059,8,88,N,0,37308,"987636,18","6813727,8",0,D,0,ACCROCHE,996,0,88,DIRE
22028,02/01/2026,N0059,9,88,N,0,38304,"987646,75","6812758,5",0,D,0,ACCROCHE,987,0,88,DIRE
30427,02/01/2026,N0059,10,88,N,0,39291,"988101,21","6811900,36",0,D,0,ACCROCHE,1000,0,88,DIRE
38010,02/01/2026,N0059,11,88,N,0,40291,"988475,18","6810976,42",0,D,0,ACCROCHE,689,0,88,DIRE
34493,02/01/2026,N0059,12,88,N,0,40980,"988891,52","6810430,72",0,D,0,ACCROCHE,972,0,88,DIRE
36609,02/01/2026,N0059,13,88,N,0,41952,"989613,17","6809780,98",0,D,0,ACCROCHE,995,0,88,DIRE
20531,02/01/2026,N0059,14,88,N,0,42947,"990257,55","6809046,35",0,D,0,ACCROCHE,1002,0,88,DIRE
62198,02/01/2026,N0059,15,88,N,0,43949,"990650,68","6808127,69",0,D,0,ACCROCHE,1008,0,88,DIRE
54920,02/01/2026,N0059,16,88,N,0,44957,"991143,74","6807257,22",0,D,0,ACCROCHE,992,0,88,DIRE
28522,02/01/2026,N0059,17,88,N,0,45949,"991425,16","6806338,9",0,D,0,ACCROCHE,1008,0,88,DIRE
67781,02/01/2026,N0059,18,88,N,0,46957,"991757,35","6805422,39",0,D,0,ACCROCHE,1007,0,88,DIRE
53420,02/01/2026,N0059,19,88,N,0,47964,"992348,73","6804651,12",0,D,0,ACCROCHE,1001,0,88,DIRE
16799,02/01/2026,N0059,20,88,N,0,48965,"992459,22","6803801,42",0,D,0,ACCROCHE,1015,0,88,DIRE
22509,02/01/2026,N0059,21,88,N,0,49980,"992912,64","6803194,74",0,D,0,ACCROCHE,1000,0,88,DIRE
53679,02/01/2026,N0059,22,88,N,0,50980,"993892,69","6803141,28",0,D,0,ACCROCHE,1005,0,88,DIRE
50891,02/01/2026,N0059,23,88,N,0,51985,"994901,32","6803117,83",0,D,0,ACCROCHE,1000,0,88,DIRE
30840,02/01/2026,N0059,24,88,N,0,52985,"995867,37","6803146,52",0,D,0,ACCROCHE,993,0,88,DIRE
45962,02/01/2026,N0059,25,88,N,0,53978,"996809,18","6803251,68",0,I,0,ACCROCHE,1006,1054,88,DIRE
70794,02/01/2026,N0059,26,88,N,0,54984,"997765,64","6803480,15",0,I,0,ACCROCHE,988,988,88,DIRE
44137,02/01/2026,N0059,27,88,N,0,55972,998719,"6803704,3",0,I,0,ACCROCHE,1006,1006,88,DIRE
38984,02/01/2026,N0059,28,88,N,0,56978,"999683,23","6804011,94",0,I,0,ACCROCHE,32,32,88,DIRE
39310,02/01/2026,N0059,3,54,N,0,0,"960690,16","6835749,8",0,G,0,ACCROCHE,0,686,54,DIRE
63458,02/01/2026,N0059,4,54,N,0,686,"961144,96","6835278,24",0,G,0,ACCROCHE,0,1004,54,DIRE
68102,02/01/2026,N0059,5,54,N,0,1690,"961892,9","6834615,28",0,G,0,ACCROCHE,0,1017,54,DIRE
6450,02/01/2026,N0059,6,54,N,0,2707,"962457,69","6833826,59",0,G,0,ACCROCHE,0,987,54,DIRE
50325,02/01/2026,N0059,7,54,N,0,3694,"963129,3","6833136,76",0,G,0,ACCROCHE,0,1000,54,DIRE
65042,02/01/2026,N0059,8,54,N,0,4694,"963865,01","6832475,42",0,G,0,ACCROCHE,0,1000,54,DIRE
45759,02/01/2026,N0059,9,54,N,0,5694,964511,"6831737,52",0,G,0,ACCROCHE,0,1000,54,DIRE
69840,02/01/2026,N0059,10,54,N,0,6694,"965426,82","6831349,58",0,G,0,ACCROCHE,0,1000,54,DIRE
19568,02/01/2026,N0059,11,54,N,0,7694,"966364,98","6831077,54",0,G,0,ACCROCHE,0,1000,54,DIRE
44884,02/01/2026,N0059,12,54,N,0,8694,"967319,62","6831361,85",0,G,0,ACCROCHE,0,1000,54,DIRE
70769,02/01/2026,N0059,13,54,N,0,9694,"968294,37","6831258,47",0,G,0,ACCROCHE,0,1000,54,DIRE
63612,02/01/2026,N0059,14,54,N,0,10694,"969082,06","6830643,91",0,G,0,ACCROCHE,0,1000,54,DIRE
58745,02/01/2026,N0059,15,54,N,0,11694,"969907,22","6830089,62",0,G,0,ACCROCHE,0,1000,54,DIRE
26459,02/01/2026,N0059,16,54,N,0,12694,"970790,35","6829621,91",0,G,0,ACCROCHE,0,1000,54,DIRE
20796,02/01/2026,N0059,17,54,N,0,13694,"971562,83","6828997,8",0,G,0,ACCROCHE,0,1000,54,DIRE
66617,02/01/2026,N0059,18,54,N,0,14694,"972507,74","6828671,89",0,G,0,ACCROCHE,0,1000,54,DIRE
30379,02/01/2026,N0059,19,54,N,0,15694,"973302,35","6828072,95",0,G,0,ACCROCHE,0,1000,54,DIRE
16522,02/01/2026,N0059,20,54,N,0,16694,"973910,27","6827283,33",0,G,0,ACCROCHE,0,1000,54,DIRE
31609,02/01/2026,N0059,21,54,N,0,17694,"974426,06","6826433,33",0,G,0,ACCROCHE,0,1000,54,DIRE
70269,02/01/2026,N0059,22,54,N,0,18694,"975128,22","6825722,4",0,G,0,ACCROCHE,0,1680,54,DIRE
32372,02/01/2026,N0059,23,54,N,0,20374,"976516,69","6824833,71",0,G,0,ACCROCHE,0,1000,54,DIRE
22013,02/01/2026,N0059,24,54,N,0,21374,"977162,2","6824096,33",0,G,0,ACCROCHE,0,1000,54,DIRE
68325,02/01/2026,N0059,25,54,N,0,22374,"977470,55","6823152,98",0,G,0,ACCROCHE,0,1000,54,DIRE
39438,02/01/2026,N0059,26,54,N,0,23374,"978052,49","6822361,83",0,G,0,ACCROCHE,0,1000,54,DIRE
52107,02/01/2026,N0059,27,54,N,0,24374,"978903,65","6821922,76",0,G,0,ACCROCHE,0,1000,54,DIRE
9786,02/01/2026,N0059,28,54,N,0,25374,"979742,55","6821451,69",0,G,0,ACCROCHE,0,1000,54,DIRE
74760,02/01/2026,N0059,29,54,N,0,26374,"980342,64","6820662,27",0,G,0,ACCROCHE,0,1000,54,DIRE
35274,02/01/2026,N0059,30,54,N,0,27374,"980747,06","6819760,07",0,G,0,ACCROCHE,0,1000,54,DIRE
7377,02/01/2026,N0059,31,54,N,0,28374,"981318,82","6818980,51",0,G,0,ACCROCHE,0,1000,54,DIRE
17090,02/01/2026,N0059,32,54,N,0,29374,"982210,84","6818547,74",0,G,0,ACCROCHE,0,570,54,DIRE
40246,02/01/2026,N0059,0,88,N,0,29944,"982705,71","6818268,54",0,G,0,ACCROCHE,0,378,88,DIRE
20987,02/01/2026,N0059,1,88,N,0,30322,"982985,67","6818021,31",0,G,0,ACCROCHE,0,995,88,DIRE
53609,02/01/2026,N0059,2,88,N,0,31317,"983856,69","6817580,01",0,G,0,ACCROCHE,0,1004,88,DIRE
36066,02/01/2026,N0059,3,88,N,0,32321,"984827,59","6817458,87",0,G,0,ACCROCHE,0,1003,88,DIRE
54274,02/01/2026,N0059,4,88,N,0,33324,985767,"6817121,52",0,G,0,ACCROCHE,0,993,88,DIRE
53988,02/01/2026,N0059,5,88,N,0,34317,"986321,37","6816305,77",0,G,0,ACCROCHE,0,992,88,DIRE
33280,02/01/2026,N0059,6,88,N,0,35309,"986863,46","6815477,63",0,G,0,ACCROCHE,0,997,88,DIRE
2078,02/01/2026,N0059,7,88,N,0,36306,"987422,89","6814696,95",0,G,0,ACCROCHE,0,998,88,DIRE
50022,02/01/2026,N0059,8,88,N,0,37304,"987649,45","6813737,52",0,G,0,ACCROCHE,0,986,88,DIRE
56728,02/01/2026,N0059,9,88,N,0,38290,"987651,22","6812776,33",0,G,0,ACCROCHE,0,990,88,DIRE
29016,02/01/2026,N0059,10,88,N,0,39280,"988113,49","6811896,99",0,G,0,ACCROCHE,0,1000,88,DIRE
68494,02/01/2026,N0059,11,88,N,0,40280,"988489,53","6810971,02",0,G,0,ACCROCHE,0,674,88,DIRE
49555,02/01/2026,N0059,12,88,N,0,40954,"988899,48","6810437,06",0,G,0,ACCROCHE,0,975,88,DIRE
35951,02/01/2026,N0059,13,88,N,0,41929,"989609,13","6809798,77",0,G,0,ACCROCHE,0,1002,88,DIRE
68510,02/01/2026,N0059,14,88,N,0,42931,"990262,23","6809064,95",0,G,0,ACCROCHE,0,999,88,DIRE
56111,02/01/2026,N0059,15,88,N,0,43930,"990652,19","6808147,48",0,G,0,ACCROCHE,0,1003,88,DIRE
15040,02/01/2026,N0059,16,88,N,0,44933,"991138,68","6807280,43",0,G,0,ACCROCHE,0,1003,88,DIRE
1658,02/01/2026,N0059,17,88,N,0,45936,"991435,33","6806340,93",0,G,0,ACCROCHE,0,999,88,DIRE
28185,02/01/2026,N0059,18,88,N,0,46935,"991766,94","6805423,81",0,G,0,ACCROCHE,0,1002,88,DIRE
30422,02/01/2026,N0059,19,88,N,0,47937,"992362,46","6804658,59",0,G,0,ACCROCHE,0,1003,88,DIRE
62423,02/01/2026,N0059,20,88,N,0,48940,"992476,02","6803799,79",0,G,0,ACCROCHE,0,997,88,DIRE
1742,02/01/2026,N0059,21,88,N,0,49937,"992917,44","6803202,97",0,G,0,ACCROCHE,0,1000,88,DIRE
52670,02/01/2026,N0059,22,88,N,0,50937,"993901,56","6803151,07",0,G,0,ACCROCHE,0,1004,88,DIRE
16502,02/01/2026,N0059,23,88,N,0,51941,"994896,94","6803126,72",0,G,0,ACCROCHE,0,1000,88,DIRE
35415,02/01/2026,N0059,24,88,N,0,52941,"995870,7","6803156,16",0,G,0,ACCROCHE,0,993,88,DIRE
47429,02/01/2026,N0066,0,88,N,0,0,"966847,29","6776192,25",0,D,0,ACCROCHE,1000,0,88,DIRE
7544,02/01/2026,N0066,1,88,N,0,1000,"967520,12","6775475,67",0,D,0,ACCROCHE,1002,0,88,DIRE
64952,02/01/2026,N0066,2,88,N,0,2002,"968212,42","6774773,34",0,D,0,ACCROCHE,1001,0,88,DIRE
70235,02/01/2026,N0066,3,88,N,0,3003,"969097,09","6774338,86",0,D,0,ACCROCHE,1000,0,88,DIRE
33706,02/01/2026,N0066,4,88,N,0,4003,"969423,53","6773411,27",0,D,0,ACCROCHE,1000,0,88,DIRE
74063,02/01/2026,N0066,5,88,N,0,5003,"969848,26","6772524,14",0,D,0,ACCROCHE,1000,0,88,DIRE
67066,02/01/2026,N0066,6,88,N,0,6003,"970046,84","6771552,96",0,D,0,ACCROCHE,1000,0,88,DIRE
30983,02/01/2026,N0066,7,88,N,0,7003,"970221,59","6770578,26",0,D,0,ACCROCHE,1000,0,88,DIRE
38314,02/01/2026,N0066,8,88,N,0,8003,"970687,54","6769705,37",0,D,0,ACCROCHE,1116,0,88,DIRE
19673,02/01/2026,N0066,9,88,N,0,9119,"970756,72","6768608,15",0,D,0,ACCROCHE,1193,0,88,DIRE
16792,02/01/2026,N0066,10,88,N,0,10312,"970600,78","6767528,05",0,D,0,ACCROCHE,1098,0,88,DIRE
446,02/01/2026,N0066,11,88,N,0,11410,"971026,43","6766545,33",0,D,0,ACCROCHE,1100,0,88,DIRE
29180,02/01/2026,N0066,12,88,N,0,12510,"971757,08","6765789,08",0,D,0,ACCROCHE,1093,0,88,DIRE
36449,02/01/2026,N0066,13,88,N,0,13603,"972482,88","6764984,88",0,D,0,ACCROCHE,1091,0,88,DIRE
63572,02/01/2026,N0066,14,88,N,0,14694,"972735,44","6763930,27",0,D,0,ACCROCHE,1097,0,88,DIRE
19048,02/01/2026,N0066,15,88,N,0,15791,"973002,58","6762880,73",0,D,0,ACCROCHE,1098,0,88,DIRE
46829,02/01/2026,N0066,16,88,N,0,16889,"973972,26","6762414,29",0,D,0,ACCROCHE,1100,0,88,DIRE
38118,02/01/2026,N0066,17,88,N,0,17989,"975028,59","6762483,08",0,D,0,ACCROCHE,1034,0,88,DIRE
42865,02/01/2026,N0066,18,88,N,0,19023,"976024,96","6762779,43",0,I,0,ACCROCHE,1050,1129,88,DIRE
47400,02/01/2026,N0066,19,88,N,0,20073,"976669,34","6763059,99",0,I,0,ACCROCHE,1004,1004,88,DIRE
11928,02/01/2026,N0066,20,88,N,0,21077,"977421,91","6762411,68",0,I,0,ACCROCHE,993,993,88,DIRE
25116,02/01/2026,N0066,21,88,N,0,22070,"978268,34","6762065,75",0,I,0,ACCROCHE,992,992,88,DIRE
11519,02/01/2026,N0066,22,88,N,0,23062,"978997,2","6761555,27",0,I,0,ACCROCHE,993,993,88,DIRE
60271,02/01/2026,N0066,23,88,N,0,24055,"979887,55","6761213,27",0,I,0,ACCROCHE,995,995,88,DIRE
5851,02/01/2026,N0066,24,88,N,0,25050,"980579,54","6760509,5",0,I,0,ACCROCHE,1014,1014,88,DIRE
61117,02/01/2026,N0066,25,88,N,0,26064,"981357,83","6759885,21",0,I,0,ACCROCHE,994,994,88,DIRE
60655,02/01/2026,N0066,26,88,N,0,27058,"982282,16","6759711,39",0,I,0,ACCROCHE,993,993,88,DIRE
222,02/01/2026,N0066,27,88,N,0,28051,"983181,27","6759313,26",0,I,0,ACCROCHE,1012,1012,88,DIRE
73579,02/01/2026,N0066,28,88,N,0,29063,"983979,2","6758758,08",0,I,0,ACCROCHE,1003,1003,88,DIRE
7399,02/01/2026,N0066,29,88,N,0,30066,"984743,34","6758237,82",0,I,0,ACCROCHE,953,953,88,DIRE
1127,02/01/2026,N0066,30,88,N,0,31019,"985016,59","6757407,86",0,I,0,ACCROCHE,1008,1008,88,DIRE
53769,02/01/2026,N0066,31,88,N,0,32027,"985754,07","6757770,52",0,I,0,ACCROCHE,987,987,88,DIRE
35473,02/01/2026,N0066,32,88,N,0,33014,"986128,82","6758654,92",0,I,0,ACCROCHE,1058,1058,88,DIRE
53617,02/01/2026,N0066,33,88,N,0,34072,"986685,19","6759545,68",0,I,0,ACCROCHE,928,928,88,DIRE
4102,02/01/2026,N0066,34,88,N,0,35000,"987488,26","6759993,31",0,I,0,ACCROCHE,963,963,88,DIRE
17054,02/01/2026,N0066,35,88,N,0,35963,"987881,72","6760829,18",0,I,0,ACCROCHE,1052,1052,88,DIRE
2411,02/01/2026,N0066,36,88,N,0,37015,"988753,6","6761367,46",0,I,0,ACCROCHE,1006,1006,88,DIRE
21766,02/01/2026,N0066,37,88,N,0,38021,"989677,51","6761316,55",0,I,0,ACCROCHE,1005,1005,88,DIRE
701,02/01/2026,N0066,38,88,N,0,39026,"990628,21","6761475,74",0,I,0,ACCROCHE,520,520,88,DIRE
22171,02/01/2026,N0066,0,88,N,0,0,966853,"6776194,88",0,G,0,ACCROCHE,0,1004,88,DIRE
13290,02/01/2026,N0066,1,88,N,0,1004,"967526,35","6775483,21",0,G,0,ACCROCHE,0,1002,88,DIRE
66564,02/01/2026,N0066,2,88,N,0,2006,"968227,79","6774777,65",0,G,0,ACCROCHE,0,1004,88,DIRE
59441,02/01/2026,N0066,3,88,N,0,3010,"969104,91","6774344,92",0,G,0,ACCROCHE,0,1002,88,DIRE
45426,02/01/2026,N0066,4,88,N,0,4012,"969431,56","6773416,69",0,G,0,ACCROCHE,0,1002,88,DIRE
5142,02/01/2026,N0066,5,88,N,0,5014,"969858,38","6772526,26",0,G,0,ACCROCHE,0,1000,88,DIRE
17741,02/01/2026,N0066,6,88,N,0,6014,"970056,37","6771554,6",0,G,0,ACCROCHE,0,996,88,DIRE
65858,02/01/2026,N0066,7,88,N,0,7010,"970230,84","6770581,79",0,G,0,ACCROCHE,0,1000,88,DIRE
62809,02/01/2026,N0066,8,88,N,0,8010,"970696,72","6769708,83",0,G,0,ACCROCHE,0,1114,88,DIRE
8645,02/01/2026,N0066,9,88,N,0,9124,"970764,98","6768607,53",0,G,0,ACCROCHE,0,1094,88,DIRE
46694,02/01/2026,N0066,10,88,N,0,10218,"970606,41","6767528,12",0,G,0,ACCROCHE,0,1093,88,DIRE
45668,02/01/2026,N0066,11,88,N,0,11311,"971032,76","6766547,14",0,G,0,ACCROCHE,0,1083,88,DIRE
49605,02/01/2026,N0066,12,88,N,0,12394,"971760,04","6765793,28",0,G,0,ACCROCHE,0,1097,88,DIRE
42768,02/01/2026,N0066,13,88,N,0,13491,"972488,56","6764987,72",0,G,0,ACCROCHE,0,1092,88,DIRE
10394,02/01/2026,N0066,14,88,N,0,14583,"972740,9","6763931,17",0,G,0,ACCROCHE,0,1090,88,DIRE
62022,02/01/2026,N0066,15,88,N,0,15673,"973008,18","6762884,93",0,G,0,ACCROCHE,0,1097,88,DIRE
23051,02/01/2026,N0066,16,88,N,0,16770,"973973,98","6762419,55",0,G,0,ACCROCHE,0,1092,88,DIRE
38906,02/01/2026,N0066,17,88,N,0,17862,"975026,33",6762490,0,G,0,ACCROCHE,0,1033,88,DIRE
27721,02/01/2026,N0083,57,39,N,0,0,"899740,56","6641236,13",0,I,0,ACCROCHE,360,360,39,DIRE
23032,02/01/2026,N0083,58,39,N,0,360,"899984,76","6641502,68",0,I,0,ACCROCHE,1013,1013,39,DIRE
29631,02/01/2026,N0083,59,39,N,0,1373,"900938,89","6641707,81",0,I,0,ACCROCHE,900,900,39,DIRE
21239,02/01/2026,N0083,60,39,N,0,2273,"901849,92","6641668,7",0,D,0,ACCROCHE,1000,0,39,DIRE
685,02/01/2026,N0083,61,39,N,0,3273,"902820,97","6641412,44",0,D,0,ACCROCHE,1000,0,39,DIRE
42283,02/01/2026,N0083,62,39,N,0,4273,"903795,66","6641153,77",0,D,0,ACCROCHE,998,0,39,DIRE
39324,02/01/2026,N0083,63,39,N,0,5271,"904740,4","6640932,54",0,I,0,ACCROCHE,991,999,39,DIRE
931,02/01/2026,N0083,64,39,N,0,6262,"905586,99","6641180,62",0,I,0,ACCROCHE,998,998,39,DIRE
61697,02/01/2026,N0083,65,39,N,0,7260,"906017,7","6642070,47",0,I,0,ACCROCHE,660,660,39,DIRE
28369,02/01/2026,N0083,66,39,N,0,7920,"906470,22","6642555,3",0,I,0,ACCROCHE,994,994,39,DIRE
13005,02/01/2026,N0083,67,39,N,0,8914,906611,"6643513,93",0,I,0,ACCROCHE,1005,1005,39,DIRE
1023,02/01/2026,N0083,68,39,N,0,9919,"906873,09","6644486,88",0,I,0,ACCROCHE,1136,1136,39,DIRE
23691,02/01/2026,N0083,69,39,N,0,11055,"906929,54","6645587,48",0,I,0,ACCROCHE,954,954,39,DIRE
27958,02/01/2026,N0083,70,39,N,0,12009,"907498,72","6646264,78",0,I,0,ACCROCHE,905,905,39,DIRE
27850,02/01/2026,N0083,71,39,N,0,12914,"907848,18","6647060,67",0,I,0,ACCROCHE,999,999,39,DIRE
26170,02/01/2026,N0083,72,39,N,0,13913,"908533,36","6647739,92",0,I,0,ACCROCHE,1001,1001,39,DIRE
7021,02/01/2026,N0083,73,39,N,0,14914,"909451,29","6648117,58",0,I,0,ACCROCHE,718,718,39,DIRE
73964,02/01/2026,N0083,74,39,N,0,15632,"910131,94","6648325,17",0,I,0,ACCROCHE,803,803,39,DIRE
37546,02/01/2026,N0083,75,39,N,0,16435,"910459,48","6649001,44",0,I,0,ACCROCHE,944,944,39,DIRE
48072,02/01/2026,N0083,76,39,N,0,17379,"910849,82","6649840,44",0,I,0,ACCROCHE,810,810,39,DIRE
35931,02/01/2026,N0083,77,39,N,0,18189,"910996,62","6650631,42",0,I,0,ACCROCHE,992,992,39,DIRE
39007,02/01/2026,N0083,78,39,N,0,19181,"911159,04","6651609,39",0,I,0,ACCROCHE,993,993,39,DIRE
37667,02/01/2026,N0083,79,39,N,0,20174,"911320,39","6652597,28",0,I,0,ACCROCHE,994,994,39,DIRE
32385,02/01/2026,N0083,80,39,N,0,21168,"911587,61","6653547,77",0,I,0,ACCROCHE,994,994,39,DIRE
66636,02/01/2026,N0083,81,39,N,0,22162,"912066,78","6654394,82",0,I,0,ACCROCHE,1006,1006,39,DIRE
43814,02/01/2026,N0083,82,39,N,0,23168,"912448,17","6655316,57",0,I,0,ACCROCHE,995,995,39,DIRE
12438,02/01/2026,N0083,83,39,N,0,24163,"912986,13","6656140,2",0,I,0,ACCROCHE,1012,1012,39,DIRE
22486,02/01/2026,N0083,84,39,N,0,25175,"913581,1","6656936,84",0,I,0,ACCROCHE,1200,1200,39,DIRE
15334,02/01/2026,N0083,85,39,N,0,26375,"914357,68","6657837,33",0,I,0,ACCROCHE,996,996,39,DIRE
69780,02/01/2026,N0083,86,39,N,0,27371,"915098,25","6658526,27",0,I,0,ACCROCHE,994,994,39,DIRE
57695,02/01/2026,N0083,87,39,N,0,28365,"915770,79","6659249,28",0,I,0,ACCROCHE,1100,1100,39,DIRE
59544,02/01/2026,N0083,0,25,N,0,29465,"916212,76","6660235,08",0,I,0,ACCROCHE,1091,1091,25,DIRE
54569,02/01/2026,N0083,1,25,N,0,30556,"916958,6","6660998,64",0,I,0,ACCROCHE,998,998,25,DIRE
72688,02/01/2026,N0083,2,25,N,0,31554,"917636,75","6661727,81",0,I,0,ACCROCHE,1004,1004,25,DIRE
14657,02/01/2026,N0083,3,25,N,0,32558,"917963,26","6662655,92",0,I,0,ACCROCHE,1004,1004,25,DIRE
22203,02/01/2026,N0083,4,25,N,0,33562,"918170,08","6663629,33",0,I,0,ACCROCHE,1000,1000,25,DIRE
3802,02/01/2026,N0083,5,25,N,0,34562,"918328,09","6664606,91",0,I,0,ACCROCHE,1005,1005,25,DIRE
65708,02/01/2026,N0083,6,25,N,0,35567,"918567,71","6665580,42",0,I,0,ACCROCHE,1004,1004,25,DIRE
73523,02/01/2026,N0083,7,25,N,0,36571,"918713,21","6666545,86",0,I,0,ACCROCHE,975,975,25,DIRE
21352,02/01/2026,N0083,8,25,N,0,37546,"918656,91","6667514,8",0,I,0,ACCROCHE,1000,1000,25,DIRE
70850,02/01/2026,N0083,9,25,N,0,38546,"918702,33","6668508,12",0,I,0,ACCROCHE,1000,1000,25,DIRE
50181,02/01/2026,N0083,10,25,N,0,39546,"918941,14","6669443,98",0,I,0,ACCROCHE,1000,1000,25,DIRE
20204,02/01/2026,N0083,11,25,N,0,40546,"919498,43","6670233,46",0,I,0,ACCROCHE,1000,1000,25,DIRE
67352,02/01/2026,N0083,12,25,N,0,41546,"920003,41","6671026,58",0,I,0,ACCROCHE,685,685,25,DIRE
9984,02/01/2026,N0083,13,25,N,0,42231,"920173,1","6671680,48",0,I,0,ACCROCHE,667,667,25,DIRE
37328,02/01/2026,N0083,14,25,N,0,42898,"920445,72","6672277,4",0,I,0,ACCROCHE,977,977,25,DIRE
65434,02/01/2026,N0083,15,25,N,0,43875,"920793,54","6673185,35",0,I,0,ACCROCHE,994,994,25,DIRE
12869,02/01/2026,N0083,16,25,N,0,44869,"921249,34","6674068,1",0,I,0,ACCROCHE,1010,1010,25,DIRE
54949,02/01/2026,N0083,17,25,N,0,45879,"921864,56","6674844,24",0,I,0,ACCROCHE,994,994,25,DIRE
26752,02/01/2026,N0083,18,25,N,0,46873,"922279,35","6675752,39",0,I,0,ACCROCHE,987,987,25,DIRE
59491,02/01/2026,N0083,19,25,N,0,47860,"922703,85","6676632,35",0,I,0,ACCROCHE,996,996,25,DIRE
62401,02/01/2026,N0083,20,25,N,0,48856,"923390,61","6677330,16",0,I,0,ACCROCHE,995,995,25,DIRE
40751,02/01/2026,N0083,21,25,N,0,49851,"923900,84","6678161,76",0,I,0,ACCROCHE,990,990,25,DIRE
52553,02/01/2026,N0083,22,25,N,0,50841,"924414,12","6678956,15",0,I,0,ACCROCHE,989,1003,25,DIRE
31376,02/01/2026,N0083,23,25,N,0,51830,"924237,53","6679771,89",0,I,0,ACCROCHE,960,960,25,DIRE
8377,02/01/2026,N0083,24,25,N,0,52790,"924537,77","6680600,47",0,I,0,ACCROCHE,990,990,25,DIRE
34415,02/01/2026,N0083,25,25,N,0,53780,"924671,02","6681514,6",0,I,0,ACCROCHE,972,972,25,DIRE
70814,02/01/2026,N0083,26,25,N,0,54752,"925529,68","6681764,69",0,I,0,ACCROCHE,1008,1008,25,DIRE
59435,02/01/2026,N0083,27,25,N,0,55760,"926414,48","6682015,66",0,I,0,ACCROCHE,986,986,25,DIRE
5446,02/01/2026,N0083,28,25,N,0,56746,"926962,37","6682817,78",0,I,0,ACCROCHE,490,441,25,DIRE
16147,02/01/2026,N0083,60,39,N,0,2273,"901851,78","6641676,03",0,G,0,ACCROCHE,0,1000,39,DIRE
20134,02/01/2026,N0083,61,39,N,0,3273,"902823,38","6641424,33",0,G,0,ACCROCHE,0,1000,39,DIRE
26796,02/01/2026,N0083,62,39,N,0,4273,"903802,28","6641163,78",0,G,0,ACCROCHE,0,1066,39,DIRE
12719,02/01/2026,N0135,0,55,N,0,0,"859600,33","6854712,81",0,I,0,ACCROCHE,977,977,55,DIRE
42273,02/01/2026,N0135,1,55,N,0,977,"860285,26","6854038,5",0,I,0,ACCROCHE,1000,1013,55,DIRE
68433,02/01/2026,N0135,2,55,N,0,1977,"860866,13","6853234,86",0,I,0,ACCROCHE,1000,1000,55,DIRE
61658,02/01/2026,N0135,3,55,N,0,2977,"861599,05","6852616,22",0,I,0,ACCROCHE,1000,1005,55,DIRE
10572,02/01/2026,N0135,4,55,N,0,3977,"862532,11","6852347,04",0,I,0,ACCROCHE,1000,1000,55,DIRE
7755,02/01/2026,N0135,5,55,N,0,4977,"863285,23","6851693,62",0,I,0,ACCROCHE,1417,1417,55,DIRE
67548,02/01/2026,N0135,6,55,N,0,6394,"863694,08","6850428,17",0,I,0,ACCROCHE,1020,1017,55,DIRE
69954,02/01/2026,N0135,7,55,N,0,7414,"864576,45","6849942,28",0,D,0,ACCROCHE,1007,0,55,DIRE
60607,02/01/2026,N0135,8,55,N,0,8421,"865477,78","6849493,44",0,I,0,ACCROCHE,980,980,55,DIRE
42972,02/01/2026,N0135,9,55,N,0,9401,"866423,92","6849229,02",0,I,0,ACCROCHE,1010,1010,55,DIRE
50456,02/01/2026,N0135,10,55,N,0,10411,"867397,48","6848949,47",0,I,0,ACCROCHE,1004,1004,55,DIRE
43715,02/01/2026,N0135,11,55,N,0,11415,"868130,28","6848273,11",0,I,0,ACCROCHE,1033,1111,55,DIRE
69849,02/01/2026,N0135,12,55,N,0,12448,"868855,08","6847576,46",0,I,0,ACCROCHE,1002,1002,55,DIRE
48168,02/01/2026,N0135,13,55,N,0,13450,"869582,82","6846890,91",0,I,0,ACCROCHE,995,995,55,DIRE
5111,02/01/2026,N0135,14,55,N,0,14445,"870327,77","6846228,66",0,I,0,ACCROCHE,743,777,55,DIRE
71279,02/01/2026,N0135,15,55,N,0,15188,"870466,14","6845361,99",0,I,0,ACCROCHE,1249,1249,55,DIRE
16590,02/01/2026,N0135,7,55,N,0,7429,"864580,92","6849950,91",0,G,0,ACCROCHE,0,1006,55,DIRE
1519,02/01/2026,N0159,0,88,N,0,0,"999712,02","6804026,64",0,I,0,ACCROCHE,1041,1041,88,DIRE
62299,02/01/2026,N0159,1,88,N,0,1041,"1000515,38","6804670,04",0,I,0,ACCROCHE,1004,1004,88,DIRE
3365,02/01/2026,N0159,2,88,N,0,2045,"1001208,68","6805369,83",0,I,0,ACCROCHE,1003,1003,88,DIRE
65583,02/01/2026,N0159,3,88,N,0,3048,"1001690,84","6806210,99",0,I,0,ACCROCHE,775,775,88,DIRE
13999,02/01/2026,N0431,0,57,N,0,0,"936056,83","6895877,59",0,D,0,ACCROCHE,866,0,57,GE DIRE
47314,02/01/2026,N0431,1,57,N,0,866,"936153,31","6895015,32",0,D,0,ACCROCHE,988,0,57,GE DIRE
415,02/01/2026,N0431,2,57,N,0,1854,"936250,74","6894030,47",0,D,0,ACCROCHE,1000,0,57,GE DIRE
56744,02/01/2026,N0431,3,57,N,0,2854,"935990,63","6893081,38",0,D,0,ACCROCHE,1000,0,57,GE DIRE
1648,02/01/2026,N0431,4,57,N,0,3854,"935286,16","6892414,99",0,D,0,ACCROCHE,1000,0,57,GE DIRE
49490,02/01/2026,N0431,5,57,N,0,4854,"934468,6","6891853,69",0,D,0,ACCROCHE,1000,0,57,GE DIRE
12186,02/01/2026,N0431,6,57,N,0,5854,"934196,44","6890906,7",0,D,0,ACCROCHE,1000,0,57,GE DIRE
15260,02/01/2026,N0431,7,57,N,0,6854,"934001,28","6889961,9",0,D,0,ACCROCHE,1000,0,57,GE DIRE
74091,02/01/2026,N0431,8,57,N,0,7854,"933218,21","6889343,48",0,D,0,ACCROCHE,1000,0,57,GE DIRE
16970,02/01/2026,N0431,9,57,N,0,8854,"932415,51","6888743,42",0,D,0,ACCROCHE,1000,0,57,GE DIRE
56171,02/01/2026,N0431,10,57,N,0,9854,"931576,86","6888207,31",0,D,0,ACCROCHE,1000,0,57,GE DIRE
73261,02/01/2026,N0431,11,57,N,0,10854,"930596,98","6888115,13",0,D,0,ACCROCHE,1000,0,57,GE DIRE
66237,02/01/2026,N0431,12,57,N,0,11854,"929669,27","6887824,15",0,D,0,ACCROCHE,1000,0,57,GE DIRE
54786,02/01/2026,N0431,13,57,N,0,12854,"929200,58","6886940,12",0,D,0,ACCROCHE,1000,0,57,GE DIRE
7056,02/01/2026,N0431,14,57,N,0,13854,"928329,43","6886508,67",0,D,0,ACCROCHE,700,0,57,GE DIRE
34824,02/01/2026,N0431,0,57,N,0,0,"936067,5","6895878,6",0,G,0,ACCROCHE,0,866,57,GE DIRE
39500,02/01/2026,N0431,1,57,N,0,866,"936163,26","6895016,47",0,G,0,ACCROCHE,0,988,57,GE DIRE
56248,02/01/2026,N0431,2,57,N,0,1854,"936260,61","6894030,28",0,G,0,ACCROCHE,0,1000,57,GE DIRE
10245,02/01/2026,N0431,3,57,N,0,2854,"936000,26","6893077,34",0,G,0,ACCROCHE,0,1000,57,GE DIRE
74040,02/01/2026,N0431,4,57,N,0,3854,"935290,67","6892406,37",0,G,0,ACCROCHE,0,1000,57,GE DIRE
64415,02/01/2026,N0431,5,57,N,0,4854,"934476,5","6891847,5",0,G,0,ACCROCHE,0,1000,57,GE DIRE
73652,02/01/2026,N0431,6,57,N,0,5854,"934206,45","6890906,86",0,G,0,ACCROCHE,0,1000,57,GE DIRE
9551,02/01/2026,N0431,7,57,N,0,6854,"934008,82","6889955,63",0,G,0,ACCROCHE,0,1000,57,GE DIRE
25900,02/01/2026,N0431,8,57,N,0,7854,"933224,29","6889335,36",0,G,0,ACCROCHE,0,1000,57,GE DIRE
38821,02/01/2026,N0431,9,57,N,0,8854,"932421,54","6888735,35",0,G,0,ACCROCHE,0,1000,57,GE DIRE
13751,02/01/2026,N0431,10,57,N,0,9854,"931581,04","6888198,35",0,G,0,ACCROCHE,0,1000,57,GE DIRE
53646,02/01/2026,N0431,11,57,N,0,10854,"930595,78","6888105,18",0,G,0,ACCROCHE,0,1000,57,GE DIRE
52368,02/01/2026,N0431,12,57,N,0,11854,"929676,57","6887817,27",0,G,0,ACCROCHE,0,1000,57,GE DIRE
28879,02/01/2026,N0431,13,57,N,0,12854,"929209,12","6886934,26",0,G,0,ACCROCHE,0,1000,57,GE DIRE
47637,02/01/2026,N0431,14,57,N,0,13854,"928331,52",6886499,0,G,0,ACCROCHE,0,700,57,GE DIRE
34541,02/01/2026,N2057,2,25,N,0,0,"926299,36","6695149,19",0,I,0,ACCROCHE,875,875,25,DIRE
20788,02/01/2026,N2057,3,25,N,0,875,"926091,83","6694328,95",0,I,0,ACCROCHE,82,82,25,DIRE
9070,02/01/2026,N2066,37,88,N,0,0,"989689,7","6761313,17",0,I,0,ACCROCHE,688,688,88,DIRE
59078,02/01/2026,N0004,16,51,N,0,0,"749404,867083486","6847768,24904449",0,I,0,ACCROCHE,1045,1045,51,GE DIRE
