"objetID,C,254","dateRefere,D","route,C,100","longueur,N,24,15","prD,C,10","depPrD,C,10","concession,C,1","absD,N,24,15","cumulD,N,24,15","xD,N,24,15","yD,N,24,15","zD,N,24,15","prF,C,10","depPrF,C,10","concessi_1,C,1","absF,N,24,15","cumulF,N,24,15","xF,N,24,15","yF,N,24,15","zF,N,24,15","cote,C,1","voie,N,10,0","accrochage,C,20","nomPloDeb,C,12","nomPloFin,C,12","logiquePlo,C,2","logiqueP_1,C,2","logiqueP_2,C,2","logiqueP_3,C,2","abscisseCu,N,24,15","abscisse_1,N,24,15","longueurRI,N,24,15","sectionnem,C,3","sectionn_1,C,15"
11212,02/01/2026,A0031,540,229,54,N,0,228869,"912382,2","6843089,75",0,230,54,N,0,229409,"912845,39","6843375,54",0,D,0,ACCROCHE,54PR229D,54PR230D,CS,CS,SC,SC,0,540,540,54,GE DIRE
11186,02/01/2026,A0031,996,230,54,N,0,229409,"912845,39","6843375,54",0,231,54,N,0,230405,"913806,65","6843591,07",0,D,0,ACCROCHE,54PR230D,54PR231D,SC,SC,SC,SC,540,1536,996,54,GE DIRE
11185,02/01/2026,A0031,988,231,54,N,0,230405,"913806,65","6843591,07",0,232,54,N,0,231393,"914450,27","6844338,06",0,D,0,ACCROCHE,54PR231D,54PR232D,SC,SC,SC,SC,1536,2524,988,54,GE DIRE
11515,02/01/2026,A0031,995,232,54,N,0,231393,"914450,27","6844338,06",0,233,54,N,0,232388,"914864,06","6845209,67",0,D,0,ACCROCHE,54PR232D,54PR233D,SC,SC,SC,SC,2524,3519,995,54,GE DIRE
11182,02/01/2026,A0031,1001,233,54,N,0,232388,"914864,06","6845209,67",0,234,54,N,0,233389,"915379,81","6846041,26",0,D,0,ACCROCHE,54PR233D,54PR234D,SC,SC,SC,SC,3519,4520,1001,54,GE DIRE
11201,02/01/2026,A0031,1001,234,54,N,0,233389,"915379,81","6846041,26",0,235,54,N,0,234390,"916337,67","6846289,73",0,D,0,ACCROCHE,54PR234D,54PR235D,SC,SC,SC,SC,4520,5521,1001,54,GE DIRE
11190,02/01/2026,A0031,998,235,54,N,0,234390,"916337,67","6846289,73",0,236,54,N,0,235388,"917204,92","6846783,7",0,D,0,ACCROCHE,54PR235D,54PR236D,SC,SC,SC,SC,5521,6519,998,54,GE DIRE
11202,02/01/2026,A0031,1001,236,54,N,0,235388,"917204,92","6846783,7",0,237,54,N,0,236389,"918129,37","6847163,99",0,D,0,ACCROCHE,54PR236D,54PR237D,SC,SC,SC,SC,6519,7520,1001,54,GE DIRE
11518,02/01/2026,A0031,999,237,54,N,0,236389,"918129,37","6847163,99",0,238,54,N,0,237388,"919104,22","6847354,1",0,D,0,ACCROCHE,54PR237D,54PR238D,SC,SC,SC,SC,7520,8519,999,54,GE DIRE
11511,02/01/2026,A0031,1002,238,54,N,0,237388,"919104,22","6847354,1",0,239,54,N,0,238390,"920103,08","6847356,35",0,D,0,ACCROCHE,54PR238D,54PR239D,SC,SC,SC,SC,8519,9521,1002,54,GE DIRE
11200,02/01/2026,A0031,1000,239,54,N,0,238390,"920103,08","6847356,35",0,240,54,N,0,239390,"921101,95","6847332,06",0,D,0,ACCROCHE,54PR239D,54PR240D,SC,SC,SC,SC,9521,10521,1000,54,GE DIRE
11211,02/01/2026,A0031,1001,240,54,N,0,239390,"921101,95","6847332,06",0,241,54,N,0,240391,"922096,37","6847447,03",0,D,0,ACCROCHE,54PR240D,54PR241D,SC,SC,SC,SC,10521,11522,1001,54,GE DIRE
11510,02/01/2026,A0031,1003,241,54,N,0,240391,"922096,37","6847447,03",0,242,54,N,0,241394,"923074,38","6847643,79",0,D,0,ACCROCHE,54PR241D,54PR242D,SC,SC,SC,SC,11522,12525,1003,54,GE DIRE
11207,02/01/2026,A0031,999,242,54,N,0,241394,"923074,38","6847643,79",0,243,54,N,0,242393,"924056,66","6847820,31",0,D,0,ACCROCHE,54PR242D,54PR243D,SC,SC,SC,SC,12525,13524,999,54,GE DIRE
11505,02/01/2026,A0031,1002,243,54,N,0,242393,"924056,66","6847820,31",0,244,54,N,0,243395,"925049,5","6847915,72",0,D,0,ACCROCHE,54PR243D,54PR244D,SC,SC,SC,SC,13524,14526,1002,54,GE DIRE
11191,02/01/2026,A0031,1001,244,54,N,0,243395,"925049,5","6847915,72",0,245,54,N,0,244396,"926048,71","6848030,29",0,D,0,ACCROCHE,54PR244D,54PR245D,SC,SC,SC,SC,14526,15527,1001,54,GE DIRE
11199,02/01/2026,A0031,999,245,54,N,0,244396,"926048,71","6848030,29",0,246,54,N,0,245395,"927028,58","6848165,51",0,D,0,ACCROCHE,54PR245D,54PR246D,SC,SC,SC,SC,15527,16526,999,54,GE DIRE
11210,02/01/2026,A0031,948,246,54,N,0,245395,"927028,58","6848165,51",0,247,54,N,0,246343,"927994,21","6848251,69",0,D,0,ACCROCHE,54PR246D,54PR247D,SC,SC,SC,SC,16526,17474,948,54,GE DIRE
11208,02/01/2026,A0031,1001,247,54,N,0,246343,"927994,21","6848251,69",0,248,54,N,0,247344,"928972,94","6848320,42",0,D,0,ACCROCHE,54PR247D,54PR248D,SC,SC,SC,SC,17474,18475,1001,54,GE DIRE
11517,02/01/2026,A0031,894,248,54,N,0,247344,"928972,94","6848320,42",0,249,54,N,0,248238,"929579,21","6848751,06",0,D,0,ACCROCHE,54PR248D,54PR249D,SC,SC,SC,SC,18475,19369,894,54,GE DIRE
11512,02/01/2026,A0031,895,249,54,N,0,248238,"929579,21","6848751,06",0,250,54,N,0,249133,"930295,96","6849302,22",0,D,0,ACCROCHE,54PR249D,54PR250D,SC,SC,SC,SC,19369,20264,895,54,GE DIRE
11213,02/01/2026,A0031,1055,250,54,N,0,249133,"930295,96","6849302,22",0,251,54,N,0,250188,"931139,99","6849915,07",0,D,0,ACCROCHE,54PR250D,54PR251D,SC,SC,SC,SC,20264,21319,1055,54,GE DIRE
11507,02/01/2026,A0031,942,251,54,N,0,250188,"931139,99","6849915,07",0,252,54,N,0,251130,"931818,38","6850580,56",0,D,0,ACCROCHE,54PR251D,54PR252D,SC,SC,SC,SC,21319,22261,942,54,GE DIRE
11218,02/01/2026,A0031,1004,252,54,N,0,251130,"931818,38","6850580,56",0,253,54,N,0,252134,"932669,24","6850963,79",0,D,0,ACCROCHE,54PR252D,54PR253D,SC,SC,SC,SC,22261,23265,1004,54,GE DIRE
11519,02/01/2026,A0031,995,253,54,N,0,252134,"932669,24","6850963,79",0,254,54,N,0,253129,"933088,47","6851828,67",0,D,0,ACCROCHE,54PR253D,54PR254D,SC,SC,SC,SC,23265,24260,995,54,GE DIRE
11188,02/01/2026,A0031,1018,254,54,N,0,253129,"933088,47","6851828,67",0,255,54,N,0,254147,"932369,72","6852491,05",0,D,0,ACCROCHE,54PR254D,54PR255D,SC,SC,SC,SC,24260,25278,1018,54,GE DIRE
11205,02/01/2026,A0031,998,255,54,N,0,254147,"932369,72","6852491,05",0,256,54,N,0,255145,"931956,14","6853388,27",0,D,0,ACCROCHE,54PR255D,54PR256D,SC,SC,SC,SC,25278,26276,998,54,GE DIRE
11197,02/01/2026,A0031,987,256,54,N,0,255145,"931956,14","6853388,27",0,257,54,N,0,256132,"931931,05","6854309,92",0,D,0,ACCROCHE,54PR256D,54PR257D,SC,SC,SC,SC,26276,27263,987,54,GE DIRE
11217,02/01/2026,A0031,1014,257,54,N,0,256132,"931931,05","6854309,92",0,258,54,N,0,257146,"931841,44","6855245,14",0,D,0,ACCROCHE,54PR257D,54PR258D,SC,SC,SC,SC,27263,28277,1014,54,GE DIRE
11194,02/01/2026,A0031,1013,258,54,N,0,257146,"931841,44","6855245,14",0,259,54,N,0,258159,"931213,01","6856041,13",0,D,0,ACCROCHE,54PR258D,54PR259D,SC,SC,SC,SC,28277,29290,1013,54,GE DIRE
11216,02/01/2026,A0031,973,259,54,N,0,258159,"931213,01","6856041,13",0,260,54,N,0,259132,"930978,35","6856971,95",0,D,0,ACCROCHE,54PR259D,54PR260D,SC,SC,SC,SC,29290,30263,973,54,GE DIRE
11215,02/01/2026,A0031,1004,260,54,N,0,259132,"930978,35","6856971,95",0,261,54,N,0,260136,"931034,81","6857974,38",0,D,0,ACCROCHE,54PR260D,54PR261D,SC,SC,SC,SC,30263,31267,1004,54,GE DIRE
11513,02/01/2026,A0031,1007,261,54,N,0,260136,"931034,81","6857974,38",0,262,54,N,0,261143,"930751,55","6858930,94",0,D,0,ACCROCHE,54PR261D,54PR262D,SC,SC,SC,SC,31267,32274,1007,54,GE DIRE
11184,02/01/2026,A0031,1030,262,54,N,0,261143,"930751,55","6858930,94",0,263,54,N,0,262173,"929833,43","6859154,33",0,D,0,ACCROCHE,54PR262D,54PR263D,SC,SC,SC,SC,32274,33304,1030,54,GE DIRE
11508,02/01/2026,A0031,973,263,54,N,0,262173,"929833,43","6859154,33",0,264,54,N,0,263146,"928954,09","6859411,39",0,D,0,ACCROCHE,54PR263D,54PR264D,SC,SC,SC,SC,33304,34277,973,54,GE DIRE
11198,02/01/2026,A0031,990,264,54,N,0,263146,"928954,09","6859411,39",0,265,54,N,0,264136,"928626,53","6860338,44",0,D,0,ACCROCHE,54PR264D,54PR265D,SC,SC,SC,SC,34277,35267,990,54,GE DIRE
11214,02/01/2026,A0031,992,265,54,N,0,264136,"928626,53","6860338,44",0,266,54,N,0,265128,"928621,04","6861326,51",0,D,0,ACCROCHE,54PR265D,54PR266D,SC,SC,SC,SC,35267,36259,992,54,GE DIRE
11520,02/01/2026,A0031,1012,266,54,N,0,265128,"928621,04","6861326,51",0,267,54,N,0,266140,"928097,22","6862179,63",0,D,0,ACCROCHE,54PR266D,54PR267D,SC,SC,SC,SC,36259,37271,1012,54,GE DIRE
11196,02/01/2026,A0031,1003,267,54,N,0,266140,"928097,22","6862179,63",0,268,54,N,0,267143,"927450,8","6862942,64",0,D,0,ACCROCHE,54PR267D,54PR268D,SC,SC,SC,SC,37271,38274,1003,54,GE DIRE
11521,02/01/2026,A0031,993,268,54,N,0,267143,"927450,8","6862942,64",0,269,54,N,0,268136,"926936,04","6863781,43",0,D,0,ACCROCHE,54PR268D,54PR269D,SC,SC,SC,SC,38274,39267,993,54,GE DIRE
11522,02/01/2026,A0031,1001,269,54,N,0,268136,"926936,04","6863781,43",0,270,54,N,0,269137,"926765,96","6864767,94",0,D,0,ACCROCHE,54PR269D,54PR270D,SC,SC,SC,SC,39267,40268,1001,54,GE DIRE
11192,02/01/2026,A0031,995,270,54,N,0,269137,"926765,96","6864767,94",0,271,54,N,0,270132,"926636,89","6865755,38",0,D,0,ACCROCHE,54PR270D,54PR271D,SC,SC,SC,SC,40268,41263,995,54,GE DIRE
11183,02/01/2026,A0031,1010,271,54,N,0,270132,"926636,89","6865755,38",0,272,54,N,0,271142,"926730,92","6866760,19",0,D,0,ACCROCHE,54PR271D,54PR272D,SC,SC,SC,SC,41263,42273,1010,54,GE DIRE
11509,02/01/2026,A0031,1008,272,54,N,0,271142,"926730,92","6866760,19",0,273,54,N,0,272150,"926931,52","6867747,99",0,D,0,ACCROCHE,54PR272D,54PR273D,SC,SC,SC,SC,42273,43281,1008,54,GE DIRE
11195,02/01/2026,A0031,984,273,54,N,0,272150,"926931,52","6867747,99",0,274,54,N,0,273134,"927049,39","6868716,81",0,D,0,ACCROCHE,54PR273D,54PR274D,SC,SC,SC,SC,43281,44265,984,54,GE DIRE
11203,02/01/2026,A0031,1000,274,54,N,0,273134,"927049,39","6868716,81",0,275,54,N,0,274134,"927139,62","6869709,9",0,D,0,ACCROCHE,54PR274D,54PR275D,SC,SC,SC,SC,44265,45265,1000,54,GE DIRE
11516,02/01/2026,A0031,996,275,54,N,0,274134,"927139,62","6869709,9",0,276,54,N,0,275130,"927471,23",6870659,0,D,0,ACCROCHE,54PR275D,54PR276D,SC,SC,SC,SC,45265,46261,996,54,GE DIRE
11204,02/01/2026,A0031,996,276,54,N,0,275130,"927471,23",6870659,0,277,54,N,0,276126,"927731,18","6871611,91",0,D,0,ACCROCHE,54PR276D,54PR277D,SC,SC,SC,SC,46261,47257,996,54,GE DIRE
11506,02/01/2026,A0031,1028,277,54,N,0,276126,"927731,18","6871611,91",0,278,54,N,0,277154,"927856,74","6872640,66",0,D,0,ACCROCHE,54PR277D,54PR278D,SC,SC,SC,SC,47257,48285,1028,54,GE DIRE
11187,02/01/2026,A0031,983,278,54,N,0,277154,"927856,74","6872640,66",0,279,54,N,0,278137,"927854,29","6873612,15",0,D,0,ACCROCHE,54PR278D,54PR279D,SC,SC,SC,SC,48285,49268,983,54,GE DIRE
11193,02/01/2026,A0031,995,279,54,N,0,278137,"927854,29","6873612,15",0,280,54,N,0,279132,"927912,59","6874605,27",0,D,0,ACCROCHE,54PR279D,54PR280D,SC,SC,SC,SC,49268,50263,995,54,GE DIRE
11189,02/01/2026,A0031,1001,280,54,N,0,279132,"927912,59","6874605,27",0,281,54,N,0,280133,"927961,12","6875604,35",0,D,0,ACCROCHE,54PR280D,54PR281D,SC,SC,SC,SC,50263,51264,1001,54,GE DIRE
11206,02/01/2026,A0031,994,281,54,N,0,280133,"927961,12","6875604,35",0,282,54,N,0,281127,"927872,17","6876601,89",0,D,0,ACCROCHE,54PR281D,54PR282D,SC,SC,SC,SC,51264,52258,994,54,GE DIRE
11514,02/01/2026,A0031,1001,282,54,N,0,281127,"927872,17","6876601,89",0,283,54,N,0,282128,"927642,3","6877576,16",0,D,0,ACCROCHE,54PR282D,54PR283D,SC,SC,SC,SC,52258,53259,1001,54,GE DIRE
11209,02/01/2026,A0031,1036,283,54,N,0,282128,"927642,3","6877576,16",0,284,57,N,0,283164,"927342,3","6878572,37",0,D,0,ACCROCHE,54PR283D,57PR284D,SC,SC,CS,CS,53259,54295,1036,54,GE DIRE
11147,02/01/2026,A0031,663,229,54,N,0,228709,"912250,08","6843077,56",0,230,54,N,0,229372,"912840,61","6843387,69",0,G,0,ACCROCHE,54PR229G,54PR230G,CS,CS,SC,SC,0,663,663,54,GE DIRE
11178,02/01/2026,A0031,994,230,54,N,0,229372,"912840,61","6843387,69",0,231,54,N,0,230366,"913800,72","6843602,54",0,G,0,ACCROCHE,54PR230G,54PR231G,SC,SC,SC,SC,663,1657,994,54,GE DIRE
11156,02/01/2026,A0031,973,231,54,N,0,230366,"913800,72","6843602,54",0,232,54,N,0,231339,"914438,27","6844343,2",0,G,0,ACCROCHE,54PR231G,54PR232G,SC,SC,SC,SC,1657,2630,973,54,GE DIRE
11164,02/01/2026,A0031,996,232,54,N,0,231339,"914438,27","6844343,2",0,233,54,N,0,232335,"914852,53","6845215,72",0,G,0,ACCROCHE,54PR232G,54PR233G,SC,SC,SC,SC,2630,3626,996,54,GE DIRE
11058,02/01/2026,A0031,1010,233,54,N,0,232335,"914852,53","6845215,72",0,234,54,N,0,233345,"915372,89","6846052,15",0,G,0,ACCROCHE,54PR233G,54PR234G,SC,SC,SC,SC,3626,4636,1010,54,GE DIRE
11160,02/01/2026,A0031,1000,234,54,N,0,233345,"915372,89","6846052,15",0,235,54,N,0,234345,"916333,58","6846302,07",0,G,0,ACCROCHE,54PR234G,54PR235G,SC,SC,SC,SC,4636,5636,1000,54,GE DIRE
11180,02/01/2026,A0031,994,235,54,N,0,234345,"916333,58","6846302,07",0,236,54,N,0,235339,"917198,92","6846795,22",0,G,0,ACCROCHE,54PR235G,54PR236G,SC,SC,SC,SC,5636,6630,994,54,GE DIRE
11146,02/01/2026,A0031,1005,236,54,N,0,235339,"917198,92","6846795,22",0,237,54,N,0,236344,"918125,51","6847176,48",0,G,0,ACCROCHE,54PR236G,54PR237G,SC,SC,SC,SC,6630,7635,1005,54,GE DIRE
11158,02/01/2026,A0031,999,237,54,N,0,236344,"918125,51","6847176,48",0,238,54,N,0,237343,"919103,08","6847366,08",0,G,0,ACCROCHE,54PR237G,54PR238G,SC,SC,SC,SC,7635,8634,999,54,GE DIRE
11173,02/01/2026,A0031,1001,238,54,N,0,237343,"919103,08","6847366,08",0,239,54,N,0,238344,"920103,7","6847368,32",0,G,0,ACCROCHE,54PR238G,54PR239G,SC,SC,SC,SC,8634,9635,1001,54,GE DIRE
11162,02/01/2026,A0031,995,239,54,N,0,238344,"920103,7","6847368,32",0,240,54,N,0,239339,"921101,35","6847344,12",0,G,0,ACCROCHE,54PR239G,54PR240G,SC,SC,SC,SC,9635,10630,995,54,GE DIRE
11181,02/01/2026,A0031,999,240,54,N,0,239339,"921101,35","6847344,12",0,241,54,N,0,240338,"922094,47","6847458,81",0,G,0,ACCROCHE,54PR240G,54PR241G,SC,SC,SC,SC,10630,11629,999,54,GE DIRE
11053,02/01/2026,A0031,996,241,54,N,0,240338,"922094,47","6847458,81",0,242,54,N,0,241334,"923071,81","6847655,59",0,G,0,ACCROCHE,54PR241G,54PR242G,SC,SC,SC,SC,11629,12625,996,54,GE DIRE
11140,02/01/2026,A0031,999,242,54,N,0,241334,"923071,81","6847655,59",0,243,54,N,0,242333,"924055,48","6847832,03",0,G,0,ACCROCHE,54PR242G,54PR243G,SC,SC,SC,SC,12625,13624,999,54,GE DIRE
11151,02/01/2026,A0031,999,243,54,N,0,242333,"924055,48","6847832,03",0,244,54,N,0,243332,"925048,38","6847927,61",0,G,0,ACCROCHE,54PR243G,54PR244G,SC,SC,SC,SC,13624,14623,999,54,GE DIRE
11054,02/01/2026,A0031,997,244,54,N,0,243332,"925048,38","6847927,61",0,245,54,N,0,244329,"926046,5","6848041,86",0,G,0,ACCROCHE,54PR244G,54PR245G,SC,SC,SC,SC,14623,15620,997,54,GE DIRE
11052,02/01/2026,A0031,1000,245,54,N,0,244329,"926046,5","6848041,86",0,246,54,N,0,245329,"927027,53","6848177,37",0,G,0,ACCROCHE,54PR245G,54PR246G,SC,SC,SC,SC,15620,16620,1000,54,GE DIRE
11170,02/01/2026,A0031,951,246,54,N,0,245329,"927027,53","6848177,37",0,247,54,N,0,246280,"927993,12","6848263,79",0,G,0,ACCROCHE,54PR246G,54PR247G,SC,SC,SC,SC,16620,17571,951,54,GE DIRE
11141,02/01/2026,A0031,999,247,54,N,0,246280,"927993,12","6848263,79",0,248,54,N,0,247279,"928962,14","6848393,08",0,G,0,ACCROCHE,54PR247G,54PR248G,SC,SC,SC,SC,17571,18570,999,54,GE DIRE
11059,02/01/2026,A0031,623,248,54,N,0,247279,"928962,14","6848393,08",0,249,54,N,0,247902,"929491,8","6848718,22",0,G,0,ACCROCHE,54PR248G,54PR249G,SC,SC,SC,SC,18570,19193,623,54,GE DIRE
11148,02/01/2026,A0031,1005,249,54,N,0,247902,"929491,8","6848718,22",0,250,54,N,0,248907,"930288,66","6849314,96",0,G,0,ACCROCHE,54PR249G,54PR250G,SC,SC,SC,SC,19193,20198,1005,54,GE DIRE
11171,02/01/2026,A0031,1050,250,54,N,0,248907,"930288,66","6849314,96",0,251,54,N,0,249957,"931128,84","6849924,67",0,G,0,ACCROCHE,54PR250G,54PR251G,SC,SC,SC,SC,20198,21248,1050,54,GE DIRE
11055,02/01/2026,A0031,952,251,54,N,0,249957,"931128,84","6849924,67",0,252,54,N,0,250909,"931813,68","6850594,52",0,G,0,ACCROCHE,54PR251G,54PR252G,SC,SC,SC,SC,21248,22200,952,54,GE DIRE
11167,02/01/2026,A0031,995,252,54,N,0,250909,"931813,68","6850594,52",0,253,54,N,0,251904,"932655,87","6850970,19",0,G,0,ACCROCHE,54PR252G,54PR253G,SC,SC,SC,SC,22200,23195,995,54,GE DIRE
11150,02/01/2026,A0031,981,253,54,N,0,251904,"932655,87","6850970,19",0,254,54,N,0,252885,"933071,96","6851827,81",0,G,0,ACCROCHE,54PR253G,54PR254G,SC,SC,SC,SC,23195,24176,981,54,GE DIRE
11152,02/01/2026,A0031,1009,254,54,N,0,252885,"933071,96","6851827,81",0,255,54,N,0,253894,"932354,95","6852482,67",0,G,0,ACCROCHE,54PR254G,54PR255G,SC,SC,SC,SC,24176,25185,1009,54,GE DIRE
11166,02/01/2026,A0031,998,255,54,N,0,253894,"932354,95","6852482,67",0,256,54,N,0,254892,"931941,54","6853380,93",0,G,0,ACCROCHE,54PR255G,54PR256G,SC,SC,SC,SC,25185,26183,998,54,GE DIRE
11161,02/01/2026,A0031,1013,256,54,N,0,254892,"931941,54","6853380,93",0,257,54,N,0,255905,"931916,88","6854318,39",0,G,0,ACCROCHE,54PR256G,54PR257G,SC,SC,SC,SC,26183,27196,1013,54,GE DIRE
11142,02/01/2026,A0031,983,257,54,N,0,255905,"931916,88","6854318,39",0,258,54,N,0,256888,"931827,56","6855235,14",0,G,0,ACCROCHE,54PR257G,54PR258G,SC,SC,SC,SC,27196,28179,983,54,GE DIRE
11175,02/01/2026,A0031,1017,258,54,N,0,256888,"931827,56","6855235,14",0,259,54,N,0,257905,"931196,79","6856029,36",0,G,0,ACCROCHE,54PR258G,54PR259G,SC,SC,SC,SC,28179,29196,1017,54,GE DIRE
11165,02/01/2026,A0031,991,259,54,N,0,257905,"931196,79","6856029,36",0,260,54,N,0,258896,"930961,37","6856972,77",0,G,0,ACCROCHE,54PR259G,54PR260G,SC,SC,SC,SC,29196,30187,991,54,GE DIRE
11061,02/01/2026,A0031,1000,260,54,N,0,258896,"930961,37","6856972,77",0,261,54,N,0,259896,"931013,06","6857971,51",0,G,0,ACCROCHE,54PR260G,54PR261G,SC,SC,SC,SC,30187,31187,1000,54,GE DIRE
11139,02/01/2026,A0031,994,261,54,N,0,259896,"931013,06","6857971,51",0,262,54,N,0,260890,"930733,82","6858920,97",0,G,0,ACCROCHE,54PR261G,54PR262G,SC,SC,SC,SC,31187,32181,994,54,GE DIRE
11062,02/01/2026,A0031,1006,262,54,N,0,260890,"930733,82","6858920,97",0,263,54,N,0,261896,"929841,19","6859134,1",0,G,0,ACCROCHE,54PR262G,54PR263G,SC,SC,SC,SC,32181,33187,1006,54,GE DIRE
11176,02/01/2026,A0031,998,263,54,N,0,261896,"929841,19","6859134,1",0,264,54,N,0,262894,"928938,12","6859397,07",0,G,0,ACCROCHE,54PR263G,54PR264G,SC,SC,SC,SC,33187,34185,998,54,GE DIRE
11177,02/01/2026,A0031,1001,264,54,N,0,262894,"928938,12","6859397,07",0,265,54,N,0,263895,"928605,3","6860334,76",0,G,0,ACCROCHE,54PR264G,54PR265G,SC,SC,SC,SC,34185,35186,1001,54,GE DIRE
11143,02/01/2026,A0031,997,265,54,N,0,263895,"928605,3","6860334,76",0,266,54,N,0,264892,"928600,05","6861320,45",0,G,0,ACCROCHE,54PR265G,54PR266G,SC,SC,SC,SC,35186,36183,997,54,GE DIRE
11168,02/01/2026,A0031,996,266,54,N,0,264892,"928600,05","6861320,45",0,267,54,N,0,265888,"928079,72","6862167,12",0,G,0,ACCROCHE,54PR266G,54PR267G,SC,SC,SC,SC,36183,37179,996,54,GE DIRE
11056,02/01/2026,A0031,1003,267,54,N,0,265888,"928079,72","6862167,12",0,268,54,N,0,266891,"927435,63","6862928,6",0,G,0,ACCROCHE,54PR267G,54PR268G,SC,SC,SC,SC,37179,38182,1003,54,GE DIRE
11163,02/01/2026,A0031,1005,268,54,N,0,266891,"927435,63","6862928,6",0,269,54,N,0,267896,"926915,78","6863775,84",0,G,0,ACCROCHE,54PR268G,54PR269G,SC,SC,SC,SC,38182,39187,1005,54,GE DIRE
11179,02/01/2026,A0031,1003,269,54,N,0,267896,"926915,78","6863775,84",0,270,54,N,0,268899,"926744,46","6864765,56",0,G,0,ACCROCHE,54PR269G,54PR270G,SC,SC,SC,SC,39187,40190,1003,54,GE DIRE
11154,02/01/2026,A0031,999,270,54,N,0,268899,"926744,46","6864765,56",0,271,54,N,0,269898,"926615,28","6865754,19",0,G,0,ACCROCHE,54PR270G,54PR271G,SC,SC,SC,SC,40190,41189,999,54,GE DIRE
11169,02/01/2026,A0031,1014,271,54,N,0,269898,"926615,28","6865754,19",0,272,54,N,0,270912,"926709,51","6866764,5",0,G,0,ACCROCHE,54PR271G,54PR272G,SC,SC,SC,SC,41189,42203,1014,54,GE DIRE
11145,02/01/2026,A0031,1007,272,54,N,0,270912,"926709,51","6866764,5",0,273,54,N,0,271919,"926910,71","6867752,33",0,G,0,ACCROCHE,54PR272G,54PR273G,SC,SC,SC,SC,42203,43210,1007,54,GE DIRE
11157,02/01/2026,A0031,977,273,54,N,0,271919,"926910,71","6867752,33",0,274,54,N,0,272896,"927030,18","6868716,75",0,G,0,ACCROCHE,54PR273G,54PR274G,SC,SC,SC,SC,43210,44187,977,54,GE DIRE
11155,02/01/2026,A0031,1002,274,54,N,0,272896,"927030,18","6868716,75",0,275,54,N,0,273898,"927120,48","6869711,84",0,G,0,ACCROCHE,54PR274G,54PR275G,SC,SC,SC,SC,44187,45189,1002,54,GE DIRE
11172,02/01/2026,A0031,1000,275,54,N,0,273898,"927120,48","6869711,84",0,276,54,N,0,274898,"927449,14","6870664,47",0,G,0,ACCROCHE,54PR275G,54PR276G,SC,SC,SC,SC,45189,46189,1000,54,GE DIRE
11057,02/01/2026,A0031,990,276,54,N,0,274898,"927449,14","6870664,47",0,277,54,N,0,275888,"927709,08","6871616,61",0,G,0,ACCROCHE,54PR276G,54PR277G,SC,SC,SC,SC,46189,47179,990,54,GE DIRE
11174,02/01/2026,A0031,1024,277,54,N,0,275888,"927709,08","6871616,61",0,278,54,N,0,276912,"927835,67","6872642,05",0,G,0,ACCROCHE,54PR277G,54PR278G,SC,SC,SC,SC,47179,48203,1024,54,GE DIRE
11149,02/01/2026,A0031,979,278,54,N,0,276912,"927835,67","6872642,05",0,279,54,N,0,277891,"927833,32","6873611,66",0,G,0,ACCROCHE,54PR278G,54PR279G,SC,SC,SC,SC,48203,49182,979,54,GE DIRE
11153,02/01/2026,A0031,1002,279,54,N,0,277891,"927833,32","6873611,66",0,280,54,N,0,278893,"927891,69","6874607,21",0,G,0,ACCROCHE,54PR279G,54PR280G,SC,SC,SC,SC,49182,50184,1002,54,GE DIRE
11144,02/01/2026,A0031,998,280,54,N,0,278893,"927891,69","6874607,21",0,281,54,N,0,279891,"927940,1","6875604,8",0,G,0,ACCROCHE,54PR280G,54PR281G,SC,SC,SC,SC,50184,51182,998,54,GE DIRE
11060,02/01/2026,A0031,999,281,54,N,0,279891,"927940,1","6875604,8",0,282,54,N,0,280890,"927851,02","6876598,05",0,G,0,ACCROCHE,54PR281G,54PR282G,SC,SC,SC,SC,51182,52181,999,54,GE DIRE
11159,02/01/2026,A0031,1007,282,54,N,0,280890,"927851,02","6876598,05",0,283,54,N,0,281897,"927621,87","6877570,48",0,G,0,ACCROCHE,54PR282G,54PR283G,SC,SC,SC,SC,52181,53188,1007,54,GE DIRE
11063,02/01/2026,A0031,1034,283,54,N,0,281897,"927621,87","6877570,48",0,284,57,N,0,282931,"927324,66","6878568,71",0,G,0,ACCROCHE,54PR283G,57PR284G,SC,SC,CS,CS,53188,54222,1034,54,GE DIRE
7509,02/01/2026,A0031,995,284,57,N,0,283164,"927342,3","6878572,37",0,285,57,N,0,284159,"927199,26","6879547,33",0,D,0,ACCROCHE,57PR284D,57PR285D,CS,CS,SC,SC,0,995,995,57,GE DIRE
7506,02/01/2026,A0031,996,285,57,N,0,284159,"927199,26","6879547,33",0,286,57,N,0,285155,"927205,47","6880548,82",0,D,0,ACCROCHE,57PR285D,57PR286D,SC,SC,SC,SC,995,1991,996,57,GE DIRE
7541,02/01/2026,A0031,1000,286,57,N,0,285155,"927205,47","6880548,82",0,287,57,N,0,286155,"927161,24","6881538,44",0,D,0,ACCROCHE,57PR286D,57PR287D,SC,SC,SC,SC,1991,2991,1000,57,GE DIRE
7478,02/01/2026,A0031,989,287,57,N,0,286155,"927161,24","6881538,44",0,288,57,N,0,287144,"927284,86","6882515,57",0,D,0,ACCROCHE,57PR287D,57PR288D,SC,SC,SC,SC,2991,3980,989,57,GE DIRE
7513,02/01/2026,A0031,999,288,57,N,0,287144,"927284,86","6882515,57",0,289,57,N,0,288143,"927668,18","6883436,42",0,D,0,ACCROCHE,57PR288D,57PR289D,SC,SC,SC,SC,3980,4979,999,57,GE DIRE
7479,02/01/2026,A0031,1008,289,57,N,0,288143,"927668,18","6883436,42",0,290,57,N,0,289151,"927855,35","6884425,64",0,D,0,ACCROCHE,57PR289D,57PR290D,SC,SC,SC,SC,4979,5987,1008,57,GE DIRE
7511,02/01/2026,A0031,1000,290,57,N,0,289151,"927855,35","6884425,64",0,291,57,N,0,290151,"927737,97","6885411,06",0,D,0,ACCROCHE,57PR290D,57PR291D,SC,SC,SC,SC,5987,6987,1000,57,GE DIRE
7482,02/01/2026,A0031,1000,291,57,N,0,290151,"927737,97","6885411,06",0,292,57,N,0,291151,"927557,15","6886396,84",0,D,0,ACCROCHE,57PR291D,57PR292D,SC,SC,SC,SC,6987,7987,1000,57,GE DIRE
7520,02/01/2026,A0031,996,292,57,N,0,291151,"927557,15","6886396,84",0,293,57,N,0,292147,"927448,76","6887383,48",0,D,0,ACCROCHE,57PR292D,57PR293D,SC,SC,SC,SC,7987,8983,996,57,GE DIRE
7488,02/01/2026,A0031,1005,293,57,N,0,292147,"927448,76","6887383,48",0,294,57,N,0,293152,"927453,1","6888379,21",0,D,0,ACCROCHE,57PR293D,57PR294D,SC,SC,SC,SC,8983,9988,1005,57,GE DIRE
7527,02/01/2026,A0031,992,294,57,N,0,293152,"927453,1","6888379,21",0,295,57,N,0,294144,"927376,85","6889367,51",0,D,0,ACCROCHE,57PR294D,57PR295D,SC,SC,SC,SC,9988,10980,992,57,GE DIRE
7501,02/01/2026,A0031,1008,295,57,N,0,294144,"927376,85","6889367,51",0,296,57,N,0,295152,"927316,61","6890351,09",0,D,0,ACCROCHE,57PR295D,57PR296D,SC,SC,SC,SC,10980,11988,1008,57,GE DIRE
7510,02/01/2026,A0031,1002,296,57,N,0,295152,"927316,61","6890351,09",0,297,57,N,0,296154,"926947,65","6891277,29",0,D,0,ACCROCHE,57PR296D,57PR297D,SC,SC,SC,SC,11988,12990,1002,57,GE DIRE
7487,02/01/2026,A0031,991,297,57,N,0,296154,"926947,65","6891277,29",0,298,57,N,0,297145,"926930,82","6892238,34",0,D,0,ACCROCHE,57PR297D,57PR298D,SC,SC,SC,SC,12990,13981,991,57,GE DIRE
7523,02/01/2026,A0031,991,298,57,N,0,297145,"926930,82","6892238,34",0,299,57,N,0,298136,"927589,48",6892976,0,D,0,ACCROCHE,57PR298D,57PR299D,SC,SC,SC,SC,13981,14972,991,57,GE DIRE
7483,02/01/2026,A0031,988,299,57,N,0,298136,"927589,48",6892976,0,300,57,N,0,299124,"928454,61","6893430,83",0,D,0,ACCROCHE,57PR299D,57PR300D,SC,SC,SC,SC,14972,15960,988,57,GE DIRE
7481,02/01/2026,A0031,999,300,57,N,0,299124,"928454,61","6893430,83",0,301,57,N,0,300123,"929328,64","6893920,68",0,D,0,ACCROCHE,57PR300D,57PR301D,SC,SC,SC,SC,15960,16959,999,57,GE DIRE
7492,02/01/2026,A0031,984,301,57,N,0,300123,"929328,64","6893920,68",0,302,57,N,0,301107,"930113,71","6894512,14",0,D,0,ACCROCHE,57PR301D,57PR302D,SC,SC,SC,SC,16959,17943,984,57,GE DIRE
7542,02/01/2026,A0031,987,302,57,N,0,301107,"930113,71","6894512,14",0,303,57,N,0,302094,"930720,06","6895193,08",0,D,0,ACCROCHE,57PR302D,57PR303D,SC,SC,SC,SC,17943,18930,987,57,GE DIRE
7516,02/01/2026,A0031,990,303,57,N,0,302094,"930720,06","6895193,08",0,304,57,N,0,303084,"930635,61","6896336,75",0,D,0,ACCROCHE,57PR303D,57PR304D,SC,SC,SC,SC,18930,19920,990,57,GE DIRE
7508,02/01/2026,A0031,1092,304,57,N,0,303084,"930635,61","6896336,75",0,305,57,N,0,304176,"931224,83","6897000,7",0,D,0,ACCROCHE,57PR304D,57PR305D,SC,SC,SC,SC,19920,21012,1092,57,GE DIRE
7536,02/01/2026,A0031,886,305,57,N,0,304176,"931224,83","6897000,7",0,306,57,N,0,305062,"931786,14","6897671,81",0,D,0,ACCROCHE,57PR305D,57PR306D,SC,SC,SC,SC,21012,21898,886,57,GE DIRE
7540,02/01/2026,A0031,1120,306,57,N,0,305062,"931786,14","6897671,81",0,307,57,N,0,306182,"932334,48","6898549,24",0,D,0,ACCROCHE,57PR306D,57PR307D,SC,SC,SC,SC,21898,23018,1120,57,GE DIRE
7525,02/01/2026,A0031,980,307,57,N,0,306182,"932334,48","6898549,24",0,308,57,N,0,307162,"932183,78","6899517,21",0,D,0,ACCROCHE,57PR307D,57PR308D,SC,SC,SC,SC,23018,23998,980,57,GE DIRE
7514,02/01/2026,A0031,1030,308,57,N,0,307162,"932183,78","6899517,21",0,309,57,N,0,308192,"932033,78","6900533,2",0,D,0,ACCROCHE,57PR308D,57PR309D,SC,SC,SC,SC,23998,25028,1030,57,GE DIRE
7518,02/01/2026,A0031,1001,309,57,N,0,308192,"932033,78","6900533,2",0,310,57,N,0,309193,"931857,28","6901521,13",0,D,0,ACCROCHE,57PR309D,57PR310D,SC,SC,SC,SC,25028,26029,1001,57,GE DIRE
7528,02/01/2026,A0031,1003,310,57,N,0,309193,"931857,28","6901521,13",0,311,57,N,0,310196,"931635,23","6902498,02",0,D,0,ACCROCHE,57PR310D,57PR311D,SC,SC,SC,SC,26029,27032,1003,57,GE DIRE
7512,02/01/2026,A0031,1001,311,57,N,0,310196,"931635,23","6902498,02",0,312,57,N,0,311197,"931499,24","6903489,58",0,D,0,ACCROCHE,57PR311D,57PR312D,SC,SC,SC,SC,27032,28033,1001,57,GE DIRE
7522,02/01/2026,A0031,1005,312,57,N,0,311197,"931499,24","6903489,58",0,313,57,N,0,312202,"931404,61","6904488,12",0,D,0,ACCROCHE,57PR312D,57PR313D,SC,SC,SC,SC,28033,29038,1005,57,GE DIRE
7498,02/01/2026,A0031,1013,313,57,N,0,312202,"931404,61","6904488,12",0,314,57,N,0,313215,"931339,12","6905485,76",0,D,0,ACCROCHE,57PR313D,57PR314D,SC,SC,SC,SC,29038,30051,1013,57,GE DIRE
7533,02/01/2026,A0031,1005,314,57,N,0,313215,"931339,12","6905485,76",0,315,57,N,0,314220,"931267,15","6906492,65",0,D,0,ACCROCHE,57PR314D,57PR315D,SC,SC,SC,SC,30051,31056,1005,57,GE DIRE
7535,02/01/2026,A0031,1012,315,57,N,0,314220,"931267,15","6906492,65",0,316,57,N,0,315232,"931471,75","6907464,12",0,D,0,ACCROCHE,57PR315D,57PR316D,SC,SC,SC,SC,31056,32068,1012,57,GE DIRE
7526,02/01/2026,A0031,997,316,57,N,0,315232,"931471,75","6907464,12",0,317,57,N,0,316229,"931555,68","6908429,31",0,D,0,ACCROCHE,57PR316D,57PR317D,SC,SC,SC,SC,32068,33065,997,57,GE DIRE
7539,02/01/2026,A0031,978,317,57,N,0,316229,"931555,68","6908429,31",0,318,57,N,0,317207,"931542,32","6909403,72",0,D,0,ACCROCHE,57PR317D,57PR318D,SC,SC,SC,SC,33065,34043,978,57,GE DIRE
7524,02/01/2026,A0031,996,318,57,N,0,317207,"931542,32","6909403,72",0,319,57,N,0,318203,"931228,21","6910341,72",0,D,0,ACCROCHE,57PR318D,57PR319D,SC,SC,SC,SC,34043,35039,996,57,GE DIRE
7537,02/01/2026,A0031,1001,319,57,N,0,318203,"931228,21","6910341,72",0,320,57,N,0,319204,"931274,65","6911336,65",0,D,0,ACCROCHE,57PR319D,57PR320D,SC,SC,SC,SC,35039,36040,1001,57,GE DIRE
7531,02/01/2026,A0031,996,320,57,N,0,319204,"931274,65","6911336,65",0,321,57,N,0,320200,"931089,14","6912311,62",0,D,0,ACCROCHE,57PR320D,57PR321D,SC,SC,SC,SC,36040,37036,996,57,GE DIRE
7485,02/01/2026,A0031,995,321,57,N,0,320200,"931089,14","6912311,62",0,322,57,N,0,321195,"930892,96","6913299,46",0,D,0,ACCROCHE,57PR321D,57PR322D,SC,SC,SC,SC,37036,38031,995,57,GE DIRE
7505,02/01/2026,A0031,1000,322,57,N,0,321195,"930892,96","6913299,46",0,323,57,N,0,322195,"930896,74","6914292,1",0,D,0,ACCROCHE,57PR322D,57PR323D,SC,SC,SC,SC,38031,39031,1000,57,GE DIRE
7517,02/01/2026,A0031,1001,323,57,N,0,322195,"930896,74","6914292,1",0,324,57,N,0,323196,"931291,52","6915197,94",0,D,0,ACCROCHE,57PR323D,57PR324D,SC,SC,SC,SC,39031,40032,1001,57,GE DIRE
7499,02/01/2026,A0031,996,324,57,N,0,323196,"931291,52","6915197,94",0,325,57,N,0,324192,"931562,71","6916123,58",0,D,0,ACCROCHE,57PR324D,57PR325D,SC,SC,SC,SC,40032,41028,996,57,GE DIRE
7495,02/01/2026,A0031,999,325,57,N,0,324192,"931562,71","6916123,58",0,326,57,N,0,325191,"931413,41","6917111,65",0,D,0,ACCROCHE,57PR325D,57PR326D,SC,SC,SC,SC,41028,42027,999,57,GE DIRE
7507,02/01/2026,A0031,998,326,57,N,0,325191,"931413,41","6917111,65",0,327,57,N,0,326189,"931433,26",6918110,0,D,0,ACCROCHE,57PR326D,57PR327D,SC,SC,SC,SC,42027,43025,998,57,GE DIRE
7519,02/01/2026,A0031,998,327,57,N,0,326189,"931433,26",6918110,0,328,57,N,0,327187,"931561,19","6919098,98",0,D,0,ACCROCHE,57PR327D,57PR328D,SC,SC,SC,SC,43025,44023,998,57,GE DIRE
7497,02/01/2026,A0031,998,328,57,N,0,327187,"931561,19","6919098,98",0,329,57,N,0,328185,"931385,4","6920073,53",0,D,0,ACCROCHE,57PR328D,57PR329D,SC,SC,SC,SC,44023,45021,998,57,GE DIRE
7532,02/01/2026,A0031,996,329,57,N,0,328185,"931385,4","6920073,53",0,330,57,N,0,329181,"930821,33","6920873,55",0,D,0,ACCROCHE,57PR329D,57PR330D,SC,SC,SC,SC,45021,46017,996,57,GE DIRE
7530,02/01/2026,A0031,1002,330,57,N,0,329181,"930821,33","6920873,55",0,331,57,N,0,330183,"929875,63","6921127,95",0,D,0,ACCROCHE,57PR330D,57PR331D,SC,SC,SC,SC,46017,47019,1002,57,GE DIRE
7515,02/01/2026,A0031,1000,331,57,N,0,330183,"929875,63","6921127,95",0,332,57,N,0,331183,"928870,86","6921278,07",0,D,0,ACCROCHE,57PR331D,57PR332D,SC,SC,SC,SC,47019,48019,1000,57,GE DIRE
7503,02/01/2026,A0031,1000,332,57,N,0,331183,"928870,86","6921278,07",0,333,57,N,0,332183,"927870,25","6921316,44",0,D,0,ACCROCHE,57PR332D,57PR333D,SC,SC,SC,SC,48019,49019,1000,57,GE DIRE
7486,02/01/2026,A0031,1000,333,57,N,0,332183,"927870,25","6921316,44",0,334,57,N,0,333183,"926977,07","6920931,52",0,D,0,ACCROCHE,57PR333D,57PR334D,SC,SC,SC,SC,49019,50019,1000,57,GE DIRE
7484,02/01/2026,A0031,1000,334,57,N,0,333183,"926977,07","6920931,52",0,335,57,N,0,334183,"926074,47","6920879,71",0,D,0,ACCROCHE,57PR334D,57PR335D,SC,SC,SC,SC,50019,51019,1000,57,GE DIRE
7521,02/01/2026,A0031,1000,335,57,N,0,334183,"926074,47","6920879,71",0,336,57,N,0,335183,"925657,34","6921814,46",0,D,0,ACCROCHE,57PR335D,57PR336D,SC,SC,SC,SC,51019,52019,1000,57,GE DIRE
7534,02/01/2026,A0031,1096,336,57,N,0,335183,"925657,34","6921814,46",0,337,57,N,0,336279,"925677,6","6922905,8",0,D,0,ACCROCHE,57PR336D,57PR337D,SC,SC,SC,SC,52019,53115,1096,57,GE DIRE
7502,02/01/2026,A0031,995,337,57,N,0,336279,"925677,6","6922905,8",0,338,57,N,0,337274,"925585,04","6923893,92",0,D,0,ACCROCHE,57PR337D,57PR338D,SC,SC,SC,SC,53115,54110,995,57,GE DIRE
7494,02/01/2026,A0031,1003,338,57,N,0,337274,"925585,04","6923893,92",0,339,57,N,0,338277,"925619,3","6924896,4",0,D,0,ACCROCHE,57PR338D,57PR339D,SC,SC,SC,SC,54110,55113,1003,57,GE DIRE
7529,02/01/2026,A0031,1013,339,57,N,0,338277,"925619,3","6924896,4",0,340,57,N,0,339290,"925806,81","6925894,29",0,D,0,ACCROCHE,57PR339D,57PR340D,SC,SC,SC,SC,55113,56126,1013,57,GE DIRE
7500,02/01/2026,A0031,1003,340,57,N,0,339290,"925806,81","6925894,29",0,341,57,N,0,340293,"925869,37","6926893,45",0,D,0,ACCROCHE,57PR340D,57PR341D,SC,SC,SC,SC,56126,57129,1003,57,GE DIRE
7493,02/01/2026,A0031,1000,341,57,N,0,340293,"925869,37","6926893,45",0,342,57,N,0,341293,"925829,03","6927890,67",0,D,0,ACCROCHE,57PR341D,57PR342D,SC,SC,SC,SC,57129,58129,1000,57,GE DIRE
7496,02/01/2026,A0031,1002,342,57,N,0,341293,"925829,03","6927890,67",0,343,57,N,0,342295,"925704,81","6928885,89",0,D,0,ACCROCHE,57PR342D,57PR343D,SC,SC,SC,SC,58129,59131,1002,57,GE DIRE
7491,02/01/2026,A0031,997,343,57,N,0,342295,"925704,81","6928885,89",0,344,57,N,0,343292,"925839,64","6929887,53",0,D,0,ACCROCHE,57PR343D,57PR344D,SC,SC,SC,SC,59131,60128,997,57,GE DIRE
7504,02/01/2026,A0031,1002,344,57,N,0,343292,"925839,64","6929887,53",0,345,57,N,0,344294,"926103,13","6930836,22",0,D,0,ACCROCHE,57PR344D,57PR345D,SC,SC,SC,SC,60128,61130,1002,57,GE DIRE
7489,02/01/2026,A0031,1006,345,57,N,0,344294,"926103,13","6930836,22",0,346,57,N,0,345300,"926223,43","6931829,97",0,D,0,ACCROCHE,57PR345D,57PR346D,SC,SC,SC,SC,61130,62136,1006,57,GE DIRE
7480,02/01/2026,A0031,984,346,57,N,0,345300,"926223,43","6931829,97",0,347,57,N,0,346284,"926314,43","6932816,82",0,D,0,ACCROCHE,57PR346D,57PR347D,SC,SC,SC,SC,62136,63120,984,57,GE DIRE
7490,02/01/2026,A0031,1017,347,57,N,0,346284,"926314,43","6932816,82",0,348,57,N,0,347301,"926325,11","6933832,62",0,D,0,ACCROCHE,57PR347D,57PR348D,SC,SC,SC,SC,63120,64137,1017,57,GE DIRE
7538,02/01/2026,A0031,987,348,57,N,0,347301,"926325,11","6933832,62",0,348,57,N,987,348288,"926268,72","6934824,63",0,D,0,ACCROCHE,57PR348D,FRD,SC,SC,FR,FR,64137,65124,987,57,GE DIRE
7463,02/01/2026,A0031,997,284,57,N,0,282931,"927324,66","6878568,71",0,285,57,N,0,283928,"927178,36","6879545,13",0,G,0,ACCROCHE,57PR284G,57PR285G,CS,CS,SC,SC,0,997,997,57,GE DIRE
7440,02/01/2026,A0031,997,285,57,N,0,283928,"927178,36","6879545,13",0,286,57,N,0,284925,"927184,46","6880548,42",0,G,0,ACCROCHE,57PR285G,57PR286G,SC,SC,SC,SC,997,1994,997,57,GE DIRE
7459,02/01/2026,A0031,996,286,57,N,0,284925,"927184,46","6880548,42",0,287,57,N,0,285921,"927140,41","6881535,68",0,G,0,ACCROCHE,57PR286G,57PR287G,SC,SC,SC,SC,1994,2990,996,57,GE DIRE
7421,02/01/2026,A0031,1001,287,57,N,0,285921,"927140,41","6881535,68",0,288,57,N,0,286922,"927266,04","6882525,12",0,G,0,ACCROCHE,57PR287G,57PR288G,SC,SC,SC,SC,2990,3991,1001,57,GE DIRE
7434,02/01/2026,A0031,1000,288,57,N,0,286922,"927266,04","6882525,12",0,289,57,N,0,287922,"927648,21","6883442,87",0,G,0,ACCROCHE,57PR288G,57PR289G,SC,SC,SC,SC,3991,4991,1000,57,GE DIRE
7438,02/01/2026,A0031,1000,289,57,N,0,287922,"927648,21","6883442,87",0,290,57,N,0,288922,"927834,36","6884425,58",0,G,0,ACCROCHE,57PR289G,57PR290G,SC,SC,SC,SC,4991,5991,1000,57,GE DIRE
7430,02/01/2026,A0031,993,290,57,N,0,288922,"927834,36","6884425,58",0,291,57,N,0,289915,"927717,35","6885407,34",0,G,0,ACCROCHE,57PR290G,57PR291G,SC,SC,SC,SC,5991,6984,993,57,GE DIRE
7452,02/01/2026,A0031,1000,291,57,N,0,289915,"927717,35","6885407,34",0,292,57,N,0,290915,"927536,23","6886394,26",0,G,0,ACCROCHE,57PR291G,57PR292G,SC,SC,SC,SC,6984,7984,1000,57,GE DIRE
7426,02/01/2026,A0031,1000,292,57,N,0,290915,"927536,23","6886394,26",0,293,57,N,0,291915,"927427,77","6887384,43",0,G,0,ACCROCHE,57PR292G,57PR293G,SC,SC,SC,SC,7984,8984,1000,57,GE DIRE
7468,02/01/2026,A0031,998,293,57,N,0,291915,"927427,77","6887384,43",0,294,57,N,0,292913,"927431,91","6888377,3",0,G,0,ACCROCHE,57PR293G,57PR294G,SC,SC,SC,SC,8984,9982,998,57,GE DIRE
7428,02/01/2026,A0031,1001,294,57,N,0,292913,"927431,91","6888377,3",0,295,57,N,0,293914,"927355,89","6889369,3",0,G,0,ACCROCHE,57PR294G,57PR295G,SC,SC,SC,SC,9982,10983,1001,57,GE DIRE
7451,02/01/2026,A0031,999,295,57,N,0,293914,"927355,89","6889369,3",0,296,57,N,0,294913,"927296,22","6890346,19",0,G,0,ACCROCHE,57PR295G,57PR296G,SC,SC,SC,SC,10983,11982,999,57,GE DIRE
7424,02/01/2026,A0031,999,296,57,N,0,294913,"927296,22","6890346,19",0,297,57,N,0,295912,"926925,82","6891265,98",0,G,0,ACCROCHE,57PR296G,57PR297G,SC,SC,SC,SC,11982,12981,999,57,GE DIRE
7455,02/01/2026,A0031,1008,297,57,N,0,295912,"926925,82","6891265,98",0,298,57,N,0,296920,"926913,15","6892243,89",0,G,0,ACCROCHE,57PR297G,57PR298G,SC,SC,SC,SC,12981,13989,1008,57,GE DIRE
7446,02/01/2026,A0031,999,298,57,N,0,296920,"926913,15","6892243,89",0,299,57,N,0,297919,"927580,63","6892987,1",0,G,0,ACCROCHE,57PR298G,57PR299G,SC,SC,SC,SC,13989,14988,999,57,GE DIRE
7477,02/01/2026,A0031,988,299,57,N,0,297919,"927580,63","6892987,1",0,300,57,N,0,298907,"928447,07","6893443,69",0,G,0,ACCROCHE,57PR299G,57PR300G,SC,SC,SC,SC,14988,15976,988,57,GE DIRE
7474,02/01/2026,A0031,993,300,57,N,0,298907,"928447,07","6893443,69",0,301,57,N,0,299900,"929313,08","6893928,97",0,G,0,ACCROCHE,57PR300G,57PR301G,SC,SC,SC,SC,15976,16969,993,57,GE DIRE
7429,02/01/2026,A0031,990,301,57,N,0,299900,"929313,08","6893928,97",0,302,57,N,0,300890,"930106,24","6894525,15",0,G,0,ACCROCHE,57PR301G,57PR302G,SC,SC,SC,SC,16969,17959,990,57,GE DIRE
7431,02/01/2026,A0031,969,302,57,N,0,300890,"930106,24","6894525,15",0,303,57,N,0,301859,"930707,94","6895191,84",0,G,0,ACCROCHE,57PR302G,57PR303G,SC,SC,SC,SC,17959,18928,969,57,GE DIRE
7684,02/01/2026,A0031,992,303,57,N,0,301859,"930707,94","6895191,84",0,304,57,N,0,302851,"930618,88","6896340,51",0,G,0,ACCROCHE,57PR303G,57PR304G,SC,SC,SC,SC,18928,19920,992,57,GE DIRE
7460,02/01/2026,A0031,1104,304,57,N,0,302851,"930618,88","6896340,51",0,305,57,N,0,303955,"931216,61","6897009,7",0,G,0,ACCROCHE,57PR304G,57PR305G,SC,SC,SC,SC,19920,21024,1104,57,GE DIRE
7467,02/01/2026,A0031,877,305,57,N,0,303955,"931216,61","6897009,7",0,306,57,N,0,304832,"931772,52","6897673,63",0,G,0,ACCROCHE,57PR305G,57PR306G,SC,SC,SC,SC,21024,21901,877,57,GE DIRE
7476,02/01/2026,A0031,1116,306,57,N,0,304832,"931772,52","6897673,63",0,307,57,N,0,305948,"932318,34","6898549,46",0,G,0,ACCROCHE,57PR306G,57PR307G,SC,SC,SC,SC,21901,23017,1116,57,GE DIRE
7453,02/01/2026,A0031,975,307,57,N,0,305948,"932318,34","6898549,46",0,308,57,N,0,306923,"932167,54","6899514,11",0,G,0,ACCROCHE,57PR307G,57PR308G,SC,SC,SC,SC,23017,23992,975,57,GE DIRE
7682,02/01/2026,A0031,1030,308,57,N,0,306923,"932167,54","6899514,11",0,309,57,N,0,307953,"932017,5","6900530,87",0,G,0,ACCROCHE,57PR308G,57PR309G,SC,SC,SC,SC,23992,25022,1030,57,GE DIRE
7475,02/01/2026,A0031,1000,309,57,N,0,307953,"932017,5","6900530,87",0,310,57,N,0,308953,"931841,34","6901517,17",0,G,0,ACCROCHE,57PR309G,57PR310G,SC,SC,SC,SC,25022,26022,1000,57,GE DIRE
7683,02/01/2026,A0031,1002,310,57,N,0,308953,"931841,34","6901517,17",0,311,57,N,0,309955,"931619,2","6902494,38",0,G,0,ACCROCHE,57PR310G,57PR311G,SC,SC,SC,SC,26022,27024,1002,57,GE DIRE
7449,02/01/2026,A0031,1005,311,57,N,0,309955,"931619,2","6902494,38",0,312,57,N,0,310960,"931484,42","6903488,21",0,G,0,ACCROCHE,57PR311G,57PR312G,SC,SC,SC,SC,27024,28029,1005,57,GE DIRE
7465,02/01/2026,A0031,1003,312,57,N,0,310960,"931484,42","6903488,21",0,313,57,N,0,311963,"931388,12","6904487,22",0,G,0,ACCROCHE,57PR312G,57PR313G,SC,SC,SC,SC,28029,29032,1003,57,GE DIRE
7466,02/01/2026,A0031,1002,313,57,N,0,311963,"931388,12","6904487,22",0,314,57,N,0,312965,"931322,72","6905484,52",0,G,0,ACCROCHE,57PR313G,57PR314G,SC,SC,SC,SC,29032,30034,1002,57,GE DIRE
7439,02/01/2026,A0031,1006,314,57,N,0,312965,"931322,72","6905484,52",0,315,57,N,0,313971,"931250,57","6906492,65",0,G,0,ACCROCHE,57PR314G,57PR315G,SC,SC,SC,SC,30034,31040,1006,57,GE DIRE
7458,02/01/2026,A0031,1015,315,57,N,0,313971,"931250,57","6906492,65",0,316,57,N,0,314986,"931455,38","6907466,64",0,G,0,ACCROCHE,57PR315G,57PR316G,SC,SC,SC,SC,31040,32055,1015,57,GE DIRE
7436,02/01/2026,A0031,997,316,57,N,0,314986,"931455,38","6907466,64",0,317,57,N,0,315983,"931539,16","6908430,66",0,G,0,ACCROCHE,57PR316G,57PR317G,SC,SC,SC,SC,32055,33052,997,57,GE DIRE
7456,02/01/2026,A0031,969,317,57,N,0,315983,"931539,16","6908430,66",0,318,57,N,0,316952,"931526,8","6909398,18",0,G,0,ACCROCHE,57PR317G,57PR318G,SC,SC,SC,SC,33052,34021,969,57,GE DIRE
7469,02/01/2026,A0031,1001,318,57,N,0,316952,"931526,8","6909398,18",0,319,57,N,0,317953,"931211,7","6910341,54",0,G,0,ACCROCHE,57PR318G,57PR319G,SC,SC,SC,SC,34021,35022,1001,57,GE DIRE
7462,02/01/2026,A0031,1002,319,57,N,0,317953,"931211,7","6910341,54",0,320,57,N,0,318955,"931258,58","6911335,33",0,G,0,ACCROCHE,57PR319G,57PR320G,SC,SC,SC,SC,35022,36024,1002,57,GE DIRE
7423,02/01/2026,A0031,992,320,57,N,0,318955,"931258,58","6911335,33",0,321,57,N,0,319947,"931073,17","6912307,6",0,G,0,ACCROCHE,57PR320G,57PR321G,SC,SC,SC,SC,36024,37016,992,57,GE DIRE
7680,02/01/2026,A0031,997,321,57,N,0,319947,"931073,17","6912307,6",0,322,57,N,0,320944,"930876,68","6913297,45",0,G,0,ACCROCHE,57PR321G,57PR322G,SC,SC,SC,SC,37016,38013,997,57,GE DIRE
7425,02/01/2026,A0031,1068,322,57,N,0,320944,"930876,68","6913297,45",0,323,57,N,0,322012,"930761,42","6914373,91",0,G,0,ACCROCHE,57PR322G,57PR323G,SC,SC,SC,SC,38013,39081,1068,57,GE DIRE
7448,02/01/2026,A0031,1004,323,57,N,0,322012,"930761,42","6914373,91",0,324,57,N,0,323016,"931280,23","6915206,32",0,G,0,ACCROCHE,57PR323G,57PR324G,SC,SC,SC,SC,39081,40085,1004,57,GE DIRE
7432,02/01/2026,A0031,983,324,57,N,0,323016,"931280,23","6915206,32",0,325,57,N,0,323999,"931548,82","6916121,38",0,G,0,ACCROCHE,57PR324G,57PR325G,SC,SC,SC,SC,40085,41068,983,57,GE DIRE
7437,02/01/2026,A0031,1001,325,57,N,0,323999,"931548,82","6916121,38",0,326,57,N,0,325000,"931399,4","6917110,6",0,G,0,ACCROCHE,57PR325G,57PR326G,SC,SC,SC,SC,41068,42069,1001,57,GE DIRE
7445,02/01/2026,A0031,1000,326,57,N,0,325000,"931399,4","6917110,6",0,327,57,N,0,326000,"931419,14","6918110,52",0,G,0,ACCROCHE,57PR326G,57PR327G,SC,SC,SC,SC,42069,43069,1000,57,GE DIRE
7441,02/01/2026,A0031,997,327,57,N,0,326000,"931419,14","6918110,52",0,328,57,N,0,326997,"931550,18","6919098,71",0,G,0,ACCROCHE,57PR327G,57PR328G,SC,SC,SC,SC,43069,44066,997,57,GE DIRE
7681,02/01/2026,A0031,992,328,57,N,0,326997,"931550,18","6919098,71",0,329,57,N,0,327989,"931373,33","6920069,25",0,G,0,ACCROCHE,57PR328G,57PR329G,SC,SC,SC,SC,44066,45058,992,57,GE DIRE
7457,02/01/2026,A0031,986,329,57,N,0,327989,"931373,33","6920069,25",0,330,57,N,0,328975,"930814,8","6920864,63",0,G,0,ACCROCHE,57PR329G,57PR330G,SC,SC,SC,SC,45058,46044,986,57,GE DIRE
7447,02/01/2026,A0031,988,330,57,N,0,328975,"930814,8","6920864,63",0,331,57,N,0,329963,"929874,52","6921114,51",0,G,0,ACCROCHE,57PR330G,57PR331G,SC,SC,SC,SC,46044,47032,988,57,GE DIRE
7473,02/01/2026,A0031,1000,331,57,N,0,329963,"929874,52","6921114,51",0,332,57,N,0,330963,"928868,59","6921268,35",0,G,0,ACCROCHE,57PR331G,57PR332G,SC,SC,SC,SC,47032,48032,1000,57,GE DIRE
7470,02/01/2026,A0031,1000,332,57,N,0,330963,"928868,59","6921268,35",0,333,57,N,0,331963,"927871,76","6921306,39",0,G,0,ACCROCHE,57PR332G,57PR333G,SC,SC,SC,SC,48032,49032,1000,57,GE DIRE
7435,02/01/2026,A0031,1000,333,57,N,0,331963,"927871,76","6921306,39",0,334,57,N,0,332963,"926983,06","6920923,48",0,G,0,ACCROCHE,57PR333G,57PR334G,SC,SC,SC,SC,49032,50032,1000,57,GE DIRE
7433,02/01/2026,A0031,1000,334,57,N,0,332963,"926983,06","6920923,48",0,335,57,N,0,333963,"926066,88","6920868,82",0,G,0,ACCROCHE,57PR334G,57PR335G,SC,SC,SC,SC,50032,51032,1000,57,GE DIRE
7427,02/01/2026,A0031,1000,335,57,N,0,333963,"926066,88","6920868,82",0,336,57,N,0,334963,"925644,42","6921812,66",0,G,0,ACCROCHE,57PR335G,57PR336G,SC,SC,SC,SC,51032,52032,1000,57,GE DIRE
7454,02/01/2026,A0031,1096,336,57,N,0,334963,"925644,42","6921812,66",0,337,57,N,0,336059,"925664,6","6922906,03",0,G,0,ACCROCHE,57PR336G,57PR337G,SC,SC,SC,SC,52032,53128,1096,57,GE DIRE
7420,02/01/2026,A0031,997,337,57,N,0,336059,"925664,6","6922906,03",0,338,57,N,0,337056,"925572,03","6923893,53",0,G,0,ACCROCHE,57PR337G,57PR338G,SC,SC,SC,SC,53128,54125,997,57,GE DIRE
7472,02/01/2026,A0031,1005,338,57,N,0,337056,"925572,03","6923893,53",0,339,57,N,0,338061,"925605,58","6924898,58",0,G,0,ACCROCHE,57PR338G,57PR339G,SC,SC,SC,SC,54125,55130,1005,57,GE DIRE
7464,02/01/2026,A0031,1014,339,57,N,0,338061,"925605,58","6924898,58",0,340,57,N,0,339075,"925793,01","6925896,46",0,G,0,ACCROCHE,57PR339G,57PR340G,SC,SC,SC,SC,55130,56144,1014,57,GE DIRE
7443,02/01/2026,A0031,1000,340,57,N,0,339075,"925793,01","6925896,46",0,341,57,N,0,340075,"925855,69","6926894,05",0,G,0,ACCROCHE,57PR340G,57PR341G,SC,SC,SC,SC,56144,57144,1000,57,GE DIRE
7419,02/01/2026,A0031,996,341,57,N,0,340075,"925855,69","6926894,05",0,342,57,N,0,341071,"925815,12","6927889,12",0,G,0,ACCROCHE,57PR341G,57PR342G,SC,SC,SC,SC,57144,58140,996,57,GE DIRE
7444,02/01/2026,A0031,1005,342,57,N,0,341071,"925815,12","6927889,12",0,343,57,N,0,342076,"925690,82","6928885,89",0,G,0,ACCROCHE,57PR342G,57PR343G,SC,SC,SC,SC,58140,59145,1005,57,GE DIRE
7461,02/01/2026,A0031,1000,343,57,N,0,342076,"925690,82","6928885,89",0,344,57,N,0,343076,"925826,4","6929892,26",0,G,0,ACCROCHE,57PR343G,57PR344G,SC,SC,SC,SC,59145,60145,1000,57,GE DIRE
7471,02/01/2026,A0031,1001,344,57,N,0,343076,"925826,4","6929892,26",0,345,57,N,0,344077,"926092,18","6930837,57",0,G,0,ACCROCHE,57PR344G,57PR345G,SC,SC,SC,SC,60145,61146,1001,57,GE DIRE
7442,02/01/2026,A0031,1005,345,57,N,0,344077,"926092,18","6930837,57",0,346,57,N,0,345082,"926212,52","6931831,13",0,G,0,ACCROCHE,57PR345G,57PR346G,SC,SC,SC,SC,61146,62151,1005,57,GE DIRE
7418,02/01/2026,A0031,982,346,57,N,0,345082,"926212,52","6931831,13",0,347,57,N,0,346064,"926301,64","6932817,18",0,G,0,ACCROCHE,57PR346G,57PR347G,SC,SC,SC,SC,62151,63133,982,57,GE DIRE
7422,02/01/2026,A0031,1015,347,57,N,0,346064,"926301,64","6932817,18",0,348,57,N,0,347079,"926314,2","6933832,41",0,G,0,ACCROCHE,57PR347G,57PR348G,SC,SC,SC,SC,63133,64148,1015,57,GE DIRE
7450,02/01/2026,A0031,983,348,57,N,0,347079,"926314,2","6933832,41",0,348,57,N,983,348062,"926256,37","6934818,04",0,G,0,ACCROCHE,57PR348G,FRG,SC,SC,FR,FR,64148,65131,983,57,GE DIRE
54928,02/01/2026,N0057,1018,0,88,N,0,22000,"939221,77","6815802,88",0,1,88,N,0,23018,"939356,44","6814833,17",0,D,0,ACCROCHE,88PR0D,88PR1D,CS,CS,SC,SC,0,1018,1018,88,DIRE
55231,02/01/2026,N0057,1006,1,88,N,0,23018,"939356,44","6814833,17",0,2,88,N,0,24024,"940167,82","6814265,64",0,D,0,ACCROCHE,88PR1D,88PR2D,SC,SC,SC,SC,1018,2024,1006,88,DIRE
55218,02/01/2026,N0057,997,2,88,N,0,24024,"940167,82","6814265,64",0,3,88,N,0,25021,"940940,24","6813657,16",0,D,0,ACCROCHE,88PR2D,88PR3D,SC,SC,SC,SC,2024,3021,997,88,DIRE
54937,02/01/2026,N0057,1002,3,88,N,0,25021,"940940,24","6813657,16",0,4,88,N,0,26023,"941528,3","6812871,18",0,D,0,ACCROCHE,88PR3D,88PR4D,SC,SC,SC,SC,3021,4023,1002,88,DIRE
54921,02/01/2026,N0057,1011,4,88,N,0,26023,"941528,3","6812871,18",0,5,88,N,0,27034,"942514,35","6812710,53",0,D,0,ACCROCHE,88PR4D,88PR5D,SC,SC,SC,SC,4023,5034,1011,88,DIRE
54940,02/01/2026,N0057,998,5,88,N,0,27034,"942514,35","6812710,53",0,6,88,N,0,28032,"943437,22","6812346,38",0,D,0,ACCROCHE,88PR5D,88PR6D,SC,SC,SC,SC,5034,6032,998,88,DIRE
55221,02/01/2026,N0057,998,6,88,N,0,28032,"943437,22","6812346,38",0,7,88,N,0,29030,"944010,11","6811555,68",0,D,0,ACCROCHE,88PR6D,88PR7D,SC,SC,SC,SC,6032,7030,998,88,DIRE
55234,02/01/2026,N0057,1002,7,88,N,0,29030,"944010,11","6811555,68",0,8,88,N,0,30032,"944605,16","6810758,93",0,D,0,ACCROCHE,88PR7D,88PR8D,SC,SC,SC,SC,7030,8032,1002,88,DIRE
55225,02/01/2026,N0057,1002,8,88,N,0,30032,"944605,16","6810758,93",0,9,88,N,0,31034,"945273,7","6810024,66",0,D,0,ACCROCHE,88PR8D,88PR9D,SC,SC,SC,SC,8032,9034,1002,88,DIRE
55227,02/01/2026,N0057,1001,9,88,N,0,31034,"945273,7","6810024,66",0,10,88,N,0,32035,"945823,43","6809185,71",0,D,0,ACCROCHE,88PR9D,88PR10D,SC,SC,SC,SC,9034,10035,1001,88,DIRE
55220,02/01/2026,N0057,1002,10,88,N,0,32035,"945823,43","6809185,71",0,11,88,N,0,33037,"946592,76","6808602,4",0,D,0,ACCROCHE,88PR10D,88PR11D,SC,SC,SC,SC,10035,11037,1002,88,DIRE
55204,02/01/2026,N0057,1002,11,88,N,0,33037,"946592,76","6808602,4",0,12,88,N,0,34039,947584,"6808673,86",0,D,0,ACCROCHE,88PR11D,88PR12D,SC,SC,SC,SC,11037,12039,1002,88,DIRE
55195,02/01/2026,N0057,999,12,88,N,0,34039,947584,"6808673,86",0,13,88,N,0,35038,"948519,41","6808395,76",0,D,0,ACCROCHE,88PR12D,88PR13D,SC,SC,SC,SC,12039,13038,999,88,DIRE
54935,02/01/2026,N0057,1000,13,88,N,0,35038,"948519,41","6808395,76",0,14,88,N,0,36038,"949194,21","6807661,96",0,D,0,ACCROCHE,88PR13D,88PR14D,SC,SC,SC,SC,13038,14038,1000,88,DIRE
55186,02/01/2026,N0057,1000,14,88,N,0,36038,"949194,21","6807661,96",0,15,88,N,0,37038,"949788,46","6806872,76",0,D,0,ACCROCHE,88PR14D,88PR15D,SC,SC,SC,SC,14038,15038,1000,88,DIRE
55232,02/01/2026,N0057,1008,15,88,N,0,37038,"949788,46","6806872,76",0,16,88,N,0,38046,"949899,08","6805877,4",0,D,0,ACCROCHE,88PR15D,88PR16D,SC,SC,SC,SC,15038,16046,1008,88,DIRE
54936,02/01/2026,N0057,1007,16,88,N,0,38046,"949899,08","6805877,4",0,17,88,N,0,39053,"950339,42","6804984,04",0,D,0,ACCROCHE,88PR16D,88PR17D,SC,SC,SC,SC,16046,17053,1007,88,DIRE
54938,02/01/2026,N0057,1010,17,88,N,0,39053,"950339,42","6804984,04",0,18,88,N,0,40063,"950475,08","6803991,28",0,D,0,ACCROCHE,88PR17D,88PR18D,SC,SC,SC,SC,17053,18063,1010,88,DIRE
55197,02/01/2026,N0057,1008,18,88,N,0,40063,"950475,08","6803991,28",0,19,88,N,0,41071,"950657,17","6802999,15",0,D,0,ACCROCHE,88PR18D,88PR19D,SC,SC,SC,SC,18063,19071,1008,88,DIRE
54922,02/01/2026,N0057,1006,19,88,N,0,41071,"950657,17","6802999,15",0,20,88,N,0,42077,"951020,21","6802067,37",0,D,0,ACCROCHE,88PR19D,88PR20D,SC,SC,SC,SC,19071,20077,1006,88,DIRE
55219,02/01/2026,N0057,1021,20,88,N,0,42077,"951020,21","6802067,37",0,21,88,N,0,43098,"951505,27","6801168,51",0,D,0,ACCROCHE,88PR20D,88PR21D,SC,SC,SC,SC,20077,21098,1021,88,DIRE
55213,02/01/2026,N0057,1022,21,88,N,0,43098,"951505,27","6801168,51",0,22,88,N,0,44120,"951994,8","6800279,54",0,D,0,ACCROCHE,88PR21D,88PR22D,SC,SC,SC,SC,21098,22120,1022,88,DIRE
55191,02/01/2026,N0057,980,22,88,N,0,44120,"951994,8","6800279,54",0,23,88,N,0,45100,"952583,43","6799499,21",0,D,0,ACCROCHE,88PR22D,88PR23D,SC,SC,SC,SC,22120,23100,980,88,DIRE
55193,02/01/2026,N0057,1005,23,88,N,0,45100,"952583,43","6799499,21",0,24,88,N,0,46105,"953300,03","6798800,98",0,D,0,ACCROCHE,88PR23D,88PR24D,SC,SC,SC,SC,23100,24105,1005,88,DIRE
55217,02/01/2026,N0057,1007,24,88,N,0,46105,"953300,03","6798800,98",0,25,88,N,0,47112,"954014,08","6798097,36",0,D,0,ACCROCHE,88PR24D,88PR25D,SC,SC,SC,SC,24105,25112,1007,88,DIRE
55198,02/01/2026,N0057,1001,25,88,N,0,47112,"954014,08","6798097,36",0,26,88,N,0,48113,"954644,75","6797324,64",0,D,0,ACCROCHE,88PR25D,88PR26D,SC,SC,SC,SC,25112,26113,1001,88,DIRE
55187,02/01/2026,N0057,1004,26,88,N,0,48113,"954644,75","6797324,64",0,27,88,N,0,49117,"955619,38","6797182,94",0,D,0,ACCROCHE,88PR26D,88PR27D,SC,SC,SC,SC,26113,27117,1004,88,DIRE
55199,02/01/2026,N0057,998,27,88,N,0,49117,"955619,38","6797182,94",0,28,88,N,0,50115,"956380,96","6796568,93",0,D,0,ACCROCHE,88PR27D,88PR28D,SC,SC,SC,SC,27117,28115,998,88,DIRE
55229,02/01/2026,N0057,1004,28,88,N,0,50115,"956380,96","6796568,93",0,29,88,N,0,51119,"956776,66","6795653,97",0,D,0,ACCROCHE,88PR28D,88PR29D,SC,SC,SC,SC,28115,29119,1004,88,DIRE
55209,02/01/2026,N0057,1002,29,88,N,0,51119,"956776,66","6795653,97",0,30,88,N,0,52121,"957408,09","6794884,09",0,D,0,ACCROCHE,88PR29D,88PR30D,SC,SC,SC,SC,29119,30121,1002,88,DIRE
55206,02/01/2026,N0057,1001,30,88,N,0,52121,"957408,09","6794884,09",0,31,88,N,0,53122,"958037,28","6794112,99",0,D,0,ACCROCHE,88PR30D,88PR31D,SC,SC,SC,SC,30121,31122,1001,88,DIRE
54927,02/01/2026,N0057,1002,31,88,N,0,53122,"958037,28","6794112,99",0,32,88,N,0,54124,"958488,49","6793225,71",0,D,0,ACCROCHE,88PR31D,88PR32D,SC,SC,SC,SC,31122,32124,1002,88,DIRE
54933,02/01/2026,N0057,999,32,88,N,0,54124,"958488,49","6793225,71",0,33,88,N,0,55123,"958904,97","6792344,5",0,D,0,ACCROCHE,88PR32D,88PR33D,SC,SC,SC,SC,32124,33123,999,88,DIRE
55210,02/01/2026,N0057,1007,33,88,N,0,55123,"958904,97","6792344,5",0,34,88,N,0,56130,"958855,7","6791367,33",0,D,0,ACCROCHE,88PR33D,88PR34D,SC,SC,SC,SC,33123,34130,1007,88,DIRE
54929,02/01/2026,N0057,1000,34,88,N,0,56130,"958855,7","6791367,33",0,35,88,N,0,57130,"959201,64","6790446,27",0,D,0,ACCROCHE,88PR34D,88PR35D,SC,SC,SC,SC,34130,35130,1000,88,DIRE
54932,02/01/2026,N0057,1001,35,88,N,0,57130,"959201,64","6790446,27",0,36,88,N,0,58131,"959100,49","6789445,97",0,D,0,ACCROCHE,88PR35D,88PR36D,SC,SC,SC,SC,35130,36131,1001,88,DIRE
54926,02/01/2026,N0057,1000,36,88,N,0,58131,"959100,49","6789445,97",0,37,88,N,0,59131,"959755,73","6788816,23",0,D,0,ACCROCHE,88PR36D,88PR37D,SC,SC,SC,SC,36131,37131,1000,88,DIRE
54941,02/01/2026,N0057,1000,37,88,N,0,59131,"959755,73","6788816,23",0,38,88,N,0,60131,"960689,22","6788638,87",0,D,0,ACCROCHE,88PR37D,88PR38D,SC,SC,SC,SC,37131,38131,1000,88,DIRE
55203,02/01/2026,N0057,1002,38,88,N,0,60131,"960689,22","6788638,87",0,39,88,N,0,61133,"961283,5","6787861,4",0,D,0,ACCROCHE,88PR38D,88PR39D,SC,SC,SC,SC,38131,39133,1002,88,DIRE
54925,02/01/2026,N0057,1001,39,88,N,0,61133,"961283,5","6787861,4",0,40,88,N,0,62134,"961425,16","6786876,26",0,D,0,ACCROCHE,88PR39D,88PR40D,SC,SC,SC,SC,39133,40134,1001,88,DIRE
55207,02/01/2026,N0057,998,40,88,N,0,62134,"961425,16","6786876,26",0,41,88,N,0,63132,"962023,69","6786154,25",0,D,0,ACCROCHE,88PR40D,88PR41D,SC,SC,SC,SC,40134,41132,998,88,DIRE
55194,02/01/2026,N0057,997,41,88,N,0,63132,"962023,69","6786154,25",0,42,88,N,0,64129,"962902,82","6785799,45",0,D,0,ACCROCHE,88PR41D,88PR42D,SC,SC,SC,SC,41132,42129,997,88,DIRE
55216,02/01/2026,N0057,1001,42,88,N,0,64129,"962902,82","6785799,45",0,43,88,N,0,65130,"963712,2","6785391,47",0,D,0,ACCROCHE,88PR42D,88PR43D,SC,SC,SC,SC,42129,43130,1001,88,DIRE
55192,02/01/2026,N0057,1000,43,88,N,0,65130,"963712,2","6785391,47",0,44,88,N,0,66130,"964693,09","6785304,19",0,D,0,ACCROCHE,88PR43D,88PR44D,SC,SC,SC,SC,43130,44130,1000,88,DIRE
55233,02/01/2026,N0057,1002,44,88,N,0,66130,"964693,09","6785304,19",0,45,88,N,0,67132,"965579,59","6784880,15",0,D,0,ACCROCHE,88PR44D,88PR45D,SC,SC,SC,SC,44130,45132,1002,88,DIRE
55223,02/01/2026,N0057,1000,45,88,N,0,67132,"965579,59","6784880,15",0,46,88,N,0,68132,"966525,34","6784589,75",0,D,0,ACCROCHE,88PR45D,88PR46D,SC,SC,SC,SC,45132,46132,1000,88,DIRE
55215,02/01/2026,N0057,997,46,88,N,0,68132,"966525,34","6784589,75",0,47,88,N,0,69129,"967083,96","6783881,33",0,D,0,ACCROCHE,88PR46D,88PR47D,SC,SC,SC,SC,46132,47129,997,88,DIRE
55214,02/01/2026,N0057,1013,47,88,N,0,69129,"967083,96","6783881,33",0,48,88,N,0,70142,"967506,72","6783001,36",0,D,0,ACCROCHE,88PR47D,88PR48D,SC,SC,SC,SC,47129,48142,1013,88,DIRE
55188,02/01/2026,N0057,999,48,88,N,0,70142,"967506,72","6783001,36",0,49,88,N,0,71141,"967685,12","6782088,15",0,D,0,ACCROCHE,88PR48D,88PR49D,SC,SC,SC,SC,48142,49141,999,88,DIRE
54930,02/01/2026,N0057,1004,49,88,N,0,71141,"967685,12","6782088,15",0,50,88,N,0,72145,"967512,76","6781100,88",0,D,0,ACCROCHE,88PR49D,88PR50D,SC,SC,SC,SC,49141,50145,1004,88,DIRE
54923,02/01/2026,N0057,1003,50,88,N,0,72145,"967512,76","6781100,88",0,51,88,N,0,73148,"967869,6","6780197,02",0,D,0,ACCROCHE,88PR50D,88PR51D,SC,SC,SC,SC,50145,51148,1003,88,DIRE
54934,02/01/2026,N0057,1003,51,88,N,0,73148,"967869,6","6780197,02",0,52,88,N,0,74151,"967490,34","6779274,26",0,D,0,ACCROCHE,88PR51D,88PR52D,SC,SC,SC,SC,51148,52151,1003,88,DIRE
55230,02/01/2026,N0057,1001,52,88,N,0,74151,"967490,34","6779274,26",0,53,88,N,0,75152,"966939,94","6778451,44",0,D,0,ACCROCHE,88PR52D,88PR53D,SC,SC,SC,SC,52151,53152,1001,88,DIRE
55196,02/01/2026,N0057,1003,53,88,N,0,75152,"966939,94","6778451,44",0,54,88,N,0,76155,"966984,69","6777506,91",0,D,0,ACCROCHE,88PR53D,88PR54D,SC,SC,SC,SC,53152,54155,1003,88,DIRE
55189,02/01/2026,N0057,1029,54,88,N,0,76155,"966984,69","6777506,91",0,55,88,N,0,77184,"966777,47","6776510,65",0,D,0,ACCROCHE,88PR54D,88PR55D,SC,SC,SC,SC,54155,55184,1029,88,DIRE
54924,02/01/2026,N0057,1009,55,88,N,0,77184,"966777,47","6776510,65",0,56,88,N,0,78193,"966288,58","6775630,83",0,D,0,ACCROCHE,88PR55D,88PR56D,SC,SC,SC,SC,55184,56193,1009,88,DIRE
55201,02/01/2026,N0057,1008,56,88,N,0,78193,"966288,58","6775630,83",0,57,88,N,0,79201,"965869,78","6774725,87",0,D,0,ACCROCHE,88PR56D,88PR57D,SC,SC,SC,SC,56193,57201,1008,88,DIRE
55226,02/01/2026,N0057,1008,57,88,N,0,79201,"965869,78","6774725,87",0,58,88,N,0,80209,"965472,98","6773812,01",0,D,0,ACCROCHE,88PR57D,88PR58D,SC,SC,SC,SC,57201,58209,1008,88,DIRE
54939,02/01/2026,N0057,1009,58,88,N,0,80209,"965472,98","6773812,01",0,59,88,N,0,81218,"964980,33","6772951,23",0,D,0,ACCROCHE,88PR58D,88PR59D,SC,SC,SC,SC,58209,59218,1009,88,DIRE
55185,02/01/2026,N0057,1000,59,88,N,0,81218,"964980,33","6772951,23",0,60,88,N,0,82218,"964551,1","6772072,53",0,D,0,ACCROCHE,88PR59D,88PR60D,SC,SC,SC,SC,59218,60218,1000,88,DIRE
55200,02/01/2026,N0057,994,60,88,N,0,82218,"964551,1","6772072,53",0,61,88,N,0,83212,"963804,18","6771564,67",0,D,0,ACCROCHE,88PR60D,88PR61D,SC,SC,SC,SC,60218,61212,994,88,DIRE
55224,02/01/2026,N0057,991,61,88,N,0,83212,"963804,18","6771564,67",0,62,88,N,0,84203,"962890,4","6771238,48",0,D,0,ACCROCHE,88PR61D,88PR62D,SC,SC,SC,SC,61212,62203,991,88,DIRE
55190,02/01/2026,N0057,997,62,88,N,0,84203,"962890,4","6771238,48",0,63,88,N,0,85200,"961965,24","6770941,09",0,D,0,ACCROCHE,88PR62D,88PR63D,SC,SC,SC,SC,62203,63200,997,88,DIRE
55235,02/01/2026,N0057,991,63,88,N,0,85200,"961965,24","6770941,09",0,64,88,N,0,86191,"961051,67","6770665,08",0,D,0,ACCROCHE,88PR63D,88PR64D,SC,SC,SC,SC,63200,64191,991,88,DIRE
55202,02/01/2026,N0057,1002,64,88,N,0,86191,"961051,67","6770665,08",0,65,88,N,0,87193,"960683,74","6769752,03",0,D,0,ACCROCHE,88PR64D,88PR65D,SC,SC,SC,SC,64191,65193,1002,88,DIRE
55222,02/01/2026,N0057,992,65,88,N,0,87193,"960683,74","6769752,03",0,66,88,N,0,88185,"960516,33","6768774,6",0,D,0,ACCROCHE,88PR65D,88PR66D,SC,SC,SC,SC,65193,66185,992,88,DIRE
55212,02/01/2026,N0057,385,66,88,N,0,88185,"960516,33","6768774,6",0,67,88,N,0,88570,"960383,19","6768411,48",0,D,0,ACCROCHE,88PR66D,88PR67D,SC,SC,SC,SC,66185,66570,385,88,DIRE
55205,02/01/2026,N0057,1004,67,88,N,0,88570,"960383,19","6768411,48",0,68,88,N,0,89574,"959744,42","6767652,04",0,D,0,ACCROCHE,88PR67D,88PR68D,SC,SC,SC,SC,66570,67574,1004,88,DIRE
55228,02/01/2026,N0057,1002,68,88,N,0,89574,"959744,42","6767652,04",0,69,88,N,0,90576,"958914,34","6767106,37",0,D,0,ACCROCHE,88PR68D,88PR69D,SC,SC,SC,SC,67574,68576,1002,88,DIRE
55208,02/01/2026,N0057,1004,69,88,N,0,90576,"958914,34","6767106,37",0,70,88,N,0,91580,"958161,83","6766463,29",0,D,0,ACCROCHE,88PR69D,88PR70D,SC,SC,SC,SC,68576,69580,1004,88,DIRE
55211,02/01/2026,N0057,1000,70,88,N,0,91580,"958161,83","6766463,29",0,71,88,N,0,92580,"957638,26","6765607,15",0,D,0,ACCROCHE,88PR70D,88PR71D,SC,SC,SC,SC,69580,70580,1000,88,DIRE
54931,02/01/2026,N0057,380,71,88,N,0,92580,"957638,26","6765607,15",0,71,88,N,380,92960,"957447,26","6765292,24",0,D,0,ACCROCHE,88PR71D,FF88PR71D,SC,SC,FF,FF,70580,70960,380,88,DIRE
54919,02/01/2026,N0057,621,71,88,N,380,92960,"957447,26","6765292,24",0,72,88,N,0,93581,"957088,39","6764761,23",0,I,0,ACCROCHE,FF88PR71D,88PR72U,FF,FF,SC,SC,0,621,621,88,DIRE
54920,02/01/2026,N0057,268,72,88,N,0,93581,"957088,39","6764761,23",0,0,70,N,0,93849,"956839,31","6764655,88",0,I,0,ACCROCHE,88PR72U,70PR0U,SC,SC,CS,CS,621,889,268,88,DIRE
47260,02/01/2026,N0057,67,44,25,N,901,224085,"951917,32","6672523,2",0,45,25,N,0,224152,"951960,57","6672473,02",0,D,0,ACCROCHE,DF25PR44U,25PR45D,DF,DF,SC,SC,0,67,67,25,DIRE
47263,02/01/2026,N0057,1032,45,25,N,0,224152,"951960,57","6672473,02",0,46,25,N,0,225184,"952876,14","6672123,09",0,D,0,ACCROCHE,25PR45D,25PR46D,SC,SC,SC,SC,67,1099,1032,25,DIRE
47262,02/01/2026,N0057,992,46,25,N,0,225184,"952876,14","6672123,09",0,47,25,N,0,226176,"953679,7","6671641,99",0,D,0,ACCROCHE,25PR46D,25PR47D,SC,SC,SC,SC,1099,2091,992,25,DIRE
47264,02/01/2026,N0057,1099,47,25,N,0,226176,"953679,7","6671641,99",0,48,25,N,0,227275,"954212,62","6670685,55",0,D,0,ACCROCHE,25PR47D,25PR48D,SC,SC,SC,SC,2091,3190,1099,25,DIRE
47261,02/01/2026,N0057,61,48,25,N,0,227275,"954212,62","6670685,55",0,48,25,N,61,227336,"954223,1","6670624,47",0,D,0,ACCROCHE,25PR48D,FF25PR48D,SC,SC,FF,FF,3190,3251,61,25,DIRE
46726,02/01/2026,N0057,282,20,25,N,0,199185,"932750,81","6684950,73",0,20,25,N,282,199467,"932879,75","6684701,09",0,I,0,ACCROCHE,25PR20U,DF25PR20U,FD,FD,DF,DF,0,282,282,25,DIRE
30785,02/01/2026,N0057,999,0,88,N,0,22000,"939231,5","6815800,75",0,1,88,N,0,22999,"939364,83","6814839,15",0,G,0,ACCROCHE,88PR0G,88PR1G,CS,CS,SC,SC,0,999,999,88,DIRE
30965,02/01/2026,N0057,1002,1,88,N,0,22999,"939364,83","6814839,15",0,2,88,N,0,24001,"940173,01","6814274,82",0,G,0,ACCROCHE,88PR1G,88PR2G,SC,SC,SC,SC,999,2001,1002,88,DIRE
30987,02/01/2026,N0057,1001,2,88,N,0,24001,"940173,01","6814274,82",0,3,88,N,0,25002,"940948,56","6813662,87",0,G,0,ACCROCHE,88PR2G,88PR3G,SC,SC,SC,SC,2001,3002,1001,88,DIRE
30995,02/01/2026,N0057,998,3,88,N,0,25002,"940948,56","6813662,87",0,4,88,N,0,26000,"941533,49","6812880,52",0,G,0,ACCROCHE,88PR3G,88PR4G,SC,SC,SC,SC,3002,4000,998,88,DIRE
30992,02/01/2026,N0057,1005,4,88,N,0,26000,"941533,49","6812880,52",0,5,88,N,0,27005,"942516,15","6812720,41",0,G,0,ACCROCHE,88PR4G,88PR5G,SC,SC,SC,SC,4000,5005,1005,88,DIRE
30967,02/01/2026,N0057,1003,5,88,N,0,27005,"942516,15","6812720,41",0,6,88,N,0,28008,"943442,69","6812354,26",0,G,0,ACCROCHE,88PR5G,88PR6G,SC,SC,SC,SC,5005,6008,1003,88,DIRE
30977,02/01/2026,N0057,1002,6,88,N,0,28008,"943442,69","6812354,26",0,7,88,N,0,29010,"944019,24","6811559,86",0,G,0,ACCROCHE,88PR6G,88PR7G,SC,SC,SC,SC,6008,7010,1002,88,DIRE
30796,02/01/2026,N0057,997,7,88,N,0,29010,"944019,24","6811559,86",0,8,88,N,0,30007,"944612,2","6810765,87",0,G,0,ACCROCHE,88PR7G,88PR8G,SC,SC,SC,SC,7010,8007,997,88,DIRE
30791,02/01/2026,N0057,1001,8,88,N,0,30007,"944612,2","6810765,87",0,9,88,N,0,31008,"945281,8","6810030,29",0,G,0,ACCROCHE,88PR8G,88PR9G,SC,SC,SC,SC,8007,9008,1001,88,DIRE
30790,02/01/2026,N0057,999,9,88,N,0,31008,"945281,8","6810030,29",0,10,88,N,0,32007,"945831,77","6809191,17",0,G,0,ACCROCHE,88PR9G,88PR10G,SC,SC,SC,SC,9008,10007,999,88,DIRE
30795,02/01/2026,N0057,998,10,88,N,0,32007,"945831,77","6809191,17",0,11,88,N,0,33005,"946594,25","6808612,1",0,G,0,ACCROCHE,88PR10G,88PR11G,SC,SC,SC,SC,10007,11005,998,88,DIRE
30797,02/01/2026,N0057,1000,11,88,N,0,33005,"946594,25","6808612,1",0,12,88,N,0,34005,"947583,45","6808684,28",0,G,0,ACCROCHE,88PR11G,88PR12G,SC,SC,SC,SC,11005,12005,1000,88,DIRE
30802,02/01/2026,N0057,1001,12,88,N,0,34005,"947583,45","6808684,28",0,13,88,N,0,35006,"948525,31","6808403,37",0,G,0,ACCROCHE,88PR12G,88PR13G,SC,SC,SC,SC,12005,13006,1001,88,DIRE
30993,02/01/2026,N0057,1001,13,88,N,0,35006,"948525,31","6808403,37",0,14,88,N,0,36007,"949201,69","6807668,39",0,G,0,ACCROCHE,88PR13G,88PR14G,SC,SC,SC,SC,13006,14007,1001,88,DIRE
30811,02/01/2026,N0057,999,14,88,N,0,36007,"949201,69","6807668,39",0,15,88,N,0,37006,"949797,42","6806876,55",0,G,0,ACCROCHE,88PR14G,88PR15G,SC,SC,SC,SC,14007,15006,999,88,DIRE
30966,02/01/2026,N0057,1009,15,88,N,0,37006,"949797,42","6806876,55",0,16,88,N,0,38015,"949908,81","6805879,23",0,G,0,ACCROCHE,88PR15G,88PR16G,SC,SC,SC,SC,15006,16015,1009,88,DIRE
30980,02/01/2026,N0057,1002,16,88,N,0,38015,"949908,81","6805879,23",0,17,88,N,0,39017,"950348,77","6804987,15",0,G,0,ACCROCHE,88PR16G,88PR17G,SC,SC,SC,SC,16015,17017,1002,88,DIRE
30960,02/01/2026,N0057,1007,17,88,N,0,39017,"950348,77","6804987,15",0,18,88,N,0,40024,"950485,8","6803992,68",0,G,0,ACCROCHE,88PR17G,88PR18G,SC,SC,SC,SC,17017,18024,1007,88,DIRE
30807,02/01/2026,N0057,1003,18,88,N,0,40024,"950485,8","6803992,68",0,19,88,N,0,41027,"950665,96","6803001,66",0,G,0,ACCROCHE,88PR18G,88PR19G,SC,SC,SC,SC,18024,19027,1003,88,DIRE
30810,02/01/2026,N0057,1000,19,88,N,0,41027,"950665,96","6803001,66",0,20,88,N,0,42027,"951029,35","6802072,11",0,G,0,ACCROCHE,88PR19G,88PR20G,SC,SC,SC,SC,19027,20027,1000,88,DIRE
30801,02/01/2026,N0057,1022,20,88,N,0,42027,"951029,35","6802072,11",0,21,88,N,0,43049,"951514,07","6801173,28",0,G,0,ACCROCHE,88PR20G,88PR21G,SC,SC,SC,SC,20027,21049,1022,88,DIRE
30958,02/01/2026,N0057,1023,21,88,N,0,43049,"951514,07","6801173,28",0,22,88,N,0,44072,"952003,13","6800284,66",0,G,0,ACCROCHE,88PR21G,88PR22G,SC,SC,SC,SC,21049,22072,1023,88,DIRE
30983,02/01/2026,N0057,974,22,88,N,0,44072,"952003,13","6800284,66",0,23,88,N,0,45046,"952590,88","6799506,12",0,G,0,ACCROCHE,88PR22G,88PR23G,SC,SC,SC,SC,22072,23046,974,88,DIRE
30961,02/01/2026,N0057,1004,23,88,N,0,45046,"952590,88","6799506,12",0,24,88,N,0,46050,"953309,17","6798810,57",0,G,0,ACCROCHE,88PR23G,88PR24G,SC,SC,SC,SC,23046,24050,1004,88,DIRE
30974,02/01/2026,N0057,1008,24,88,N,0,46050,"953309,17","6798810,57",0,25,88,N,0,47058,"954022,15","6798104,39",0,G,0,ACCROCHE,88PR24G,88PR25G,SC,SC,SC,SC,24050,25058,1008,88,DIRE
30808,02/01/2026,N0057,998,25,88,N,0,47058,"954022,15","6798104,39",0,26,88,N,0,48056,"954650,97","6797332,94",0,G,0,ACCROCHE,88PR25G,88PR26G,SC,SC,SC,SC,25058,26056,998,88,DIRE
30792,02/01/2026,N0057,999,26,88,N,0,48056,"954650,97","6797332,94",0,27,88,N,0,49055,"955622,46","6797194,27",0,G,0,ACCROCHE,88PR26G,88PR27G,SC,SC,SC,SC,26056,27055,999,88,DIRE
30973,02/01/2026,N0057,1012,27,88,N,0,49055,"955622,46","6797194,27",0,28,88,N,0,50067,"956390,95","6796575,35",0,G,0,ACCROCHE,88PR27G,88PR28G,SC,SC,SC,SC,27055,28067,1012,88,DIRE
30783,02/01/2026,N0057,1001,28,88,N,0,50067,"956390,95","6796575,35",0,29,88,N,0,51068,"956787,25","6795659,85",0,G,0,ACCROCHE,88PR28G,88PR29G,SC,SC,SC,SC,28067,29068,1001,88,DIRE
30998,02/01/2026,N0057,996,29,88,N,0,51068,"956787,25","6795659,85",0,30,88,N,0,52064,"957417,1","6794892,16",0,G,0,ACCROCHE,88PR29G,88PR30G,SC,SC,SC,SC,29068,30064,996,88,DIRE
30979,02/01/2026,N0057,1006,30,88,N,0,52064,"957417,1","6794892,16",0,31,88,N,0,53070,"958048,31","6794118,71",0,G,0,ACCROCHE,88PR30G,88PR31G,SC,SC,SC,SC,30064,31070,1006,88,DIRE
30978,02/01/2026,N0057,996,31,88,N,0,53070,"958048,31","6794118,71",0,32,88,N,0,54066,"958498,57","6793232,07",0,G,0,ACCROCHE,88PR31G,88PR32G,SC,SC,SC,SC,31070,32066,996,88,DIRE
30970,02/01/2026,N0057,1010,32,88,N,0,54066,"958498,57","6793232,07",0,33,88,N,0,55076,"958919,59","6792343,83",0,G,0,ACCROCHE,88PR32G,88PR33G,SC,SC,SC,SC,32066,33076,1010,88,DIRE
30798,02/01/2026,N0057,989,33,88,N,0,55076,"958919,59","6792343,83",0,34,88,N,0,56065,"958871,37","6791364,57",0,G,0,ACCROCHE,88PR33G,88PR34G,SC,SC,SC,SC,33076,34065,989,88,DIRE
30984,02/01/2026,N0057,1002,34,88,N,0,56065,"958871,37","6791364,57",0,35,88,N,0,57067,"959214,14","6790433,13",0,G,0,ACCROCHE,88PR34G,88PR35G,SC,SC,SC,SC,34065,35067,1002,88,DIRE
30789,02/01/2026,N0057,1001,35,88,N,0,57067,"959214,14","6790433,13",0,36,88,N,0,58068,"959112,04","6789448,6",0,G,0,ACCROCHE,88PR35G,88PR36G,SC,SC,SC,SC,35067,36068,1001,88,DIRE
30996,02/01/2026,N0057,988,36,88,N,0,58068,"959112,04","6789448,6",0,37,88,N,0,59056,"959775,06","6788829,84",0,G,0,ACCROCHE,88PR36G,88PR37G,SC,SC,SC,SC,36068,37056,988,88,DIRE
30804,02/01/2026,N0057,1006,37,88,N,0,59056,"959775,06","6788829,84",0,38,88,N,0,60062,"960694,75","6788646,54",0,G,0,ACCROCHE,88PR37G,88PR38G,SC,SC,SC,SC,37056,38062,1006,88,DIRE
30803,02/01/2026,N0057,1003,38,88,N,0,60062,"960694,75","6788646,54",0,39,88,N,0,61065,"961291,77","6787865,68",0,G,0,ACCROCHE,88PR38G,88PR39G,SC,SC,SC,SC,38062,39065,1003,88,DIRE
30975,02/01/2026,N0057,1001,39,88,N,0,61065,"961291,77","6787865,68",0,40,88,N,0,62066,"961435,6","6786876,61",0,G,0,ACCROCHE,88PR39G,88PR40G,SC,SC,SC,SC,39065,40066,1001,88,DIRE
30788,02/01/2026,N0057,977,40,88,N,0,62066,"961435,6","6786876,61",0,41,88,N,0,63043,"962026,75","6786163,62",0,G,0,ACCROCHE,88PR40G,88PR41G,SC,SC,SC,SC,40066,41043,977,88,DIRE
30991,02/01/2026,N0057,1009,41,88,N,0,63043,"962026,75","6786163,62",0,42,88,N,0,64052,"962911,29","6785805,36",0,G,0,ACCROCHE,88PR41G,88PR42G,SC,SC,SC,SC,41043,42052,1009,88,DIRE
30988,02/01/2026,N0057,980,42,88,N,0,64052,"962911,29","6785805,36",0,43,88,N,0,65032,"963724,8","6785401,46",0,G,0,ACCROCHE,88PR42G,88PR43G,SC,SC,SC,SC,42052,43032,980,88,DIRE
30989,02/01/2026,N0057,1009,43,88,N,0,65032,"963724,8","6785401,46",0,44,88,N,0,66041,"964697,63","6785312,52",0,G,0,ACCROCHE,88PR43G,88PR44G,SC,SC,SC,SC,43032,44041,1009,88,DIRE
30799,02/01/2026,N0057,993,44,88,N,0,66041,"964697,63","6785312,52",0,45,88,N,0,67034,"965596,79","6784888,56",0,G,0,ACCROCHE,88PR44G,88PR45G,SC,SC,SC,SC,44041,45034,993,88,DIRE
30972,02/01/2026,N0057,1004,45,88,N,0,67034,"965596,79","6784888,56",0,46,88,N,0,68038,"966528,54","6784598,46",0,G,0,ACCROCHE,88PR45G,88PR46G,SC,SC,SC,SC,45034,46038,1004,88,DIRE
30990,02/01/2026,N0057,1014,46,88,N,0,68038,"966528,54","6784598,46",0,47,88,N,0,69052,"967093,67","6783883,16",0,G,0,ACCROCHE,88PR46G,88PR47G,SC,SC,SC,SC,46038,47052,1014,88,DIRE
30963,02/01/2026,N0057,999,47,88,N,0,69052,"967093,67","6783883,16",0,48,88,N,0,70051,"967518,75","6783000,89",0,G,0,ACCROCHE,88PR47G,88PR48G,SC,SC,SC,SC,47052,48051,999,88,DIRE
30997,02/01/2026,N0057,1014,48,88,N,0,70051,"967518,75","6783000,89",0,49,88,N,0,71065,"967694,28","6782086,49",0,G,0,ACCROCHE,88PR48G,88PR49G,SC,SC,SC,SC,48051,49065,1014,88,DIRE
30982,02/01/2026,N0057,1000,49,88,N,0,71065,"967694,28","6782086,49",0,50,88,N,0,72065,"967521,55","6781100,04",0,G,0,ACCROCHE,88PR49G,88PR50G,SC,SC,SC,SC,49065,50065,1000,88,DIRE
30971,02/01/2026,N0057,1003,50,88,N,0,72065,"967521,55","6781100,04",0,51,88,N,0,73068,"967879,23","6780196,04",0,G,0,ACCROCHE,88PR50G,88PR51G,SC,SC,SC,SC,50065,51068,1003,88,DIRE
30976,02/01/2026,N0057,1009,51,88,N,0,73068,"967879,23","6780196,04",0,52,88,N,0,74077,"967499,42","6779270,81",0,G,0,ACCROCHE,88PR51G,88PR52G,SC,SC,SC,SC,51068,52077,1009,88,DIRE
30986,02/01/2026,N0057,998,52,88,N,0,74077,"967499,42","6779270,81",0,53,88,N,0,75075,"966949,08","6778447,29",0,G,0,ACCROCHE,88PR52G,88PR53G,SC,SC,SC,SC,52077,53075,998,88,DIRE
30981,02/01/2026,N0057,996,53,88,N,0,75075,"966949,08","6778447,29",0,54,88,N,0,76071,"966994,3","6777507,93",0,G,0,ACCROCHE,88PR53G,88PR54G,SC,SC,SC,SC,53075,54071,996,88,DIRE
30781,02/01/2026,N0057,1037,54,88,N,0,76071,"966994,3","6777507,93",0,55,88,N,0,77108,"966784,02","6776496,85",0,G,0,ACCROCHE,88PR54G,88PR55G,SC,SC,SC,SC,54071,55108,1037,88,DIRE
30794,02/01/2026,N0057,1014,55,88,N,0,77108,"966784,02","6776496,85",0,56,88,N,0,78122,"966296,73","6775625,08",0,G,0,ACCROCHE,88PR55G,88PR56G,SC,SC,SC,SC,55108,56122,1014,88,DIRE
30793,02/01/2026,N0057,1004,56,88,N,0,78122,"966296,73","6775625,08",0,57,88,N,0,79126,"965878,94","6774720,9",0,G,0,ACCROCHE,88PR56G,88PR57G,SC,SC,SC,SC,56122,57126,1004,88,DIRE
30969,02/01/2026,N0057,1006,57,88,N,0,79126,"965878,94","6774720,9",0,58,88,N,0,80132,"965482,04","6773807,76",0,G,0,ACCROCHE,88PR57G,88PR58G,SC,SC,SC,SC,57126,58132,1006,88,DIRE
30962,02/01/2026,N0057,1012,58,88,N,0,80132,"965482,04","6773807,76",0,59,88,N,0,81144,"964988,14","6772944,63",0,G,0,ACCROCHE,88PR58G,88PR59G,SC,SC,SC,SC,58132,59144,1012,88,DIRE
30964,02/01/2026,N0057,987,59,88,N,0,81144,"964988,14","6772944,63",0,60,88,N,0,82131,"964561,4","6772069,65",0,G,0,ACCROCHE,88PR59G,88PR60G,SC,SC,SC,SC,59144,60131,987,88,DIRE
30806,02/01/2026,N0057,1019,60,88,N,0,82131,"964561,4","6772069,65",0,61,88,N,0,83150,"963803,38","6771553,99",0,G,0,ACCROCHE,88PR60G,88PR61G,SC,SC,SC,SC,60131,61150,1019,88,DIRE
30787,02/01/2026,N0057,983,61,88,N,0,83150,"963803,38","6771553,99",0,62,88,N,0,84133,"962895,28","6771230,45",0,G,0,ACCROCHE,88PR61G,88PR62G,SC,SC,SC,SC,61150,62133,983,88,DIRE
30809,02/01/2026,N0057,1007,62,88,N,0,84133,"962895,28","6771230,45",0,63,88,N,0,85140,"961963,7","6770930,99",0,G,0,ACCROCHE,88PR62G,88PR63G,SC,SC,SC,SC,62133,63140,1007,88,DIRE
30800,02/01/2026,N0057,976,63,88,N,0,85140,"961963,7","6770930,99",0,64,88,N,0,86116,"961059,5","6770657,6",0,G,0,ACCROCHE,88PR63G,88PR64G,SC,SC,SC,SC,63140,64116,976,88,DIRE
30786,02/01/2026,N0057,989,64,88,N,0,86116,"961059,5","6770657,6",0,65,88,N,0,87105,"960693,72","6769749,78",0,G,0,ACCROCHE,88PR64G,88PR65G,SC,SC,SC,SC,64116,65105,989,88,DIRE
30994,02/01/2026,N0057,991,65,88,N,0,87105,"960693,72","6769749,78",0,66,88,N,0,88096,"960526,34","6768772,14",0,G,0,ACCROCHE,88PR65G,88PR66G,SC,SC,SC,SC,65105,66096,991,88,DIRE
30805,02/01/2026,N0057,389,66,88,N,0,88096,"960526,34","6768772,14",0,67,88,N,0,88485,"960392,16","6768407,45",0,G,0,ACCROCHE,88PR66G,88PR67G,SC,SC,SC,SC,66096,66485,389,88,DIRE
30784,02/01/2026,N0057,1011,67,88,N,0,88485,"960392,16","6768407,45",0,68,88,N,0,89496,"959750,37","6767643,82",0,G,0,ACCROCHE,88PR67G,88PR68G,SC,SC,SC,SC,66485,67496,1011,88,DIRE
30968,02/01/2026,N0057,1004,68,88,N,0,89496,"959750,37","6767643,82",0,69,88,N,0,90500,"958920,12","6767097,54",0,G,0,ACCROCHE,88PR68G,88PR69G,SC,SC,SC,SC,67496,68500,1004,88,DIRE
30782,02/01/2026,N0057,995,69,88,N,0,90500,"958920,12","6767097,54",0,70,88,N,0,91495,"958171,43","6766456,36",0,G,0,ACCROCHE,88PR69G,88PR70G,SC,SC,SC,SC,68500,69495,995,88,DIRE
30959,02/01/2026,N0057,998,70,88,N,0,91495,"958171,43","6766456,36",0,71,88,N,0,92493,"957648,3","6765600,49",0,G,0,ACCROCHE,88PR70G,88PR71G,SC,SC,SC,SC,69495,70493,998,88,DIRE
30985,02/01/2026,N0057,380,71,88,N,0,92493,"957648,3","6765600,49",0,71,88,N,380,92873,"957447,26","6765292,24",0,G,0,ACCROCHE,88PR71G,FF88PR71D,SC,SC,FF,FF,70493,70873,380,88,DIRE
30718,02/01/2026,N0057,370,12,25,N,980,189334,"925469,09","6685211,57",0,13,25,N,0,189704,"925373,82","6684851,12",0,I,0,ACCROCHE,FF25PR12D,25PR13U,FF,FF,SC,SC,0,370,370,25,DIRE
30719,02/01/2026,N0057,38,13,25,N,0,189704,"925373,82","6684851,12",0,13,25,N,38,189742,"925368,3","6684812,11",0,I,0,ACCROCHE,25PR13U,DF25PR13U,SC,SC,DF,DF,370,408,38,25,DIRE
30716,02/01/2026,N0057,915,13,25,N,38,189742,"925368,3","6684812,11",0,13,25,N,953,190657,"925750,45","6684027,29",0,D,0,ACCROCHE,DF25PR13U,FF25PR13U,DF,DF,FF,FF,0,915,915,25,DIRE
30715,02/01/2026,N0057,900,13,25,N,38,189656,"925368,3","6684812,11",0,13,25,N,938,190556,"925750,45","6684027,29",0,G,0,ACCROCHE,DF25PR13U,FF25PR13U,DF,DF,FF,FF,0,900,900,25,DIRE
29969,02/01/2026,N0057,108,68,70,N,842,162550,"931066,73","6708366,82",0,69,70,N,0,162658,"931036,48","6708351,16",0,D,0,ACCROCHE,DF70PR68U,70PR69D,DF,DF,SC,SC,0,108,108,70,DIRE
29972,02/01/2026,N0057,1030,69,70,N,0,162658,"931036,48","6708351,16",0,70,70,N,0,163688,"930687,28","6707476,17",0,D,0,ACCROCHE,70PR69D,70PR70D,SC,SC,SC,SC,108,1138,1030,70,DIRE
29973,02/01/2026,N0057,1280,70,70,N,0,163688,"930687,28","6707476,17",0,71,70,N,0,164968,"931238,63","6706324,45",0,D,0,ACCROCHE,70PR70D,70PR71D,SC,SC,SC,SC,1138,2418,1280,70,DIRE
29974,02/01/2026,N0057,940,71,70,N,0,164968,"931238,63","6706324,45",0,72,70,N,0,165908,"931366,15","6705415,1",0,D,0,ACCROCHE,70PR71D,70PR72D,SC,SC,SC,SC,2418,3358,940,70,DIRE
29975,02/01/2026,N0057,959,72,70,N,0,165908,"931366,15","6705415,1",0,73,70,N,0,166867,"931142,96","6704487,45",0,D,0,ACCROCHE,70PR72D,70PR73D,SC,SC,SC,SC,3358,4317,959,70,DIRE
29968,02/01/2026,N0057,1015,73,70,N,0,166867,"931142,96","6704487,45",0,74,70,N,0,167882,"930904,7","6703579,03",0,D,0,ACCROCHE,70PR73D,70PR74D,SC,SC,SC,SC,4317,5332,1015,70,DIRE
29976,02/01/2026,N0057,1048,74,70,N,0,167882,"930904,7","6703579,03",0,75,70,N,0,168930,"930475,55","6702623,76",0,D,0,ACCROCHE,70PR74D,70PR75D,SC,SC,SC,SC,5332,6380,1048,70,DIRE
29966,02/01/2026,N0057,948,75,70,N,0,168930,"930475,55","6702623,76",0,76,70,N,0,169878,"930095,29","6701753,09",0,D,0,ACCROCHE,70PR75D,70PR76D,SC,SC,SC,SC,6380,7328,948,70,DIRE
29970,02/01/2026,N0057,950,76,70,N,0,169878,"930095,29","6701753,09",0,77,70,N,0,170828,"929730,86","6700875,02",0,D,0,ACCROCHE,70PR76D,70PR77D,SC,SC,SC,SC,7328,8278,950,70,DIRE
29977,02/01/2026,N0057,948,77,70,N,0,170828,"929730,86","6700875,02",0,78,70,N,0,171776,"929214,61","6700082,85",0,D,0,ACCROCHE,70PR77D,70PR78D,SC,SC,SC,SC,8278,9226,948,70,DIRE
29967,02/01/2026,N0057,949,78,70,N,0,171776,"929214,61","6700082,85",0,79,70,N,0,172725,"928658,42",6699316,0,D,0,ACCROCHE,70PR78D,70PR79D,SC,SC,SC,SC,9226,10175,949,70,DIRE
29971,02/01/2026,N0057,982,79,70,N,0,172725,"928658,42",6699316,0,80,70,N,0,173707,"927973,66","6698617,74",0,D,0,ACCROCHE,70PR79D,70PR80D,SC,SC,SC,SC,10175,11157,982,70,DIRE
29964,02/01/2026,N0057,1042,80,70,N,0,173707,"927973,66","6698617,74",0,81,70,N,0,174749,"927268,26","6697871,7",0,D,0,ACCROCHE,70PR80D,70PR81D,SC,SC,SC,SC,11157,12199,1042,70,DIRE
29965,02/01/2026,N0057,690,81,70,N,0,174749,"927268,26","6697871,7",0,0,25,N,0,175439,"927026,23","6697227,27",0,D,0,ACCROCHE,70PR81D,25PR0D,SC,SC,CS,CS,12199,12889,690,70,DIRE
29954,02/01/2026,N0057,108,68,70,N,842,162507,"931066,73","6708366,82",0,69,70,N,0,162615,"931040,89","6708344,75",0,G,0,ACCROCHE,DF70PR68U,70PR69G,DF,DF,SC,SC,0,108,108,70,DIRE
29952,02/01/2026,N0057,1030,69,70,N,0,162615,"931040,89","6708344,75",0,70,70,N,0,163645,"930697,19","6707479,68",0,G,0,ACCROCHE,70PR69G,70PR70G,SC,SC,SC,SC,108,1138,1030,70,DIRE
29951,02/01/2026,N0057,1280,70,70,N,0,163645,"930697,19","6707479,68",0,71,70,N,0,164925,"931247,52","6706328,77",0,G,0,ACCROCHE,70PR70G,70PR71G,SC,SC,SC,SC,1138,2418,1280,70,DIRE
29950,02/01/2026,N0057,947,71,70,N,0,164925,"931247,52","6706328,77",0,72,70,N,0,165872,"931376,18","6705412,7",0,G,0,ACCROCHE,70PR71G,70PR72G,SC,SC,SC,SC,2418,3365,947,70,DIRE
29962,02/01/2026,N0057,956,72,70,N,0,165872,"931376,18","6705412,7",0,73,70,N,0,166828,"931154,67","6704489,29",0,G,0,ACCROCHE,70PR72G,70PR73G,SC,SC,SC,SC,3365,4321,956,70,DIRE
29958,02/01/2026,N0057,1020,73,70,N,0,166828,"931154,67","6704489,29",0,74,70,N,0,167848,"930915,63","6703574,5",0,G,0,ACCROCHE,70PR73G,70PR74G,SC,SC,SC,SC,4321,5341,1020,70,DIRE
29960,02/01/2026,N0057,1049,74,70,N,0,167848,"930915,63","6703574,5",0,75,70,N,0,168897,"930484,64","6702619,57",0,G,0,ACCROCHE,70PR74G,70PR75G,SC,SC,SC,SC,5341,6390,1049,70,DIRE
29953,02/01/2026,N0057,948,75,70,N,0,168897,"930484,64","6702619,57",0,76,70,N,0,169845,"930104,55","6701749,28",0,G,0,ACCROCHE,70PR75G,70PR76G,SC,SC,SC,SC,6390,7338,948,70,DIRE
29955,02/01/2026,N0057,952,76,70,N,0,169845,"930104,55","6701749,28",0,77,70,N,0,170797,"929739,93","6700870,8",0,G,0,ACCROCHE,70PR76G,70PR77G,SC,SC,SC,SC,7338,8290,952,70,DIRE
29963,02/01/2026,N0057,949,77,70,N,0,170797,"929739,93","6700870,8",0,78,70,N,0,171746,"929222,63","6700077,04",0,G,0,ACCROCHE,70PR77G,70PR78G,SC,SC,SC,SC,8290,9239,949,70,DIRE
29957,02/01/2026,N0057,949,78,70,N,0,171746,"929222,63","6700077,04",0,79,70,N,0,172695,"928666,45","6699310,17",0,G,0,ACCROCHE,70PR78G,70PR79G,SC,SC,SC,SC,9239,10188,949,70,DIRE
29956,02/01/2026,N0057,986,79,70,N,0,172695,"928666,45","6699310,17",0,80,70,N,0,173681,"927979,62","6698609,53",0,G,0,ACCROCHE,70PR79G,70PR80G,SC,SC,SC,SC,10188,11174,986,70,DIRE
29961,02/01/2026,N0057,1030,80,70,N,0,173681,"927979,62","6698609,53",0,81,70,N,0,174711,"927277,14","6697867,99",0,G,0,ACCROCHE,70PR80G,70PR81G,SC,SC,SC,SC,11174,12204,1030,70,DIRE
29959,02/01/2026,N0057,690,81,70,N,0,174711,"927277,14","6697867,99",0,0,25,N,0,175401,"927036,62","6697223,56",0,G,0,ACCROCHE,70PR81G,25PR0G,SC,SC,CS,CS,12204,12894,690,70,DIRE
29525,02/01/2026,N0057,919,59,70,N,0,152776,"934880,08","6716983,76",0,60,70,N,0,153695,"934454,68","6716153,43",0,I,0,ACCROCHE,70PR59U,70PR60U,FD,FD,SC,SC,0,919,919,70,DIRE
29526,02/01/2026,N0057,997,60,70,N,0,153695,"934454,68","6716153,43",0,61,70,N,0,154692,"934006,73","6715266,64",0,I,0,ACCROCHE,70PR60U,70PR61U,SC,SC,SC,SC,919,1916,997,70,DIRE
29517,02/01/2026,N0057,997,61,70,N,0,154692,"934006,73","6715266,64",0,62,70,N,0,155689,"933703,03","6714320,81",0,I,0,ACCROCHE,70PR61U,70PR62U,SC,SC,SC,SC,1916,2913,997,70,DIRE
29518,02/01/2026,N0057,996,62,70,N,0,155689,"933703,03","6714320,81",0,63,70,N,0,156685,"933479,36","6713348,27",0,I,0,ACCROCHE,70PR62U,70PR63U,SC,SC,SC,SC,2913,3909,996,70,DIRE
29519,02/01/2026,N0057,999,63,70,N,0,156685,"933479,36","6713348,27",0,64,70,N,0,157684,"933260,84","6712278,03",0,I,0,ACCROCHE,70PR63U,70PR64U,SC,SC,SC,SC,3909,4908,999,70,DIRE
29523,02/01/2026,N0057,990,64,70,N,0,157684,"933260,84","6712278,03",0,65,70,N,0,158674,"933009,17","6711493,7",0,I,0,ACCROCHE,70PR64U,70PR65U,SC,SC,SC,SC,4908,5898,990,70,DIRE
29524,02/01/2026,N0057,991,65,70,N,0,158674,"933009,17","6711493,7",0,66,70,N,0,159665,"932317,86","6710853,94",0,I,0,ACCROCHE,70PR65U,70PR66U,SC,SC,SC,SC,5898,6889,991,70,DIRE
29521,02/01/2026,N0057,993,66,70,N,0,159665,"932317,86","6710853,94",0,67,70,N,0,160658,"931830,86","6710051,67",0,I,0,ACCROCHE,70PR66U,70PR67U,SC,SC,SC,SC,6889,7882,993,70,DIRE
29522,02/01/2026,N0057,1050,67,70,N,0,160658,"931830,86","6710051,67",0,68,70,N,0,161708,"931661,98","6709018,52",0,I,0,ACCROCHE,70PR67U,70PR68U,SC,SC,SC,SC,7882,8932,1050,70,DIRE
29520,02/01/2026,N0057,842,68,70,N,0,161708,"931661,98","6709018,52",0,68,70,N,842,162550,"931066,73","6708366,82",0,I,0,ACCROCHE,70PR68U,DF70PR68U,SC,SC,DF,DF,8932,9774,842,70,DIRE
28094,02/01/2026,N0057,400,13,25,N,953,190657,"925750,45","6684027,29",0,14,25,N,0,191057,"926019,32","6683742,59",0,I,0,ACCROCHE,FF25PR13U,25PR14U,FF,FF,SC,SC,0,400,400,25,DIRE
28093,02/01/2026,N0057,1135,14,25,N,0,191057,"926019,32","6683742,59",0,14,25,N,1135,192192,"926940,61","6683243,88",0,I,0,ACCROCHE,25PR14U,DD25PR14U,SC,SC,DD,DD,400,1535,1135,25,DIRE
23494,02/01/2026,N0057,390,83,25,N,610,264641,"955937,89","6638255,34",0,84,25,N,0,265031,"955972,68","6638033,09",0,D,0,ACCROCHE,DF25PR83U,25PR84D,DF,DF,SC,SC,0,390,390,25,DIRE
23495,02/01/2026,N0057,1000,84,25,N,0,265031,"955972,68","6638033,09",0,85,25,N,0,266031,"956509,89","6637352,68",0,D,0,ACCROCHE,25PR84D,25PR85D,SC,SC,SC,SC,390,1390,1000,25,DIRE
23491,02/01/2026,N0057,981,85,25,N,0,266031,"956509,89","6637352,68",0,86,25,N,0,267012,"957222,63","6636940,38",0,D,0,ACCROCHE,25PR85D,25PR86D,SC,SC,SC,SC,1390,2371,981,25,DIRE
23493,02/01/2026,N0057,962,86,25,N,0,267012,"957222,63","6636940,38",0,87,25,N,0,267974,"957725,61","6636143,55",0,D,0,ACCROCHE,25PR86D,25PR87D,SC,SC,SC,SC,2371,3333,962,25,DIRE
23492,02/01/2026,N0057,803,87,25,N,0,267974,"957725,61","6636143,55",0,87,25,N,803,268777,957938,"6635432,22",0,D,0,ACCROCHE,25PR87D,FF25PR87D,SC,SC,FF,FF,3333,4136,803,25,DIRE
23487,02/01/2026,N0057,390,83,25,N,610,264608,"955937,89","6638255,34",0,84,25,N,0,264998,"955982,49","6638034,8",0,G,0,ACCROCHE,DF25PR83U,25PR84G,DF,DF,SC,SC,0,390,390,25,DIRE
23485,02/01/2026,N0057,1000,84,25,N,0,264998,"955982,49","6638034,8",0,85,25,N,0,265998,956510,"6637362,6",0,G,0,ACCROCHE,25PR84G,25PR85G,SC,SC,SC,SC,390,1390,1000,25,DIRE
23489,02/01/2026,N0057,981,85,25,N,0,265998,956510,"6637362,6",0,86,25,N,0,266979,"957233,05","6636944,28",0,G,0,ACCROCHE,25PR85G,25PR86G,SC,SC,SC,SC,1390,2371,981,25,DIRE
23486,02/01/2026,N0057,962,86,25,N,0,266979,"957233,05","6636944,28",0,87,25,N,0,267941,"957734,86","6636147,31",0,G,0,ACCROCHE,25PR86G,25PR87G,SC,SC,SC,SC,2371,3333,962,25,DIRE
23488,02/01/2026,N0057,757,87,25,N,0,267941,"957734,86","6636147,31",0,87,25,N,757,268698,957938,"6635432,22",0,G,0,ACCROCHE,25PR87G,FF25PR87D,SC,SC,FF,FF,3333,4090,757,25,DIRE
23481,02/01/2026,N0057,214,87,25,N,803,268777,957938,"6635432,22",0,88,25,N,0,268991,"958059,78","6635265,42",0,I,0,ACCROCHE,FF25PR87D,25PR88U,FF,FF,SC,SC,0,214,214,25,DIRE
23482,02/01/2026,N0057,643,88,25,N,0,268991,"958059,78","6635265,42",0,89,25,N,0,269634,"958518,36","6634834,28",0,I,0,ACCROCHE,25PR88U,25PR89U,SC,SC,SC,SC,214,857,643,25,DIRE
23478,02/01/2026,N0057,988,89,25,N,0,269634,"958518,36","6634834,28",0,90,25,N,0,270622,"958315,26","6633985,14",0,I,0,ACCROCHE,25PR89U,25PR90U,SC,SC,SC,SC,857,1845,988,25,DIRE
23480,02/01/2026,N0057,964,90,25,N,0,270622,"958315,26","6633985,14",0,91,25,N,0,271586,957761,"6633255,51",0,I,0,ACCROCHE,25PR90U,25PR91U,SC,SC,SC,SC,1845,2809,964,25,DIRE
23484,02/01/2026,N0057,1029,91,25,N,0,271586,957761,"6633255,51",0,92,25,N,0,272615,"957441,18","6632355,54",0,I,0,ACCROCHE,25PR91U,25PR92U,SC,SC,SC,SC,2809,3838,1029,25,DIRE
23483,02/01/2026,N0057,956,92,25,N,0,272615,"957441,18","6632355,54",0,93,25,N,0,273571,"957927,1","6631584,77",0,I,0,ACCROCHE,25PR92U,25PR93U,SC,SC,SC,SC,3838,4794,956,25,DIRE
23479,02/01/2026,N0057,606,93,25,N,0,273571,"957927,1","6631584,77",0,93,25,N,606,274177,"958378,02","6631256,05",0,I,0,ACCROCHE,25PR93U,FRU,SC,SC,FR,FR,4794,5400,606,25,DIRE
22970,02/01/2026,N0057,132,69,25,N,790,249792,"953775,07","6649785,16",0,69,25,N,922,249924,"953890,73","6649790,35",0,D,0,ACCROCHE,DF25PR69U,FF25PR69U,DF,DF,FF,FF,0,132,132,25,DIRE
22968,02/01/2026,N0057,176,70,25,N,273,250631,"954538,58","6650017,01",0,70,25,N,449,250807,"954693,78","6650042,93",0,D,0,ACCROCHE,DFA25PR70U,FFA25PR70U,DF,DF,FF,FF,0,176,176,25,DIRE
22967,02/01/2026,N0057,75,70,25,N,449,250807,"954693,78","6650042,93",0,70,25,N,524,250882,"954756,33","6650001,12",0,I,0,ACCROCHE,FFA25PR70U,DFB25PR70U,FF,FF,DF,DF,0,75,75,25,DIRE
22966,02/01/2026,N0057,181,70,25,N,524,250882,"954756,33","6650001,12",0,70,25,N,705,251063,"954907,32","6649982,03",0,D,0,ACCROCHE,DFB25PR70U,FFB25PR70U,DF,DF,FF,FF,0,181,181,25,DIRE
22965,02/01/2026,N0057,260,70,25,N,705,251063,"954907,32","6649982,03",0,70,25,N,965,251323,"955166,46","6649991,44",0,I,0,ACCROCHE,FFB25PR70U,DFC25PR70U,FF,FF,DF,DF,0,260,260,25,DIRE
22963,02/01/2026,N0057,122,70,25,N,965,251323,"955166,46","6649991,44",0,70,25,N,1087,251445,"955282,19","6649966,74",0,D,0,ACCROCHE,DFC25PR70U,FFC25PR70U,DF,DF,FF,FF,0,122,122,25,DIRE
22961,02/01/2026,N0057,72,71,25,N,749,252475,"956000,93","6649317,77",0,71,25,N,821,252547,"956057,67","6649270,31",0,D,0,ACCROCHE,DF25PR71U,FF25PR71U,DF,DF,FF,FF,0,72,72,25,DIRE
22960,02/01/2026,N0057,124,69,25,N,790,249701,"953775,07","6649785,16",0,69,25,N,914,249825,"953890,73","6649790,35",0,G,0,ACCROCHE,DF25PR69U,FF25PR69U,DF,DF,FF,FF,0,124,124,25,DIRE
22959,02/01/2026,N0057,94,71,25,N,749,252420,"956000,93","6649317,77",0,71,25,N,843,252514,"956057,67","6649270,31",0,G,0,ACCROCHE,DF25PR71U,FF25PR71U,DF,DF,FF,FF,0,94,94,25,DIRE
22956,02/01/2026,N0057,1105,67,25,N,250,246545,"953921,03","6652640,66",0,68,25,N,0,247650,"953709,77","6651611,6",0,D,0,ACCROCHE,DF25PR67U,25PR68D,DF,DF,SC,SC,0,1105,1105,25,DIRE
22957,02/01/2026,N0057,814,68,25,N,0,247650,"953709,77","6651611,6",0,68,25,N,814,248464,"953541,07","6650836,05",0,D,0,ACCROCHE,25PR68D,FF25PR68D,SC,SC,FF,FF,1105,1919,814,25,DIRE
22954,02/01/2026,N0057,1098,67,25,N,250,246455,"953921,03","6652640,66",0,68,25,N,0,247553,"953719,91","6651609,66",0,G,0,ACCROCHE,DF25PR67U,25PR68G,DF,DF,SC,SC,0,1098,1098,25,DIRE
22955,02/01/2026,N0057,820,68,25,N,0,247553,"953719,91","6651609,66",0,68,25,N,820,248373,"953541,07","6650836,05",0,G,0,ACCROCHE,25PR68G,FF25PR68D,SC,SC,FF,FF,1098,1918,820,25,DIRE
22953,02/01/2026,N0057,538,68,25,N,814,248464,"953541,07","6650836,05",0,69,25,N,0,249002,"953428,55","6650311,26",0,I,0,ACCROCHE,FF25PR68D,25PR69U,FF,FF,SC,SC,0,538,538,25,DIRE
22952,02/01/2026,N0057,790,69,25,N,0,249002,"953428,55","6650311,26",0,69,25,N,790,249792,"953775,07","6649785,16",0,I,0,ACCROCHE,25PR69U,DF25PR69U,SC,SC,DF,DF,538,1328,790,25,DIRE
22951,02/01/2026,N0057,434,69,25,N,922,249924,"953890,73","6649790,35",0,70,25,N,0,250358,"954315,53","6649874,62",0,I,0,ACCROCHE,FF25PR69U,25PR70U,FF,FF,SC,SC,0,434,434,25,DIRE
22950,02/01/2026,N0057,273,70,25,N,0,250358,"954315,53","6649874,62",0,70,25,N,273,250631,"954538,58","6650017,01",0,I,0,ACCROCHE,25PR70U,DFA25PR70U,SC,SC,DF,DF,434,707,273,25,DIRE
22949,02/01/2026,N0057,231,70,25,N,273,250532,"954538,58","6650017,01",0,70,25,N,504,250763,"954693,78","6650042,93",0,G,0,ACCROCHE,DFA25PR70U,FFA25PR70U,DF,DF,FF,FF,0,231,231,25,DIRE
23186,02/01/2026,N0057,155,70,25,N,579,250838,"954756,33","6650001,12",0,70,25,N,734,250993,"954907,32","6649982,03",0,G,0,ACCROCHE,DFB25PR70U,FFB25PR70U,DF,DF,FF,FF,0,155,155,25,DIRE
23185,02/01/2026,N0057,137,70,25,N,994,251253,"955166,46","6649991,44",0,70,25,N,1131,251390,"955282,19","6649966,74",0,G,0,ACCROCHE,DFC25PR70U,FFC25PR70U,DF,DF,FF,FF,0,137,137,25,DIRE
22890,02/01/2026,N0057,281,70,25,N,1087,251445,"955282,19","6649966,74",0,71,25,N,0,251726,"955546,25","6649872,22",0,I,0,ACCROCHE,FFC25PR70U,25PR71U,FF,FF,SC,SC,0,281,281,25,DIRE
23184,02/01/2026,N0057,749,71,25,N,0,251726,"955546,25","6649872,22",0,71,25,N,749,252475,"956000,93","6649317,77",0,I,0,ACCROCHE,25PR71U,DF25PR71U,SC,SC,DF,DF,281,1030,749,25,DIRE
22883,02/01/2026,N0057,469,71,25,N,821,252547,"956057,67","6649270,31",0,72,25,N,0,253016,"956139,42","6648812,38",0,I,0,ACCROCHE,FF25PR71U,25PR72U,FF,FF,SC,SC,0,469,469,25,DIRE
22888,02/01/2026,N0057,1001,72,25,N,0,253016,"956139,42","6648812,38",0,73,25,N,0,254017,"956201,62","6647828,94",0,I,0,ACCROCHE,25PR72U,25PR73U,SC,SC,SC,SC,469,1470,1001,25,DIRE
22880,02/01/2026,N0057,1011,73,25,N,0,254017,"956201,62","6647828,94",0,74,25,N,0,255028,"956953,7","6647341,42",0,I,0,ACCROCHE,25PR73U,25PR74U,SC,SC,SC,SC,1470,2481,1011,25,DIRE
22889,02/01/2026,N0057,991,74,25,N,0,255028,"956953,7","6647341,42",0,75,25,N,0,256019,"957030,9","6646457,13",0,I,0,ACCROCHE,25PR74U,25PR75U,SC,SC,SC,SC,2481,3472,991,25,DIRE
22885,02/01/2026,N0057,1013,75,25,N,0,256019,"957030,9","6646457,13",0,76,25,N,0,257032,"956740,98","6645485,48",0,I,0,ACCROCHE,25PR75U,25PR76U,SC,SC,SC,SC,3472,4485,1013,25,DIRE
22877,02/01/2026,N0057,991,76,25,N,0,257032,"956740,98","6645485,48",0,77,25,N,0,258023,"956873,42","6644590,36",0,I,0,ACCROCHE,25PR76U,25PR77U,SC,SC,SC,SC,4485,5476,991,25,DIRE
22882,02/01/2026,N0057,1009,77,25,N,0,258023,"956873,42","6644590,36",0,78,25,N,0,259032,"956659,56","6643642,16",0,I,0,ACCROCHE,25PR77U,25PR78U,SC,SC,SC,SC,5476,6485,1009,25,DIRE
22884,02/01/2026,N0057,994,78,25,N,0,259032,"956659,56","6643642,16",0,79,25,N,0,260026,"956623,61","6642648,64",0,I,0,ACCROCHE,25PR78U,25PR79U,SC,SC,SC,SC,6485,7479,994,25,DIRE
22886,02/01/2026,N0057,1015,79,25,N,0,260026,"956623,61","6642648,64",0,80,25,N,0,261041,"956817,82","6641670,23",0,I,0,ACCROCHE,25PR79U,25PR80U,SC,SC,SC,SC,7479,8494,1015,25,DIRE
22887,02/01/2026,N0057,994,80,25,N,0,261041,"956817,82","6641670,23",0,81,25,N,0,262035,"956832,53",6640728,0,I,0,ACCROCHE,25PR80U,25PR81U,SC,SC,SC,SC,8494,9488,994,25,DIRE
22879,02/01/2026,N0057,1000,81,25,N,0,262035,"956832,53",6640728,0,82,25,N,0,263035,"956304,52","6639906,7",0,I,0,ACCROCHE,25PR81U,25PR82U,SC,SC,SC,SC,9488,10488,1000,25,DIRE
22881,02/01/2026,N0057,996,82,25,N,0,263035,"956304,52","6639906,7",0,83,25,N,0,264031,"955964,69","6638998,13",0,I,0,ACCROCHE,25PR82U,25PR83U,SC,SC,SC,SC,10488,11484,996,25,DIRE
22878,02/01/2026,N0057,610,83,25,N,0,264031,"955964,69","6638998,13",0,83,25,N,610,264641,"955937,89","6638255,34",0,I,0,ACCROCHE,25PR83U,DF25PR83U,SC,SC,DF,DF,11484,12094,610,25,DIRE
22825,02/01/2026,N0057,167,20,25,N,282,199386,"932879,75","6684701,09",0,21,25,N,0,199553,"932994,62","6684608,01",0,G,0,ACCROCHE,DF25PR20U,25PR21G,DF,DF,SC,SC,0,167,167,25,DIRE
22738,02/01/2026,N0057,885,21,25,N,0,199553,"932994,62","6684608,01",0,22,25,N,0,200438,"933712,93","6684133,31",0,G,0,ACCROCHE,25PR21G,25PR22G,SC,SC,SC,SC,167,1052,885,25,DIRE
22827,02/01/2026,N0057,1004,22,25,N,0,200438,"933712,93","6684133,31",0,23,25,N,0,201442,"934390,39","6683404,49",0,G,0,ACCROCHE,25PR22G,25PR23G,SC,SC,SC,SC,1052,2056,1004,25,DIRE
22832,02/01/2026,N0057,998,23,25,N,0,201442,"934390,39","6683404,49",0,24,25,N,0,202440,"935210,24",6683066,0,G,0,ACCROCHE,25PR23G,25PR24G,SC,SC,SC,SC,2056,3054,998,25,DIRE
22831,02/01/2026,N0057,1331,24,25,N,0,202440,"935210,24",6683066,0,25,25,N,0,203771,"936518,58","6683105,77",0,G,0,ACCROCHE,25PR24G,25PR25G,SC,SC,SC,SC,3054,4385,1331,25,DIRE
22829,02/01/2026,N0057,1000,25,25,N,0,203771,"936518,58","6683105,77",0,26,25,N,0,204771,"937429,87","6682711,57",0,G,0,ACCROCHE,25PR25G,25PR26G,SC,SC,SC,SC,4385,5385,1000,25,DIRE
22823,02/01/2026,N0057,997,26,25,N,0,204771,"937429,87","6682711,57",0,27,25,N,0,205768,"938314,22","6682251,32",0,G,0,ACCROCHE,25PR26G,25PR27G,SC,SC,SC,SC,5385,6382,997,25,DIRE
22737,02/01/2026,N0057,997,27,25,N,0,205768,"938314,22","6682251,32",0,28,25,N,0,206765,"939200,96","6681893,87",0,G,0,ACCROCHE,25PR27G,25PR28G,SC,SC,SC,SC,6382,7379,997,25,DIRE
22830,02/01/2026,N0057,1007,28,25,N,0,206765,"939200,96","6681893,87",0,29,25,N,0,207772,"940131,46","6682239,92",0,G,0,ACCROCHE,25PR28G,25PR29G,SC,SC,SC,SC,7379,8386,1007,25,DIRE
22734,02/01/2026,N0057,977,29,25,N,0,207772,"940131,46","6682239,92",0,30,25,N,0,208749,"941082,94","6682172,41",0,G,0,ACCROCHE,25PR29G,25PR30G,SC,SC,SC,SC,8386,9363,977,25,DIRE
22736,02/01/2026,N0057,995,30,25,N,0,208749,"941082,94","6682172,41",0,31,25,N,0,209744,"941830,05","6681600,49",0,G,0,ACCROCHE,25PR30G,25PR31G,SC,SC,SC,SC,9363,10358,995,25,DIRE
22826,02/01/2026,N0057,989,31,25,N,0,209744,"941830,05","6681600,49",0,32,25,N,0,210733,"942161,24","6680713,61",0,G,0,ACCROCHE,25PR31G,25PR32G,SC,SC,SC,SC,10358,11347,989,25,DIRE
22735,02/01/2026,N0057,983,32,25,N,0,210733,"942161,24","6680713,61",0,33,25,N,0,211716,"942936,81","6680146,23",0,G,0,ACCROCHE,25PR32G,25PR33G,SC,SC,SC,SC,11347,12330,983,25,DIRE
22833,02/01/2026,N0057,1002,33,25,N,0,211716,"942936,81","6680146,23",0,34,25,N,0,212718,"943844,92","6679829,59",0,G,0,ACCROCHE,25PR33G,25PR34G,SC,SC,SC,SC,12330,13332,1002,25,DIRE
22824,02/01/2026,N0057,989,34,25,N,0,212718,"943844,92","6679829,59",0,35,25,N,0,213707,"944742,18","6679450,8",0,G,0,ACCROCHE,25PR34G,25PR35G,SC,SC,SC,SC,13332,14321,989,25,DIRE
22834,02/01/2026,N0057,1000,35,25,N,0,213707,"944742,18","6679450,8",0,36,25,N,0,214707,"945472,97","6678799,85",0,G,0,ACCROCHE,25PR35G,25PR36G,SC,SC,SC,SC,14321,15321,1000,25,DIRE
22828,02/01/2026,N0057,1000,36,25,N,0,214707,"945472,97","6678799,85",0,37,25,N,0,215707,"946247,35","6678214,92",0,G,0,ACCROCHE,25PR36G,25PR37G,SC,SC,SC,SC,15321,16321,1000,25,DIRE
22835,02/01/2026,N0057,175,37,25,N,0,215707,"946247,35","6678214,92",0,37,25,N,175,215882,"946381,49","6678136,35",0,G,0,ACCROCHE,25PR37G,FF25PR37D,SC,SC,FF,FF,16321,16496,175,25,DIRE
22725,02/01/2026,N0057,162,20,25,N,282,199467,"932879,75","6684701,09",0,21,25,N,0,199629,"932990,8","6684599,8",0,D,0,ACCROCHE,DF25PR20U,25PR21D,DF,DF,SC,SC,0,162,162,25,DIRE
22728,02/01/2026,N0057,876,21,25,N,0,199629,"932990,8","6684599,8",0,22,25,N,0,200505,"933706,52","6684126,13",0,D,0,ACCROCHE,25PR21D,25PR22D,SC,SC,SC,SC,162,1038,876,25,DIRE
22726,02/01/2026,N0057,1002,22,25,N,0,200505,"933706,52","6684126,13",0,23,25,N,0,201507,"934383,24","6683400,3",0,D,0,ACCROCHE,25PR22D,25PR23D,SC,SC,SC,SC,1038,2040,1002,25,DIRE
22724,02/01/2026,N0057,1017,23,25,N,0,201507,"934383,24","6683400,3",0,24,25,N,0,202524,"935212,47","6683057,99",0,D,0,ACCROCHE,25PR23D,25PR24D,SC,SC,SC,SC,2040,3057,1017,25,DIRE
22729,02/01/2026,N0057,1324,24,25,N,0,202524,"935212,47","6683057,99",0,25,25,N,0,203848,"936514,74","6683095,04",0,D,0,ACCROCHE,25PR24D,25PR25D,SC,SC,SC,SC,3057,4381,1324,25,DIRE
22730,02/01/2026,N0057,998,25,25,N,0,203848,"936514,74","6683095,04",0,26,25,N,0,204846,"937424,73","6682702,43",0,D,0,ACCROCHE,25PR25D,25PR26D,SC,SC,SC,SC,4381,5379,998,25,DIRE
22733,02/01/2026,N0057,999,26,25,N,0,204846,"937424,73","6682702,43",0,27,25,N,0,205845,"938310,15","6682243,25",0,D,0,ACCROCHE,25PR26D,25PR27D,SC,SC,SC,SC,5379,6378,999,25,DIRE
22721,02/01/2026,N0057,1021,27,25,N,0,205845,"938310,15","6682243,25",0,28,25,N,0,206866,"939204,88","6681883,51",0,D,0,ACCROCHE,25PR27D,25PR28D,SC,SC,SC,SC,6378,7399,1021,25,DIRE
22722,02/01/2026,N0057,1003,28,25,N,0,206866,"939204,88","6681883,51",0,29,25,N,0,207869,"940129,75","6682229,89",0,D,0,ACCROCHE,25PR28D,25PR29D,SC,SC,SC,SC,7399,8402,1003,25,DIRE
22727,02/01/2026,N0057,979,29,25,N,0,207869,"940129,75","6682229,89",0,30,25,N,0,208848,"941080,18","6682162,23",0,D,0,ACCROCHE,25PR29D,25PR30D,SC,SC,SC,SC,8402,9381,979,25,DIRE
22720,02/01/2026,N0057,981,30,25,N,0,208848,"941080,18","6682162,23",0,31,25,N,0,209829,"941820,35","6681596,93",0,D,0,ACCROCHE,25PR30D,25PR31D,SC,SC,SC,SC,9381,10362,981,25,DIRE
22718,02/01/2026,N0057,997,31,25,N,0,209829,"941820,35","6681596,93",0,32,25,N,0,210826,"942153,93","6680706,82",0,D,0,ACCROCHE,25PR31D,25PR32D,SC,SC,SC,SC,10362,11359,997,25,DIRE
22723,02/01/2026,N0057,1003,32,25,N,0,210826,"942153,93","6680706,82",0,33,25,N,0,211829,"942936,27",6680136,0,D,0,ACCROCHE,25PR32D,25PR33D,SC,SC,SC,SC,11359,12362,1003,25,DIRE
22717,02/01/2026,N0057,994,33,25,N,0,211829,"942936,27",6680136,0,34,25,N,0,212823,"943838,49","6679821,38",0,D,0,ACCROCHE,25PR33D,25PR34D,SC,SC,SC,SC,12362,13356,994,25,DIRE
22732,02/01/2026,N0057,997,34,25,N,0,212823,"943838,49","6679821,38",0,35,25,N,0,213820,"944739,42","6679440,44",0,D,0,ACCROCHE,25PR34D,25PR35D,SC,SC,SC,SC,13356,14353,997,25,DIRE
22731,02/01/2026,N0057,1000,35,25,N,0,213820,"944739,42","6679440,44",0,36,25,N,0,214820,"945464,47","6678794,66",0,D,0,ACCROCHE,25PR35D,25PR36D,SC,SC,SC,SC,14353,15353,1000,25,DIRE
22716,02/01/2026,N0057,1000,36,25,N,0,214820,"945464,47","6678794,66",0,37,25,N,0,215820,"946241,67","6678203,28",0,D,0,ACCROCHE,25PR36D,25PR37D,SC,SC,SC,SC,15353,16353,1000,25,DIRE
22719,02/01/2026,N0057,164,37,25,N,0,215820,"946241,67","6678203,28",0,37,25,N,164,215984,"946381,49","6678136,35",0,D,0,ACCROCHE,25PR37D,FF25PR37D,SC,SC,FF,FF,16353,16517,164,25,DIRE
17511,02/01/2026,N0057,752,37,25,N,164,215984,"946381,49","6678136,35",0,38,25,N,0,216736,"946979,45","6677682,57",0,I,0,ACCROCHE,FF25PR37D,25PR38U,FF,FF,SC,SC,0,752,752,25,DIRE
17515,02/01/2026,N0057,1340,38,25,N,0,216736,"946979,45","6677682,57",0,39,25,N,0,218076,"947800,77","6676650,54",0,I,0,ACCROCHE,25PR38U,25PR39U,SC,SC,SC,SC,752,2092,1340,25,DIRE
17513,02/01/2026,N0057,1167,39,25,N,0,218076,"947800,77","6676650,54",0,40,25,N,0,219243,"948581,77","6675804,09",0,I,0,ACCROCHE,25PR39U,25PR40U,SC,SC,SC,SC,2092,3259,1167,25,DIRE
17512,02/01/2026,N0057,1009,40,25,N,0,219243,"948581,77","6675804,09",0,41,25,N,0,220252,"949195,51","6675017,78",0,I,0,ACCROCHE,25PR40U,25PR41U,SC,SC,SC,SC,3259,4268,1009,25,DIRE
17510,02/01/2026,N0057,947,41,25,N,0,220252,"949195,51","6675017,78",0,42,25,N,0,221199,"950049,84","6674669,38",0,I,0,ACCROCHE,25PR41U,25PR42U,SC,SC,SC,SC,4268,5215,947,25,DIRE
17514,02/01/2026,N0057,916,42,25,N,0,221199,"950049,84","6674669,38",0,43,25,N,0,222115,"950721,89","6674056,51",0,I,0,ACCROCHE,25PR42U,25PR43U,SC,SC,SC,SC,5215,6131,916,25,DIRE
17516,02/01/2026,N0057,1069,43,25,N,0,222115,"950721,89","6674056,51",0,44,25,N,0,223184,"951387,83","6673236,39",0,I,0,ACCROCHE,25PR43U,25PR44U,SC,SC,SC,SC,6131,7200,1069,25,DIRE
17517,02/01/2026,N0057,901,44,25,N,0,223184,"951387,83","6673236,39",0,44,25,N,901,224085,"951917,32","6672523,2",0,I,0,ACCROCHE,25PR44U,DF25PR44U,SC,SC,DF,DF,7200,8101,901,25,DIRE
17182,02/01/2026,N0057,930,48,25,N,61,227336,"954223,1","6670624,47",0,49,25,N,0,228266,"954204,94","6669704,31",0,I,0,ACCROCHE,FF25PR48D,25PR49U,FF,FF,SC,SC,0,930,930,25,DIRE
17188,02/01/2026,N0057,1003,49,25,N,0,228266,"954204,94","6669704,31",0,50,25,N,0,229269,"954085,65","6668712,12",0,I,0,ACCROCHE,25PR49U,25PR50U,SC,SC,SC,SC,930,1933,1003,25,DIRE
17174,02/01/2026,N0057,965,50,25,N,0,229269,"954085,65","6668712,12",0,51,25,N,0,230234,"953880,22","6667795,74",0,I,0,ACCROCHE,25PR50U,25PR51U,SC,SC,SC,SC,1933,2898,965,25,DIRE
17190,02/01/2026,N0057,1080,51,25,N,0,230234,"953880,22","6667795,74",0,52,25,N,0,231314,"954103,71","6666771,09",0,I,0,ACCROCHE,25PR51U,25PR52U,SC,SC,SC,SC,2898,3978,1080,25,DIRE
17180,02/01/2026,N0057,989,52,25,N,0,231314,"954103,71","6666771,09",0,53,25,N,0,232303,"953897,49","6665810,89",0,I,0,ACCROCHE,25PR52U,25PR53U,SC,SC,SC,SC,3978,4967,989,25,DIRE
17181,02/01/2026,N0057,982,53,25,N,0,232303,"953897,49","6665810,89",0,54,25,N,0,233285,"953423,21","6664956,09",0,I,0,ACCROCHE,25PR53U,25PR54U,SC,SC,SC,SC,4967,5949,982,25,DIRE
17186,02/01/2026,N0057,940,54,25,N,0,233285,"953423,21","6664956,09",0,55,25,N,0,234225,"953047,99","6664119,34",0,I,0,ACCROCHE,25PR54U,25PR55U,SC,SC,SC,SC,5949,6889,940,25,DIRE
17178,02/01/2026,N0057,957,55,25,N,0,234225,"953047,99","6664119,34",0,56,25,N,0,235182,"952630,91","6663268,78",0,I,0,ACCROCHE,25PR55U,25PR56U,SC,SC,SC,SC,6889,7846,957,25,DIRE
17176,02/01/2026,N0057,1080,56,25,N,0,235182,"952630,91","6663268,78",0,57,25,N,0,236262,"952603,09","6662228,58",0,I,0,ACCROCHE,25PR56U,25PR57U,SC,SC,SC,SC,7846,8926,1080,25,DIRE
17187,02/01/2026,N0057,772,57,25,N,0,236262,"952603,09","6662228,58",0,58,25,N,0,237034,"952676,96","6661466,5",0,I,0,ACCROCHE,25PR57U,25PR58U,SC,SC,SC,SC,8926,9698,772,25,DIRE
17185,02/01/2026,N0057,962,58,25,N,0,237034,"952676,96","6661466,5",0,59,25,N,0,237996,"952956,18","6660579,06",0,I,0,ACCROCHE,25PR58U,25PR59U,SC,SC,SC,SC,9698,10660,962,25,DIRE
17184,02/01/2026,N0057,949,59,25,N,0,237996,"952956,18","6660579,06",0,60,25,N,0,238945,"952906,44","6659645,57",0,I,0,ACCROCHE,25PR59U,25PR60U,SC,SC,SC,SC,10660,11609,949,25,DIRE
17179,02/01/2026,N0057,997,60,25,N,0,238945,"952906,44","6659645,57",0,61,25,N,0,239942,"953451,99","6658868,7",0,I,0,ACCROCHE,25PR60U,25PR61U,SC,SC,SC,SC,11609,12606,997,25,DIRE
17183,02/01/2026,N0057,1003,61,25,N,0,239942,"953451,99","6658868,7",0,62,25,N,0,240945,"954080,31","6658089,68",0,I,0,ACCROCHE,25PR61U,25PR62U,SC,SC,SC,SC,12606,13609,1003,25,DIRE
17172,02/01/2026,N0057,1019,62,25,N,0,240945,"954080,31","6658089,68",0,63,25,N,0,241964,"954268,75","6657106,79",0,I,0,ACCROCHE,25PR62U,25PR63U,SC,SC,SC,SC,13609,14628,1019,25,DIRE
17177,02/01/2026,N0057,982,63,25,N,0,241964,"954268,75","6657106,79",0,64,25,N,0,242946,"954035,91","6656158,2",0,I,0,ACCROCHE,25PR63U,25PR64U,SC,SC,SC,SC,14628,15610,982,25,DIRE
17173,02/01/2026,N0057,1004,64,25,N,0,242946,"954035,91","6656158,2",0,65,25,N,0,243950,"954147,87","6655164,89",0,I,0,ACCROCHE,25PR64U,25PR65U,SC,SC,SC,SC,15610,16614,1004,25,DIRE
17175,02/01/2026,N0057,995,65,25,N,0,243950,"954147,87","6655164,89",0,66,25,N,0,244945,"954242,23","6654175,92",0,I,0,ACCROCHE,25PR65U,25PR66U,SC,SC,SC,SC,16614,17609,995,25,DIRE
17171,02/01/2026,N0057,1350,66,25,N,0,244945,"954242,23","6654175,92",0,67,25,N,0,246295,"953990,99","6652876,97",0,I,0,ACCROCHE,25PR66U,25PR67U,SC,SC,SC,SC,17609,18959,1350,25,DIRE
17189,02/01/2026,N0057,250,67,25,N,0,246295,"953990,99","6652876,97",0,67,25,N,250,246545,"953921,03","6652640,66",0,I,0,ACCROCHE,25PR67U,DF25PR67U,SC,SC,DF,DF,18959,19209,250,25,DIRE
17168,02/01/2026,N0057,67,44,25,N,901,223983,"951917,32","6672523,2",0,45,25,N,0,224050,"951965,77","6672478,17",0,G,0,ACCROCHE,DF25PR44U,25PR45G,DF,DF,SC,SC,0,67,67,25,DIRE
17170,02/01/2026,N0057,1018,45,25,N,0,224050,"951965,77","6672478,17",0,46,25,N,0,225068,"952876,15","6672134,07",0,G,0,ACCROCHE,25PR45G,25PR46G,SC,SC,SC,SC,67,1085,1018,25,DIRE
17166,02/01/2026,N0057,1012,46,25,N,0,225068,"952876,15","6672134,07",0,47,25,N,0,226080,"953688,71","6671647,46",0,G,0,ACCROCHE,25PR46G,25PR47G,SC,SC,SC,SC,1085,2097,1012,25,DIRE
17167,02/01/2026,N0057,1105,47,25,N,0,226080,"953688,71","6671647,46",0,48,25,N,0,227185,"954217,86","6670686,37",0,G,0,ACCROCHE,25PR47G,25PR48G,SC,SC,SC,SC,2097,3202,1105,25,DIRE
17169,02/01/2026,N0057,61,48,25,N,0,227185,"954217,86","6670686,37",0,48,25,N,61,227246,"954223,1","6670624,47",0,G,0,ACCROCHE,25PR48G,FF25PR48D,SC,SC,FF,FF,3202,3263,61,25,DIRE
17053,02/01/2026,N0057,1350,15,25,N,0,192192,"926970,81","6683262,74",0,16,25,N,0,193542,"928055,4","6683874,66",0,D,0,ACCROCHE,25PR15D,25PR16D,FD,FD,SC,SC,0,1350,1350,25,DIRE
17051,02/01/2026,N0057,1350,16,25,N,0,193542,"928055,4","6683874,66",0,17,25,N,0,194892,"929197,49","6683343,97",0,D,0,ACCROCHE,25PR16D,25PR17D,SC,SC,SC,SC,1350,2700,1350,25,DIRE
17052,02/01/2026,N0057,1350,17,25,N,0,194892,"929197,49","6683343,97",0,18,25,N,0,196242,"930500,5","6683230,92",0,D,0,ACCROCHE,25PR17D,25PR18D,SC,SC,SC,SC,2700,4050,1350,25,DIRE
17050,02/01/2026,N0057,1350,18,25,N,0,196242,"930500,5","6683230,92",0,19,25,N,0,197592,"931681,16","6683778,07",0,D,0,ACCROCHE,25PR18D,25PR19D,SC,SC,SC,SC,4050,5400,1350,25,DIRE
17049,02/01/2026,N0057,589,19,25,N,0,197592,"931681,16","6683778,07",0,19,25,N,589,198181,"932067,98","6684202,03",0,D,0,ACCROCHE,25PR19D,FF25PR19D,SC,SC,FF,FF,5400,5989,589,25,DIRE
17045,02/01/2026,N0057,1368,15,25,N,0,192091,"926952,57","6683260,61",0,16,25,N,0,193459,"928054,51","6683883,7",0,G,0,ACCROCHE,25PR15G,25PR16G,FD,FD,SC,SC,0,1368,1368,25,DIRE
17048,02/01/2026,N0057,1376,16,25,N,0,193459,"928054,51","6683883,7",0,17,25,N,0,194835,"929199,83","6683355,53",0,G,0,ACCROCHE,25PR16G,25PR17G,SC,SC,SC,SC,1368,2744,1376,25,DIRE
17044,02/01/2026,N0057,1335,17,25,N,0,194835,"929199,83","6683355,53",0,18,25,N,0,196170,"930495,15","6683242,3",0,G,0,ACCROCHE,25PR17G,25PR18G,SC,SC,SC,SC,2744,4079,1335,25,DIRE
17046,02/01/2026,N0057,1338,18,25,N,0,196170,"930495,15","6683242,3",0,19,25,N,0,197508,"931672,99","6683784,01",0,G,0,ACCROCHE,25PR18G,25PR19G,SC,SC,SC,SC,4079,5417,1338,25,DIRE
17047,02/01/2026,N0057,592,19,25,N,0,197508,"931672,99","6683784,01",0,19,25,N,592,198100,"932067,98","6684202,03",0,G,0,ACCROCHE,25PR19G,FF25PR19D,SC,SC,FF,FF,5417,6009,592,25,DIRE
17037,02/01/2026,N0057,1004,19,25,N,589,198181,"932067,98","6684202,03",0,19,25,N,1593,199185,"932782,29","6684906,47",0,I,0,ACCROCHE,FF25PR19D,DD25PR19DU,FF,FF,DD,DD,0,1004,1004,25,DIRE
17280,02/01/2026,N0057,89,51,70,N,24,144789,"935790,85","6724658,95",0,51,70,N,113,144878,"935775,58","6724574,22",0,G,0,ACCROCHE,DFB70PR51U,FF70PR51U,DF,DF,FF,FF,0,89,89,70,DIRE
17279,02/01/2026,N0057,102,51,70,N,24,144828,"935790,85","6724658,95",0,51,70,N,126,144930,"935775,58","6724574,22",0,D,0,ACCROCHE,DFB70PR51U,FF70PR51U,DF,DF,FF,FF,0,102,102,70,DIRE
16981,02/01/2026,N0057,439,51,70,N,126,144930,"935775,58","6724574,22",0,51,70,N,565,145369,"935849,46","6724143,6",0,I,0,ACCROCHE,FF70PR51U,DFA70PR51U,FF,FF,DF,DF,0,439,439,70,DIRE
16973,02/01/2026,N0057,536,51,70,N,565,145369,"935849,46","6724143,6",0,52,70,N,0,145905,"935971,65","6723648,11",0,D,0,ACCROCHE,DFA70PR51U,70PR52D,DF,DF,SC,SC,0,536,536,70,DIRE
16976,02/01/2026,N0057,1010,52,70,N,0,145905,"935971,65","6723648,11",0,53,70,N,0,146915,"935889,55","6722656,6",0,D,0,ACCROCHE,70PR52D,70PR53D,SC,SC,SC,SC,536,1546,1010,70,DIRE
16978,02/01/2026,N0057,986,53,70,N,0,146915,"935889,55","6722656,6",0,54,70,N,0,147901,"935482,34","6721743,15",0,D,0,ACCROCHE,70PR53D,70PR54D,SC,SC,SC,SC,1546,2532,986,70,DIRE
16975,02/01/2026,N0057,989,54,70,N,0,147901,"935482,34","6721743,15",0,55,70,N,0,148890,"935756,37","6720795,88",0,D,0,ACCROCHE,70PR54D,70PR55D,SC,SC,SC,SC,2532,3521,989,70,DIRE
16980,02/01/2026,N0057,1001,55,70,N,0,148890,"935756,37","6720795,88",0,56,70,N,0,149891,"935586,72","6719838,95",0,D,0,ACCROCHE,70PR55D,70PR56D,SC,SC,SC,SC,3521,4522,1001,70,DIRE
16979,02/01/2026,N0057,986,56,70,N,0,149891,"935586,72","6719838,95",0,57,70,N,0,150877,"935433,47","6718861,27",0,D,0,ACCROCHE,70PR56D,70PR57D,SC,SC,SC,SC,4522,5508,986,70,DIRE
16974,02/01/2026,N0057,996,57,70,N,0,150877,"935433,47","6718861,27",0,58,70,N,0,151873,"935160,26","6717897,09",0,D,0,ACCROCHE,70PR57D,70PR58D,SC,SC,SC,SC,5508,6504,996,70,DIRE
16977,02/01/2026,N0057,903,58,70,N,0,151873,"935160,26","6717897,09",0,58,70,N,903,152776,"934892,21","6717038,06",0,D,0,ACCROCHE,70PR58D,DD70PR58D,SC,SC,DD,DD,6504,7407,903,70,DIRE
16970,02/01/2026,N0057,538,51,70,N,552,145317,"935849,46","6724143,6",0,52,70,N,0,145855,"935981,76","6723649,62",0,G,0,ACCROCHE,DFA70PR51U,70PR52G,DF,DF,SC,SC,0,538,538,70,DIRE
16972,02/01/2026,N0057,1017,52,70,N,0,145855,"935981,76","6723649,62",0,53,70,N,0,146872,"935899,59","6722654,53",0,G,0,ACCROCHE,70PR52G,70PR53G,SC,SC,SC,SC,538,1555,1017,70,DIRE
16966,02/01/2026,N0057,985,53,70,N,0,146872,"935899,59","6722654,53",0,54,70,N,0,147857,"935492,51","6721742,18",0,G,0,ACCROCHE,70PR53G,70PR54G,SC,SC,SC,SC,1555,2540,985,70,DIRE
16967,02/01/2026,N0057,990,54,70,N,0,147857,"935492,51","6721742,18",0,55,70,N,0,148847,"935765,99","6720797,6",0,G,0,ACCROCHE,70PR54G,70PR55G,SC,SC,SC,SC,2540,3530,990,70,DIRE
16965,02/01/2026,N0057,1001,55,70,N,0,148847,"935765,99","6720797,6",0,56,70,N,0,149848,"935596,99","6719835,96",0,G,0,ACCROCHE,70PR55G,70PR56G,SC,SC,SC,SC,3530,4531,1001,70,DIRE
16969,02/01/2026,N0057,987,56,70,N,0,149848,"935596,99","6719835,96",0,57,70,N,0,150835,"935443,75","6718857,79",0,G,0,ACCROCHE,70PR56G,70PR57G,SC,SC,SC,SC,4531,5518,987,70,DIRE
16971,02/01/2026,N0057,998,57,70,N,0,150835,"935443,75","6718857,79",0,58,70,N,0,151833,"935169,93","6717893,45",0,G,0,ACCROCHE,70PR57G,70PR58G,SC,SC,SC,SC,5518,6516,998,70,DIRE
16968,02/01/2026,N0057,900,58,70,N,0,151833,"935169,93","6717893,45",0,58,70,N,900,152733,"934906,86","6717036,77",0,G,0,ACCROCHE,70PR58G,DD70PR58G,SC,SC,DD,DD,6516,7416,900,70,DIRE
14859,02/01/2026,N0057,39,49,70,N,765,143542,"935834,43","6725934,8",0,49,70,N,804,143581,"935834,06","6725899,56",0,D,0,ACCROCHE,DF70PR49U,FF70PR49U,DF,DF,FF,FF,0,39,39,70,DIRE
14857,02/01/2026,N0057,240,49,70,N,804,143581,"935834,06","6725899,56",0,50,70,N,0,143821,"935819,69","6725660,03",0,I,0,ACCROCHE,FF70PR49U,70PR50U,FF,FF,SC,SC,0,240,240,70,DIRE
14855,02/01/2026,N0057,983,50,70,N,0,143821,"935819,69","6725660,03",0,51,70,N,0,144804,"935797,05","6724682,22",0,I,0,ACCROCHE,70PR50U,70PR51U,SC,SC,SC,SC,240,1223,983,70,DIRE
14856,02/01/2026,N0057,24,51,70,N,0,144804,"935797,05","6724682,22",0,51,70,N,24,144828,"935790,85","6724658,95",0,I,0,ACCROCHE,70PR51U,DFB70PR51U,SC,SC,DF,DF,1223,1247,24,70,DIRE
14854,02/01/2026,N0057,39,49,70,N,765,143503,"935834,43","6725934,8",0,49,70,N,804,143542,"935834,06","6725899,56",0,G,0,ACCROCHE,DF70PR49U,FF70PR49U,DF,DF,FF,FF,0,39,39,70,DIRE
14853,02/01/2026,N0057,79,47,70,N,8,140818,"936664,67","6728390,86",0,47,70,N,87,140897,"936610,84","6728335,33",0,D,0,ACCROCHE,DF70PR47U,FF70PR47U,DF,DF,FF,FF,0,79,79,70,DIRE
14851,02/01/2026,N0057,85,47,70,N,8,140768,"936664,67","6728390,86",0,47,70,N,93,140853,"936610,84","6728335,33",0,G,0,ACCROCHE,DF70PR47U,FF70PR47U,DF,DF,FF,FF,0,85,85,70,DIRE
14850,02/01/2026,N0057,533,47,70,N,87,140897,"936610,84","6728335,33",0,47,70,N,620,141430,"936267,16","6727940,9",0,I,0,ACCROCHE,FF70PR47U,DFA70PR47U,FF,FF,DF,DF,0,533,533,70,DIRE
14849,02/01/2026,N0057,46,47,70,N,620,141430,"936267,16","6727940,9",0,47,70,N,666,141476,"936244,46","6727904,82",0,D,0,ACCROCHE,DFA70PR47U,FFA70PR47U,DF,DF,FF,FF,0,46,46,70,DIRE
14846,02/01/2026,N0057,51,47,70,N,626,141386,"936267,16","6727940,9",0,47,70,N,677,141437,"936244,46","6727904,82",0,G,0,ACCROCHE,DFA70PR47U,FFA70PR47U,DF,DF,FF,FF,0,51,51,70,DIRE
14843,02/01/2026,N0057,315,47,70,N,666,141476,"936244,46","6727904,82",0,48,70,N,0,141791,"936104,12","6727623,09",0,I,0,ACCROCHE,FFA70PR47U,70PR48U,FF,FF,SC,SC,0,315,315,70,DIRE
14844,02/01/2026,N0057,986,48,70,N,0,141791,"936104,12","6727623,09",0,49,70,N,0,142777,"935925,82","6726671,13",0,I,0,ACCROCHE,70PR48U,70PR49U,SC,SC,SC,SC,315,1301,986,70,DIRE
14845,02/01/2026,N0057,765,49,70,N,0,142777,"935925,82","6726671,13",0,49,70,N,765,143542,"935834,43","6725934,8",0,I,0,ACCROCHE,70PR49U,DF70PR49U,SC,SC,DF,DF,1301,2066,765,70,DIRE
14841,02/01/2026,N0057,67,46,70,N,498,140202,"936841,69","6728886,29",0,46,70,N,565,140269,"936848,82","6728856,97",0,D,0,ACCROCHE,DF70PR46U,FF70PR46U,DF,DF,FF,FF,0,67,67,70,DIRE
14840,02/01/2026,N0057,541,46,70,N,565,140269,"936848,82","6728856,97",0,47,70,N,0,140810,"936669,74","6728398,25",0,I,0,ACCROCHE,FF70PR46U,70PR47U,FF,FF,SC,SC,0,541,541,70,DIRE
14839,02/01/2026,N0057,8,47,70,N,0,140810,"936669,74","6728398,25",0,47,70,N,8,140818,"936664,67","6728390,86",0,I,0,ACCROCHE,70PR47U,DF70PR47U,SC,SC,DF,DF,541,549,8,70,DIRE
14838,02/01/2026,N0057,30,46,70,N,498,140189,"936841,69","6728886,29",0,46,70,N,528,140219,"936848,82","6728856,97",0,G,0,ACCROCHE,DF70PR46U,FF70PR46U,DF,DF,FF,FF,0,30,30,70,DIRE
14836,02/01/2026,N0057,218,34,70,N,456,128455,"944973,69","6736942,05",0,34,70,N,674,128673,"944845,23","6736784,86",0,D,0,ACCROCHE,DF70PR34U,FF70PR34U,DF,DF,FF,FF,0,218,218,70,DIRE
14835,02/01/2026,N0057,276,34,70,N,456,128371,"944973,69","6736942,05",0,34,70,N,732,128647,"944845,23","6736784,86",0,G,0,ACCROCHE,DF70PR34U,FF70PR34U,DF,DF,FF,FF,0,276,276,70,DIRE
14833,02/01/2026,N0057,312,34,70,N,674,128673,"944845,23","6736784,86",0,35,70,N,0,128985,"944595,91","6736584,88",0,I,0,ACCROCHE,FF70PR34U,70PR35U,FF,FF,SC,SC,0,312,312,70,DIRE
14827,02/01/2026,N0057,1018,35,70,N,0,128985,"944595,91","6736584,88",0,36,70,N,0,130003,"943808,29","6735962,92",0,I,0,ACCROCHE,70PR35U,70PR36U,SC,SC,SC,SC,312,1330,1018,70,DIRE
14824,02/01/2026,N0057,990,36,70,N,0,130003,"943808,29","6735962,92",0,37,70,N,0,130993,"942969,37","6735445,22",0,I,0,ACCROCHE,70PR36U,70PR37U,SC,SC,SC,SC,1330,2320,990,70,DIRE
14830,02/01/2026,N0057,992,37,70,N,0,130993,"942969,37","6735445,22",0,38,70,N,0,131985,"942091,45","6735023,46",0,I,0,ACCROCHE,70PR37U,70PR38U,SC,SC,SC,SC,2320,3312,992,70,DIRE
14828,02/01/2026,N0057,995,38,70,N,0,131985,"942091,45","6735023,46",0,39,70,N,0,132980,"941609,02","6734171,84",0,I,0,ACCROCHE,70PR38U,70PR39U,SC,SC,SC,SC,3312,4307,995,70,DIRE
14834,02/01/2026,N0057,999,39,70,N,0,132980,"941609,02","6734171,84",0,40,70,N,0,133979,"940914,03","6733507,58",0,I,0,ACCROCHE,70PR39U,70PR40U,SC,SC,SC,SC,4307,5306,999,70,DIRE
14832,02/01/2026,N0057,975,40,70,N,0,133979,"940914,03","6733507,58",0,41,70,N,0,134954,"940349,48","6732768,1",0,I,0,ACCROCHE,70PR40U,70PR41U,SC,SC,SC,SC,5306,6281,975,70,DIRE
14826,02/01/2026,N0057,890,41,70,N,0,134954,"940349,48","6732768,1",0,42,70,N,0,135844,"939732,67","6732136,1",0,I,0,ACCROCHE,70PR41U,70PR42U,SC,SC,SC,SC,6281,7171,890,70,DIRE
14829,02/01/2026,N0057,995,42,70,N,0,135844,"939732,67","6732136,1",0,43,70,N,0,136839,"939041,97","6731499,46",0,I,0,ACCROCHE,70PR42U,70PR43U,SC,SC,SC,SC,7171,8166,995,70,DIRE
14831,02/01/2026,N0057,991,43,70,N,0,136839,"939041,97","6731499,46",0,44,70,N,0,137830,"938447,45","6730710,27",0,I,0,ACCROCHE,70PR43U,70PR44U,SC,SC,SC,SC,8166,9157,991,70,DIRE
14825,02/01/2026,N0057,529,44,70,N,0,137830,"938447,45","6730710,27",0,44,70,N,529,138359,"938396,5","6730200,42",0,I,0,ACCROCHE,70PR44U,DD70PR44U,SC,SC,DD,DD,9157,9686,529,70,DIRE
14823,02/01/2026,N0057,779,27,70,N,215,121343,"948663,63","6742689,66",0,28,70,N,0,122122,"948311,46","6742002,4",0,I,0,ACCROCHE,FF70PR27D,70PR28U,FF,FF,SC,SC,0,779,779,70,DIRE
14821,02/01/2026,N0057,1023,28,70,N,0,122122,"948311,46","6742002,4",0,29,70,N,0,123145,"947857,29","6741089,75",0,I,0,ACCROCHE,70PR28U,70PR29U,SC,SC,SC,SC,779,1802,1023,70,DIRE
14819,02/01/2026,N0057,990,29,70,N,0,123145,"947857,29","6741089,75",0,30,70,N,0,124135,"947414,31","6740206,51",0,I,0,ACCROCHE,70PR29U,70PR30U,SC,SC,SC,SC,1802,2792,990,70,DIRE
14822,02/01/2026,N0057,997,30,70,N,0,124135,"947414,31","6740206,51",0,31,70,N,0,125132,"946965,15","6739319,91",0,I,0,ACCROCHE,70PR30U,70PR31U,SC,SC,SC,SC,2792,3789,997,70,DIRE
14820,02/01/2026,N0057,281,31,70,N,0,125132,"946965,15","6739319,91",0,31,70,N,281,125413,"946800,14","6739092,39",0,I,0,ACCROCHE,70PR31U,DF70PR31U,SC,SC,DF,DF,3789,4070,281,70,DIRE
14817,02/01/2026,N0057,147,31,70,N,281,125413,"946800,14","6739092,39",0,31,70,N,428,125560,"946703,68","6738995,38",0,D,0,ACCROCHE,DF70PR31U,FF70PR31U,DF,DF,FF,FF,0,147,147,70,DIRE
14816,02/01/2026,N0057,162,31,70,N,281,125314,"946800,14","6739092,39",0,31,70,N,443,125476,"946703,68","6738995,38",0,G,0,ACCROCHE,DF70PR31U,FF70PR31U,DF,DF,FF,FF,0,162,162,70,DIRE
14814,02/01/2026,N0057,529,31,70,N,428,125560,"946703,68","6738995,38",0,32,70,N,0,126089,"946277,66","6738681,78",0,I,0,ACCROCHE,FF70PR31U,70PR32U,FF,FF,SC,SC,0,529,529,70,DIRE
14815,02/01/2026,N0057,955,32,70,N,0,126089,"946277,66","6738681,78",0,33,70,N,0,127044,"945505,93","6738130,32",0,I,0,ACCROCHE,70PR32U,70PR33U,SC,SC,SC,SC,529,1484,955,70,DIRE
14813,02/01/2026,N0057,955,33,70,N,0,127044,"945505,93","6738130,32",0,34,70,N,0,127999,"944955,61","6737396,5",0,I,0,ACCROCHE,70PR33U,70PR34U,SC,SC,SC,SC,1484,2439,955,70,DIRE
14812,02/01/2026,N0057,456,34,70,N,0,127999,"944955,61","6737396,5",0,34,70,N,456,128455,"944973,69","6736942,05",0,I,0,ACCROCHE,70PR34U,DF70PR34U,SC,SC,DF,DF,2439,2895,456,70,DIRE
14775,02/01/2026,N0057,73,16,70,N,1031,110657,"954777,94","6750564,93",0,17,70,N,0,110730,"954792,78","6750495,83",0,I,0,ACCROCHE,FF70PR16D,70PR17U,FF,FF,SC,SC,0,73,73,70,DIRE
14776,02/01/2026,N0057,1104,17,70,N,0,110730,"954792,78","6750495,83",0,18,70,N,0,111834,"954633,08","6749386,02",0,I,0,ACCROCHE,70PR17U,70PR18U,SC,SC,SC,SC,73,1177,1104,70,DIRE
14777,02/01/2026,N0057,743,18,70,N,0,111834,"954633,08","6749386,02",0,18,70,N,743,112577,"954318,71","6748729,34",0,I,0,ACCROCHE,70PR18U,DF70PR18U,SC,SC,DF,DF,1177,1920,743,70,DIRE
14773,02/01/2026,N0057,340,18,70,N,743,112577,"954318,71","6748729,34",0,18,70,N,1083,112917,"954032,01","6748582,06",0,D,0,ACCROCHE,DF70PR18U,FF70PR18U,DF,DF,FF,FF,0,340,340,70,DIRE
14772,02/01/2026,N0057,346,18,70,N,743,112472,"954318,71","6748729,34",0,18,70,N,1089,112818,"954032,01","6748582,06",0,G,0,ACCROCHE,DF70PR18U,FF70PR18U,DF,DF,FF,FF,0,346,346,70,DIRE
14765,02/01/2026,N0057,56,18,70,N,1083,112917,"954032,01","6748582,06",0,19,70,N,0,112973,"953979,51","6748560,63",0,I,0,ACCROCHE,FF70PR18U,70PR19U,FF,FF,SC,SC,0,56,56,70,DIRE
14767,02/01/2026,N0057,1104,19,70,N,0,112973,"953979,51","6748560,63",0,20,70,N,0,114077,"952938,57","6748119,29",0,I,0,ACCROCHE,70PR19U,70PR20U,SC,SC,SC,SC,56,1160,1104,70,DIRE
14766,02/01/2026,N0057,1099,20,70,N,0,114077,"952938,57","6748119,29",0,21,70,N,0,115176,"952218,47","6747259,67",0,I,0,ACCROCHE,70PR20U,70PR21U,SC,SC,SC,SC,1160,2259,1099,70,DIRE
14768,02/01/2026,N0057,1000,21,70,N,0,115176,"952218,47","6747259,67",0,22,70,N,0,116176,"951425,75","6746706,1",0,I,0,ACCROCHE,70PR21U,70PR22U,SC,SC,SC,SC,2259,3259,1000,70,DIRE
14769,02/01/2026,N0057,994,22,70,N,0,116176,"951425,75","6746706,1",0,23,70,N,0,117170,"950505,69","6746340,67",0,I,0,ACCROCHE,70PR22U,70PR23U,SC,SC,SC,SC,3259,4253,994,70,DIRE
14770,02/01/2026,N0057,996,23,70,N,0,117170,"950505,69","6746340,67",0,24,70,N,0,118166,"950129,68","6745451,45",0,I,0,ACCROCHE,70PR23U,70PR24U,SC,SC,SC,SC,4253,5249,996,70,DIRE
14764,02/01/2026,N0057,993,24,70,N,0,118166,"950129,68","6745451,45",0,25,70,N,0,119159,"949756,15","6744549,35",0,I,0,ACCROCHE,70PR24U,70PR25U,SC,SC,SC,SC,5249,6242,993,70,DIRE
14771,02/01/2026,N0057,78,25,70,N,0,119159,"949756,15","6744549,35",0,25,70,N,78,119237,"949715,98","6744484,03",0,I,0,ACCROCHE,70PR25U,DF70PR25U,SC,SC,DF,DF,6242,6320,78,70,DIRE
13422,02/01/2026,N0057,1002,0,25,N,0,175439,"927026,23","6697227,27",0,1,25,N,0,176441,"926696,43","6696288,9",0,D,0,ACCROCHE,25PR0D,25PR1D,CS,CS,SC,SC,0,1002,1002,25,DIRE
13428,02/01/2026,N0057,1036,1,25,N,0,176441,"926696,43","6696288,9",0,2,25,N,0,177477,"926405,8","6695314,93",0,D,0,ACCROCHE,25PR1D,25PR2D,SC,SC,SC,SC,1002,2038,1036,25,DIRE
13427,02/01/2026,N0057,1036,2,25,N,0,177477,"926405,8","6695314,93",0,3,25,N,0,178513,"926172,68","6694342,74",0,D,0,ACCROCHE,25PR2D,25PR3D,SC,SC,SC,SC,2038,3074,1036,25,DIRE
13420,02/01/2026,N0057,900,3,25,N,0,178513,"926172,68","6694342,74",0,4,25,N,0,179413,"925832,98","6693473,5",0,D,0,ACCROCHE,25PR3D,25PR4D,SC,SC,SC,SC,3074,3974,900,25,DIRE
13423,02/01/2026,N0057,991,4,25,N,0,179413,"925832,98","6693473,5",0,5,25,N,0,180404,"925661,18","6692497,75",0,D,0,ACCROCHE,25PR4D,25PR5D,SC,SC,SC,SC,3974,4965,991,25,DIRE
13429,02/01/2026,N0057,990,5,25,N,0,180404,"925661,18","6692497,75",0,6,25,N,0,181394,"925506,53","6691523,75",0,D,0,ACCROCHE,25PR5D,25PR6D,SC,SC,SC,SC,4965,5955,990,25,DIRE
13425,02/01/2026,N0057,995,6,25,N,0,181394,"925506,53","6691523,75",0,7,25,N,0,182389,"926071,46","6690812,5",0,D,0,ACCROCHE,25PR6D,25PR7D,SC,SC,SC,SC,5955,6950,995,25,DIRE
13430,02/01/2026,N0057,565,7,25,N,0,182389,"926071,46","6690812,5",0,8,25,N,0,182954,"926386,59","6690352,53",0,D,0,ACCROCHE,25PR7D,25PR8D,SC,SC,SC,SC,6950,7515,565,25,DIRE
13432,02/01/2026,N0057,1350,8,25,N,0,182954,"926386,59","6690352,53",0,9,25,N,0,184304,"927207,69","6689248,27",0,D,0,ACCROCHE,25PR8D,25PR9D,SC,SC,SC,SC,7515,8865,1350,25,DIRE
13426,02/01/2026,N0057,1350,9,25,N,0,184304,"927207,69","6689248,27",0,10,25,N,0,185654,"926500,09","6688258,29",0,D,0,ACCROCHE,25PR9D,25PR10D,SC,SC,SC,SC,8865,10215,1350,25,DIRE
13424,02/01/2026,N0057,1350,10,25,N,0,185654,"926500,09","6688258,29",0,11,25,N,0,187004,"925613,01","6687344,48",0,D,0,ACCROCHE,25PR10D,25PR11D,SC,SC,SC,SC,10215,11565,1350,25,DIRE
13421,02/01/2026,N0057,1350,11,25,N,0,187004,"925613,01","6687344,48",0,12,25,N,0,188354,"925353,66","6686080,6",0,D,0,ACCROCHE,25PR11D,25PR12D,SC,SC,SC,SC,11565,12915,1350,25,DIRE
13431,02/01/2026,N0057,980,12,25,N,0,188354,"925353,66","6686080,6",0,12,25,N,980,189334,"925469,09","6685211,57",0,D,0,ACCROCHE,25PR12D,FF25PR12D,SC,SC,FF,FF,12915,13895,980,25,DIRE
13407,02/01/2026,N0057,969,0,25,N,0,175401,"927036,62","6697223,56",0,1,25,N,0,176370,"926705,02","6696286,26",0,G,0,ACCROCHE,25PR0G,25PR1G,CS,CS,SC,SC,0,969,969,25,DIRE
13415,02/01/2026,N0057,1034,1,25,N,0,176370,"926705,02","6696286,26",0,2,25,N,0,177404,"926415,29","6695311,04",0,G,0,ACCROCHE,25PR1G,25PR2G,SC,SC,SC,SC,969,2003,1034,25,DIRE
13418,02/01/2026,N0057,1041,2,25,N,0,177404,"926415,29","6695311,04",0,3,25,N,0,178445,"926181,65","6694330,31",0,G,0,ACCROCHE,25PR2G,25PR3G,SC,SC,SC,SC,2003,3044,1041,25,DIRE
13411,02/01/2026,N0057,896,3,25,N,0,178445,"926181,65","6694330,31",0,4,25,N,0,179341,"925840,88","6693471,76",0,G,0,ACCROCHE,25PR3G,25PR4G,SC,SC,SC,SC,3044,3940,896,25,DIRE
13414,02/01/2026,N0057,991,4,25,N,0,179341,"925840,88","6693471,76",0,5,25,N,0,180332,"925670,89","6692496,06",0,G,0,ACCROCHE,25PR4G,25PR5G,SC,SC,SC,SC,3940,4931,991,25,DIRE
13413,02/01/2026,N0057,991,5,25,N,0,180332,"925670,89","6692496,06",0,6,25,N,0,181323,"925516,04","6691522,11",0,G,0,ACCROCHE,25PR5G,25PR6G,SC,SC,SC,SC,4931,5922,991,25,DIRE
13417,02/01/2026,N0057,986,6,25,N,0,181323,"925516,04","6691522,11",0,7,25,N,0,182309,"926081,4","6690815,24",0,G,0,ACCROCHE,25PR6G,25PR7G,SC,SC,SC,SC,5922,6908,986,25,DIRE
13410,02/01/2026,N0057,565,7,25,N,0,182309,"926081,4","6690815,24",0,8,25,N,0,182874,"926394,6","6690356,24",0,G,0,ACCROCHE,25PR7G,25PR8G,SC,SC,SC,SC,6908,7473,565,25,DIRE
13412,02/01/2026,N0057,1383,8,25,N,0,182874,"926394,6","6690356,24",0,9,25,N,0,184257,"927219,76","6689253,49",0,G,0,ACCROCHE,25PR8G,25PR9G,SC,SC,SC,SC,7473,8856,1383,25,DIRE
13408,02/01/2026,N0057,1342,9,25,N,0,184257,"927219,76","6689253,49",0,10,25,N,0,185599,"926513,78","6688243,2",0,G,0,ACCROCHE,25PR9G,25PR10G,SC,SC,SC,SC,8856,10198,1342,25,DIRE
13409,02/01/2026,N0057,1333,10,25,N,0,185599,"926513,78","6688243,2",0,11,25,N,0,186932,"925623,66","6687343,15",0,G,0,ACCROCHE,25PR10G,25PR11G,SC,SC,SC,SC,10198,11531,1333,25,DIRE
13416,02/01/2026,N0057,1336,11,25,N,0,186932,"925623,66","6687343,15",0,12,25,N,0,188268,"925363,29","6686086,01",0,G,0,ACCROCHE,25PR11G,25PR12G,SC,SC,SC,SC,11531,12867,1336,25,DIRE
13419,02/01/2026,N0057,980,12,25,N,0,188268,"925363,29","6686086,01",0,12,25,N,980,189248,"925469,09","6685211,57",0,G,0,ACCROCHE,25PR12G,FF25PR12D,SC,SC,FF,FF,12867,13847,980,25,DIRE
9840,02/01/2026,N0057,90,45,70,N,0,138359,"937690,92","6730202,03",0,45,70,N,90,138449,"937758,45","6730169,32",0,I,0,ACCROCHE,70PR45U,DF70PR45U,FD,FD,DF,DF,0,90,90,70,DIRE
9838,02/01/2026,N0057,52,45,70,N,90,138423,"937758,45","6730169,32",0,45,70,N,142,138475,"937770,68","6730133,72",0,G,0,ACCROCHE,DF70PR45U,FF70PR45U,DF,DF,FF,FF,0,52,52,70,DIRE
9837,02/01/2026,N0057,39,45,70,N,90,138449,"937758,45","6730169,32",0,45,70,N,129,138488,"937770,68","6730133,72",0,D,0,ACCROCHE,DF70PR45U,FF70PR45U,DF,DF,FF,FF,0,39,39,70,DIRE
10230,02/01/2026,N0057,1216,45,70,N,129,138488,"937770,68","6730133,72",0,46,70,N,0,139704,"936965,11","6729366,3",0,I,0,ACCROCHE,FF70PR45U,70PR46U,FF,FF,SC,SC,0,1216,1216,70,DIRE
10229,02/01/2026,N0057,498,46,70,N,0,139704,"936965,11","6729366,3",0,46,70,N,498,140202,"936841,69","6728886,29",0,I,0,ACCROCHE,70PR46U,DF70PR46U,SC,SC,DF,DF,1216,1714,498,70,DIRE
9429,02/01/2026,N0057,1000,49,54,N,0,0,"934109,12","6835339,27",0,50,54,N,0,1000,"934263,07","6834359,73",0,D,0,ACCROCHE,54PR49D,54PR50D,DR,DR,SC,SC,0,1000,1000,54,DIRE
9420,02/01/2026,N0057,1000,50,54,N,0,1000,"934263,07","6834359,73",0,51,54,N,0,2000,"934753,35","6833559,09",0,D,0,ACCROCHE,54PR50D,54PR51D,SC,SC,SC,SC,1000,2000,1000,54,DIRE
9416,02/01/2026,N0057,1000,51,54,N,0,2000,"934753,35","6833559,09",0,52,54,N,0,3000,"935366,22","6832789,3",0,D,0,ACCROCHE,54PR51D,54PR52D,SC,SC,SC,SC,2000,3000,1000,54,DIRE
9409,02/01/2026,N0057,1000,52,54,N,0,3000,"935366,22","6832789,3",0,53,54,N,0,4000,"936128,41","6832141,08",0,D,0,ACCROCHE,54PR52D,54PR53D,SC,SC,SC,SC,3000,4000,1000,54,DIRE
9423,02/01/2026,N0057,1000,53,54,N,0,4000,"936128,41","6832141,08",0,54,54,N,0,5000,"936601,18","6831270,68",0,D,0,ACCROCHE,54PR53D,54PR54D,SC,SC,SC,SC,4000,5000,1000,54,DIRE
9424,02/01/2026,N0057,1000,54,54,N,0,5000,"936601,18","6831270,68",0,55,54,N,0,6000,"937401,11","6830690,46",0,D,0,ACCROCHE,54PR54D,54PR55D,SC,SC,SC,SC,5000,6000,1000,54,DIRE
9408,02/01/2026,N0057,1000,55,54,N,0,6000,"937401,11","6830690,46",0,56,54,N,0,7000,"938109,17","6830013,38",0,D,0,ACCROCHE,54PR55D,54PR56D,SC,SC,SC,SC,6000,7000,1000,54,DIRE
9421,02/01/2026,N0057,1000,56,54,N,0,7000,"938109,17","6830013,38",0,57,54,N,0,8000,"938608,56","6829151,15",0,D,0,ACCROCHE,54PR56D,54PR57D,SC,SC,SC,SC,7000,8000,1000,54,DIRE
9413,02/01/2026,N0057,1000,57,54,N,0,8000,"938608,56","6829151,15",0,58,54,N,0,9000,"938838,92","6828184,84",0,D,0,ACCROCHE,54PR57D,54PR58D,SC,SC,SC,SC,8000,9000,1000,54,DIRE
9412,02/01/2026,N0057,1000,58,54,N,0,9000,"938838,92","6828184,84",0,59,54,N,0,10000,"938908,45","6827186,1",0,D,0,ACCROCHE,54PR58D,54PR59D,SC,SC,SC,SC,9000,10000,1000,54,DIRE
9422,02/01/2026,N0057,1000,59,54,N,0,10000,"938908,45","6827186,1",0,60,54,N,0,11000,"939211,86","6826236,59",0,D,0,ACCROCHE,54PR59D,54PR60D,SC,SC,SC,SC,10000,11000,1000,54,DIRE
9410,02/01/2026,N0057,1000,60,54,N,0,11000,"939211,86","6826236,59",0,61,54,N,0,12000,"939580,15","6825308,55",0,D,0,ACCROCHE,54PR60D,54PR61D,SC,SC,SC,SC,11000,12000,1000,54,DIRE
9427,02/01/2026,N0057,1000,61,54,N,0,12000,"939580,15","6825308,55",0,62,54,N,0,13000,"939948,8","6824380,47",0,D,0,ACCROCHE,54PR61D,54PR62D,SC,SC,SC,SC,12000,13000,1000,54,DIRE
9426,02/01/2026,N0057,1000,62,54,N,0,13000,"939948,8","6824380,47",0,63,54,N,0,14000,"940055,14","6823413,46",0,D,0,ACCROCHE,54PR62D,54PR63D,SC,SC,SC,SC,13000,14000,1000,54,DIRE
9428,02/01/2026,N0057,1000,63,54,N,0,14000,"940055,14","6823413,46",0,64,54,N,0,15000,"939521,47","6822591,36",0,D,0,ACCROCHE,54PR63D,54PR64D,SC,SC,SC,SC,14000,15000,1000,54,DIRE
9419,02/01/2026,N0057,1000,64,54,N,0,15000,"939521,47","6822591,36",0,65,54,N,0,16000,"939086,27","6821710,38",0,D,0,ACCROCHE,54PR64D,54PR65D,SC,SC,SC,SC,15000,16000,1000,54,DIRE
9417,02/01/2026,N0057,1000,65,54,N,0,16000,"939086,27","6821710,38",0,66,54,N,0,17000,"938927,99","6820715,91",0,D,0,ACCROCHE,54PR65D,54PR66D,SC,SC,SC,SC,16000,17000,1000,54,DIRE
9414,02/01/2026,N0057,1000,66,54,N,0,17000,"938927,99","6820715,91",0,67,54,N,0,18000,"938842,31","6819718,48",0,D,0,ACCROCHE,54PR66D,54PR67D,SC,SC,SC,SC,17000,18000,1000,54,DIRE
9418,02/01/2026,N0057,1000,67,54,N,0,18000,"938842,31","6819718,48",0,68,54,N,0,19000,"938919,91","6818732,47",0,D,0,ACCROCHE,54PR67D,54PR68D,SC,SC,SC,SC,18000,19000,1000,54,DIRE
9425,02/01/2026,N0057,1000,68,54,N,0,19000,"938919,91","6818732,47",0,69,54,N,0,20000,"939068,6","6817755,39",0,D,0,ACCROCHE,54PR68D,54PR69D,SC,SC,SC,SC,19000,20000,1000,54,DIRE
9415,02/01/2026,N0057,1000,69,54,N,0,20000,"939068,6","6817755,39",0,70,54,N,0,21000,"939261,78","6816780,31",0,D,0,ACCROCHE,54PR69D,54PR70D,SC,SC,SC,SC,20000,21000,1000,54,DIRE
9411,02/01/2026,N0057,1000,70,54,N,0,21000,"939261,78","6816780,31",0,0,88,N,0,22000,"939221,77","6815802,88",0,D,0,ACCROCHE,54PR70D,88PR0D,SC,SC,CS,CS,21000,22000,1000,54,DIRE
9389,02/01/2026,N0057,1000,49,54,N,0,0,"934119,8","6835339,43",0,50,54,N,0,1000,"934273,89","6834359,4",0,G,0,ACCROCHE,54PR49G,54PR50G,DR,DR,SC,SC,0,1000,1000,54,DIRE
9384,02/01/2026,N0057,1000,50,54,N,0,1000,"934273,89","6834359,4",0,51,54,N,0,2000,"934758,18","6833567,83",0,G,0,ACCROCHE,54PR50G,54PR51G,SC,SC,SC,SC,1000,2000,1000,54,DIRE
9378,02/01/2026,N0057,1000,51,54,N,0,2000,"934758,18","6833567,83",0,52,54,N,0,3000,"935374,38","6832795,74",0,G,0,ACCROCHE,54PR51G,54PR52G,SC,SC,SC,SC,2000,3000,1000,54,DIRE
9387,02/01/2026,N0057,1000,52,54,N,0,3000,"935374,38","6832795,74",0,53,54,N,0,4000,"936136,02","6832148,12",0,G,0,ACCROCHE,54PR52G,54PR53G,SC,SC,SC,SC,3000,4000,1000,54,DIRE
9393,02/01/2026,N0057,1000,53,54,N,0,4000,"936136,02","6832148,12",0,54,54,N,0,5000,"936609,49","6831276,61",0,G,0,ACCROCHE,54PR53G,54PR54G,SC,SC,SC,SC,4000,5000,1000,54,DIRE
9377,02/01/2026,N0057,1000,54,54,N,0,5000,"936609,49","6831276,61",0,55,54,N,0,6000,"937405,82","6830699,2",0,G,0,ACCROCHE,54PR54G,54PR55G,SC,SC,SC,SC,5000,6000,1000,54,DIRE
9385,02/01/2026,N0057,1000,55,54,N,0,6000,"937405,82","6830699,2",0,56,54,N,0,7000,"938117,74","6830018,58",0,G,0,ACCROCHE,54PR55G,54PR56G,SC,SC,SC,SC,6000,7000,1000,54,DIRE
9391,02/01/2026,N0057,1000,56,54,N,0,7000,"938117,74","6830018,58",0,57,54,N,0,8000,"938617,6","6829155,18",0,G,0,ACCROCHE,54PR56G,54PR57G,SC,SC,SC,SC,7000,8000,1000,54,DIRE
9380,02/01/2026,N0057,1000,57,54,N,0,8000,"938617,6","6829155,18",0,58,54,N,0,9000,"938849,17","6828185,4",0,G,0,ACCROCHE,54PR57G,54PR58G,SC,SC,SC,SC,8000,9000,1000,54,DIRE
9386,02/01/2026,N0057,1000,58,54,N,0,9000,"938849,17","6828185,4",0,59,54,N,0,10000,"938918,3","6827187,78",0,G,0,ACCROCHE,54PR58G,54PR59G,SC,SC,SC,SC,9000,10000,1000,54,DIRE
9390,02/01/2026,N0057,1000,59,54,N,0,10000,"938918,3","6827187,78",0,60,54,N,0,11000,"939221,04","6826240,24",0,G,0,ACCROCHE,54PR59G,54PR60G,SC,SC,SC,SC,10000,11000,1000,54,DIRE
9396,02/01/2026,N0057,1000,60,54,N,0,11000,"939221,04","6826240,24",0,61,54,N,0,12000,"939589,56","6825312,28",0,G,0,ACCROCHE,54PR60G,54PR61G,SC,SC,SC,SC,11000,12000,1000,54,DIRE
9394,02/01/2026,N0057,1000,61,54,N,0,12000,"939589,56","6825312,28",0,62,54,N,0,13000,"939958,15","6824384,18",0,G,0,ACCROCHE,54PR61G,54PR62G,SC,SC,SC,SC,12000,13000,1000,54,DIRE
9392,02/01/2026,N0057,1000,62,54,N,0,13000,"939958,15","6824384,18",0,63,54,N,0,14000,"940065,08","6823410,86",0,G,0,ACCROCHE,54PR62G,54PR63G,SC,SC,SC,SC,13000,14000,1000,54,DIRE
9379,02/01/2026,N0057,1000,63,54,N,0,14000,"940065,08","6823410,86",0,64,54,N,0,15000,"939529,38","6822584,7",0,G,0,ACCROCHE,54PR63G,54PR64G,SC,SC,SC,SC,14000,15000,1000,54,DIRE
9382,02/01/2026,N0057,1000,64,54,N,0,15000,"939529,38","6822584,7",0,65,54,N,0,16000,"939096,29","6821708,59",0,G,0,ACCROCHE,54PR64G,54PR65G,SC,SC,SC,SC,15000,16000,1000,54,DIRE
9388,02/01/2026,N0057,1000,65,54,N,0,16000,"939096,29","6821708,59",0,66,54,N,0,17000,"938937,84","6820714,89",0,G,0,ACCROCHE,54PR65G,54PR66G,SC,SC,SC,SC,16000,17000,1000,54,DIRE
9381,02/01/2026,N0057,1000,66,54,N,0,17000,"938937,84","6820714,89",0,67,54,N,0,18000,"938852,4","6819718,49",0,G,0,ACCROCHE,54PR66G,54PR67G,SC,SC,SC,SC,17000,18000,1000,54,DIRE
9376,02/01/2026,N0057,1000,67,54,N,0,18000,"938852,4","6819718,49",0,68,54,N,0,19000,"938929,54","6818733,4",0,G,0,ACCROCHE,54PR67G,54PR68G,SC,SC,SC,SC,18000,19000,1000,54,DIRE
9383,02/01/2026,N0057,1000,68,54,N,0,19000,"938929,54","6818733,4",0,69,54,N,0,20000,"939078,31","6817757,36",0,G,0,ACCROCHE,54PR68G,54PR69G,SC,SC,SC,SC,19000,20000,1000,54,DIRE
9397,02/01/2026,N0057,1000,69,54,N,0,20000,"939078,31","6817757,36",0,70,54,N,0,21000,"939271,6","6816782,24",0,G,0,ACCROCHE,54PR69G,54PR70G,SC,SC,SC,SC,20000,21000,1000,54,DIRE
9395,02/01/2026,N0057,1000,70,54,N,0,21000,"939271,6","6816782,24",0,0,88,N,0,22000,"939231,5","6815800,75",0,G,0,ACCROCHE,54PR70G,88PR0G,SC,SC,CS,CS,21000,22000,1000,54,DIRE
3660,02/01/2026,N0057,1006,0,70,N,0,93849,"956839,31","6764655,88",0,1,70,N,0,94855,"956071,76","6764088,65",0,I,0,ACCROCHE,70PR0U,70PR1U,CS,CS,SC,SC,0,1006,1006,70,DIRE
3658,02/01/2026,N0057,1007,1,70,N,0,94855,"956071,76","6764088,65",0,2,70,N,0,95862,955245,"6763516,59",0,I,0,ACCROCHE,70PR1U,70PR2U,SC,SC,SC,SC,1006,2013,1007,70,DIRE
3661,02/01/2026,N0057,1007,2,70,N,0,95862,955245,"6763516,59",0,3,70,N,0,96869,"954586,97","6762766,68",0,I,0,ACCROCHE,70PR2U,70PR3U,SC,SC,SC,SC,2013,3020,1007,70,DIRE
3662,02/01/2026,N0057,1008,3,70,N,0,96869,"954586,97","6762766,68",0,4,70,N,0,97877,"954540,23","6761792,4",0,I,0,ACCROCHE,70PR3U,70PR4U,SC,SC,SC,SC,3020,4028,1008,70,DIRE
3657,02/01/2026,N0057,996,4,70,N,0,97877,"954540,23","6761792,4",0,5,70,N,0,98873,"954134,72","6760903,16",0,I,0,ACCROCHE,70PR4U,70PR5U,SC,SC,SC,SC,4028,5024,996,70,DIRE
3665,02/01/2026,N0057,996,5,70,N,0,98873,"954134,72","6760903,16",0,6,70,N,0,99869,"953483,8","6760137,8",0,I,0,ACCROCHE,70PR5U,70PR6U,SC,SC,SC,SC,5024,6020,996,70,DIRE
3659,02/01/2026,N0057,992,6,70,N,0,99869,"953483,8","6760137,8",0,7,70,N,0,100861,"953004,79","6759295,16",0,I,0,ACCROCHE,70PR6U,70PR7U,SC,SC,SC,SC,6020,7012,992,70,DIRE
3663,02/01/2026,N0057,992,7,70,N,0,100861,"953004,79","6759295,16",0,8,70,N,0,101853,"952758,7","6758337,7",0,I,0,ACCROCHE,70PR7U,70PR8U,SC,SC,SC,SC,7012,8004,992,70,DIRE
3656,02/01/2026,N0057,995,8,70,N,0,101853,"952758,7","6758337,7",0,9,70,N,0,102848,"952754,49","6757288,66",0,I,0,ACCROCHE,70PR8U,70PR9U,SC,SC,SC,SC,8004,8999,995,70,DIRE
3664,02/01/2026,N0057,155,9,70,N,0,102848,"952754,49","6757288,66",0,9,70,N,155,103003,"952756,66","6757115,13",0,I,0,ACCROCHE,70PR9U,DF70PR9U,SC,SC,DF,DF,8999,9154,155,70,DIRE
3648,02/01/2026,N0057,806,9,70,N,155,103003,"952756,66","6757115,13",0,10,70,N,0,103809,"952812,33","6756339,3",0,D,0,ACCROCHE,DF70PR9U,70PR10D,DF,DF,SC,SC,0,806,806,70,DIRE
3649,02/01/2026,N0057,970,10,70,N,0,103809,"952812,33","6756339,3",0,11,70,N,0,104779,"953122,06","6755442,97",0,D,0,ACCROCHE,70PR10D,70PR11D,SC,SC,SC,SC,806,1776,970,70,DIRE
3655,02/01/2026,N0057,720,11,70,N,0,104779,"953122,06","6755442,97",0,12,70,N,0,105499,"953622,18","6754925,88",0,D,0,ACCROCHE,70PR11D,70PR12D,SC,SC,SC,SC,1776,2496,720,70,DIRE
3653,02/01/2026,N0057,1005,12,70,N,0,105499,"953622,18","6754925,88",0,13,70,N,0,106504,"954329,55","6754221,08",0,D,0,ACCROCHE,70PR12D,70PR13D,SC,SC,SC,SC,2496,3501,1005,70,DIRE
3650,02/01/2026,N0057,996,13,70,N,0,106504,"954329,55","6754221,08",0,14,70,N,0,107500,"954470,64","6753288,15",0,D,0,ACCROCHE,70PR13D,70PR14D,SC,SC,SC,SC,3501,4497,996,70,DIRE
3654,02/01/2026,N0057,1002,14,70,N,0,107500,"954470,64","6753288,15",0,15,70,N,0,108502,"953958,15","6752456,96",0,D,0,ACCROCHE,70PR14D,70PR15D,SC,SC,SC,SC,4497,5499,1002,70,DIRE
3651,02/01/2026,N0057,1124,15,70,N,0,108502,"953958,15","6752456,96",0,16,70,N,0,109626,"954171,71","6751409,45",0,D,0,ACCROCHE,70PR15D,70PR16D,SC,SC,SC,SC,5499,6623,1124,70,DIRE
3652,02/01/2026,N0057,1031,16,70,N,0,109626,"954171,71","6751409,45",0,16,70,N,1031,110657,"954777,94","6750564,93",0,D,0,ACCROCHE,70PR16D,FF70PR16D,SC,SC,FF,FF,6623,7654,1031,70,DIRE
3646,02/01/2026,N0057,800,9,70,N,155,102916,"952756,66","6757115,13",0,10,70,N,0,103716,"952822,12","6756341,34",0,G,0,ACCROCHE,DF70PR9U,70PR10G,DF,DF,SC,SC,0,800,800,70,DIRE
3644,02/01/2026,N0057,960,10,70,N,0,103716,"952822,12","6756341,34",0,11,70,N,0,104676,"953133,1","6755445,11",0,G,0,ACCROCHE,70PR10G,70PR11G,SC,SC,SC,SC,800,1760,960,70,DIRE
3647,02/01/2026,N0057,719,11,70,N,0,104676,"953133,1","6755445,11",0,12,70,N,0,105395,"953629,2","6754933,02",0,G,0,ACCROCHE,70PR11G,70PR12G,SC,SC,SC,SC,1760,2479,719,70,DIRE
3645,02/01/2026,N0057,1006,12,70,N,0,105395,"953629,2","6754933,02",0,13,70,N,0,106401,"954337,12","6754227,45",0,G,0,ACCROCHE,70PR12G,70PR13G,SC,SC,SC,SC,2479,3485,1006,70,DIRE
3641,02/01/2026,N0057,1016,13,70,N,0,106401,"954337,12","6754227,45",0,14,70,N,0,107417,"954479,96","6753284,07",0,G,0,ACCROCHE,70PR13G,70PR14G,SC,SC,SC,SC,3485,4501,1016,70,DIRE
3643,02/01/2026,N0057,1000,14,70,N,0,107417,"954479,96","6753284,07",0,15,70,N,0,108417,"953967,91","6752453,51",0,G,0,ACCROCHE,70PR14G,70PR15G,SC,SC,SC,SC,4501,5501,1000,70,DIRE
3642,02/01/2026,N0057,1104,15,70,N,0,108417,"953967,91","6752453,51",0,16,70,N,0,109521,"954178,21","6751416,8",0,G,0,ACCROCHE,70PR15G,70PR16G,SC,SC,SC,SC,5501,6605,1104,70,DIRE
3640,02/01/2026,N0057,1031,16,70,N,0,109521,"954178,21","6751416,8",0,16,70,N,1031,110552,"954777,94","6750564,93",0,G,0,ACCROCHE,70PR16G,FF70PR16D,SC,SC,FF,FF,6605,7636,1031,70,DIRE
3639,02/01/2026,N0057,945,25,70,N,78,119237,"949715,98","6744484,03",0,26,70,N,0,120182,"949225,33","6743692,83",0,D,0,ACCROCHE,DF70PR25U,70PR26D,DF,DF,SC,SC,0,945,945,70,DIRE
3637,02/01/2026,N0057,946,26,70,N,0,120182,"949225,33","6743692,83",0,27,70,N,0,121128,"948755,82","6742886,04",0,D,0,ACCROCHE,70PR26D,70PR27D,SC,SC,SC,SC,945,1891,946,70,DIRE
3638,02/01/2026,N0057,215,27,70,N,0,121128,"948755,82","6742886,04",0,27,70,N,215,121343,"948663,63","6742689,66",0,D,0,ACCROCHE,70PR27D,FF70PR27D,SC,SC,FF,FF,1891,2106,215,70,DIRE
3634,02/01/2026,N0057,945,25,70,N,78,119138,"949715,98","6744484,03",0,26,70,N,0,120083,"949232,76","6743686,49",0,G,0,ACCROCHE,DF70PR25U,70PR26G,DF,DF,SC,SC,0,945,945,70,DIRE
3635,02/01/2026,N0057,946,26,70,N,0,120083,"949232,76","6743686,49",0,27,70,N,0,121029,"948764,54","6742881,73",0,G,0,ACCROCHE,70PR26G,70PR27G,SC,SC,SC,SC,945,1891,946,70,DIRE
3636,02/01/2026,N0057,215,27,70,N,0,121029,"948764,54","6742881,73",0,27,70,N,215,121244,"948663,63","6742689,66",0,G,0,ACCROCHE,70PR27G,FF70PR27D,SC,SC,FF,FF,1891,2106,215,70,DIRE
30295,02/01/2026,N0083,360,57,39,N,0,0,"899740,56","6641236,13",0,58,39,N,0,360,"899984,76","6641502,68",0,I,0,ACCROCHE,39PR57U,39PR58U,DR,DR,SC,SC,0,360,360,39,DIRE
30293,02/01/2026,N0083,1013,58,39,N,0,360,"899984,76","6641502,68",0,59,39,N,0,1373,"900938,89","6641707,81",0,I,0,ACCROCHE,39PR58U,39PR59U,SC,SC,SC,SC,360,1373,1013,39,DIRE
30294,02/01/2026,N0083,825,59,39,N,0,1373,"900938,89","6641707,81",0,59,39,N,825,2198,"901777,44","6641688,11",0,I,0,ACCROCHE,39PR59U,DF39PR59U,SC,SC,DF,DF,1373,2198,825,39,DIRE
30289,02/01/2026,N0083,75,59,39,N,825,2198,"901777,44","6641688,11",0,60,39,N,0,2273,"901849,92","6641668,7",0,D,0,ACCROCHE,DF39PR59U,39PR60D,DF,DF,SC,SC,0,75,75,39,DIRE
30287,02/01/2026,N0083,1000,60,39,N,0,2273,"901849,92","6641668,7",0,61,39,N,0,3273,"902820,97","6641412,44",0,D,0,ACCROCHE,39PR60D,39PR61D,SC,SC,SC,SC,75,1075,1000,39,DIRE
30288,02/01/2026,N0083,1000,61,39,N,0,3273,"902820,97","6641412,44",0,62,39,N,0,4273,"903795,66","6641153,77",0,D,0,ACCROCHE,39PR61D,39PR62D,SC,SC,SC,SC,1075,2075,1000,39,DIRE
30290,02/01/2026,N0083,170,62,39,N,0,4273,"903795,66","6641153,77",0,62,39,N,170,4443,"903991,41","6641021,38",0,D,0,ACCROCHE,39PR62D,FF39PR62D,SC,SC,FF,FF,2075,2245,170,39,DIRE
30195,02/01/2026,N0083,75,59,39,N,825,2198,"901777,44","6641688,11",0,60,39,N,0,2273,"901851,78","6641676,03",0,G,0,ACCROCHE,DF39PR59U,39PR60G,DF,DF,SC,SC,0,75,75,39,DIRE
30197,02/01/2026,N0083,1000,60,39,N,0,2273,"901851,78","6641676,03",0,61,39,N,0,3273,"902823,38","6641424,33",0,G,0,ACCROCHE,39PR60G,39PR61G,SC,SC,SC,SC,75,1075,1000,39,DIRE
30198,02/01/2026,N0083,1000,61,39,N,0,3273,"902823,38","6641424,33",0,62,39,N,0,4273,"903802,28","6641163,78",0,G,0,ACCROCHE,39PR61G,39PR62G,SC,SC,SC,SC,1075,2075,1000,39,DIRE
30196,02/01/2026,N0083,238,62,39,N,0,4273,"903802,28","6641163,78",0,62,39,N,238,4511,"903991,41","6641021,38",0,G,0,ACCROCHE,39PR62G,FF39PR62D,SC,SC,FF,FF,2075,2313,238,39,DIRE
22876,02/01/2026,N0083,220,28,25,N,270,57016,"927045,97","6683073,14",0,28,25,N,490,57236,"926986,47","6683229,12",0,D,0,ACCROCHE,DF25PR28U,FRD,DF,DF,FR,FR,0,220,220,25,DIRE
22875,02/01/2026,N0083,171,28,25,N,270,57106,"927045,97","6683073,14",0,28,25,N,441,57277,"926967,65","6683215,31",0,G,0,ACCROCHE,DF25PR28U,FRG,DF,DF,FR,FR,0,171,171,25,DIRE
22873,02/01/2026,N0083,1091,0,25,N,0,29465,"916212,76","6660235,08",0,1,25,N,0,30556,"916958,6","6660998,64",0,I,0,ACCROCHE,25PR0U,25PR1U,CS,CS,SC,SC,0,1091,1091,25,DIRE
22852,02/01/2026,N0083,998,1,25,N,0,30556,"916958,6","6660998,64",0,2,25,N,0,31554,"917636,75","6661727,81",0,I,0,ACCROCHE,25PR1U,25PR2U,SC,SC,SC,SC,1091,2089,998,25,DIRE
22860,02/01/2026,N0083,1004,2,25,N,0,31554,"917636,75","6661727,81",0,3,25,N,0,32558,"917963,26","6662655,92",0,I,0,ACCROCHE,25PR2U,25PR3U,SC,SC,SC,SC,2089,3093,1004,25,DIRE
22874,02/01/2026,N0083,1004,3,25,N,0,32558,"917963,26","6662655,92",0,4,25,N,0,33562,"918170,08","6663629,33",0,I,0,ACCROCHE,25PR3U,25PR4U,SC,SC,SC,SC,3093,4097,1004,25,DIRE
22865,02/01/2026,N0083,1000,4,25,N,0,33562,"918170,08","6663629,33",0,5,25,N,0,34562,"918328,09","6664606,91",0,I,0,ACCROCHE,25PR4U,25PR5U,SC,SC,SC,SC,4097,5097,1000,25,DIRE
22856,02/01/2026,N0083,1005,5,25,N,0,34562,"918328,09","6664606,91",0,6,25,N,0,35567,"918567,71","6665580,42",0,I,0,ACCROCHE,25PR5U,25PR6U,SC,SC,SC,SC,5097,6102,1005,25,DIRE
22871,02/01/2026,N0083,1004,6,25,N,0,35567,"918567,71","6665580,42",0,7,25,N,0,36571,"918713,21","6666545,86",0,I,0,ACCROCHE,25PR6U,25PR7U,SC,SC,SC,SC,6102,7106,1004,25,DIRE
22868,02/01/2026,N0083,975,7,25,N,0,36571,"918713,21","6666545,86",0,8,25,N,0,37546,"918656,91","6667514,8",0,I,0,ACCROCHE,25PR7U,25PR8U,SC,SC,SC,SC,7106,8081,975,25,DIRE
22857,02/01/2026,N0083,1000,8,25,N,0,37546,"918656,91","6667514,8",0,9,25,N,0,38546,"918702,33","6668508,12",0,I,0,ACCROCHE,25PR8U,25PR9U,SC,SC,SC,SC,8081,9081,1000,25,DIRE
22872,02/01/2026,N0083,1000,9,25,N,0,38546,"918702,33","6668508,12",0,10,25,N,0,39546,"918941,14","6669443,98",0,I,0,ACCROCHE,25PR9U,25PR10U,SC,SC,SC,SC,9081,10081,1000,25,DIRE
22859,02/01/2026,N0083,1000,10,25,N,0,39546,"918941,14","6669443,98",0,11,25,N,0,40546,"919498,43","6670233,46",0,I,0,ACCROCHE,25PR10U,25PR11U,SC,SC,SC,SC,10081,11081,1000,25,DIRE
22866,02/01/2026,N0083,1000,11,25,N,0,40546,"919498,43","6670233,46",0,12,25,N,0,41546,"920003,41","6671026,58",0,I,0,ACCROCHE,25PR11U,25PR12U,SC,SC,SC,SC,11081,12081,1000,25,DIRE
22853,02/01/2026,N0083,685,12,25,N,0,41546,"920003,41","6671026,58",0,13,25,N,0,42231,"920173,1","6671680,48",0,I,0,ACCROCHE,25PR12U,25PR13U,SC,SC,SC,SC,12081,12766,685,25,DIRE
22864,02/01/2026,N0083,667,13,25,N,0,42231,"920173,1","6671680,48",0,14,25,N,0,42898,"920445,72","6672277,4",0,I,0,ACCROCHE,25PR13U,25PR14U,SC,SC,SC,SC,12766,13433,667,25,DIRE
22858,02/01/2026,N0083,977,14,25,N,0,42898,"920445,72","6672277,4",0,15,25,N,0,43875,"920793,54","6673185,35",0,I,0,ACCROCHE,25PR14U,25PR15U,SC,SC,SC,SC,13433,14410,977,25,DIRE
22869,02/01/2026,N0083,994,15,25,N,0,43875,"920793,54","6673185,35",0,16,25,N,0,44869,"921249,34","6674068,1",0,I,0,ACCROCHE,25PR15U,25PR16U,SC,SC,SC,SC,14410,15404,994,25,DIRE
22861,02/01/2026,N0083,1010,16,25,N,0,44869,"921249,34","6674068,1",0,17,25,N,0,45879,"921864,56","6674844,24",0,I,0,ACCROCHE,25PR16U,25PR17U,SC,SC,SC,SC,15404,16414,1010,25,DIRE
22862,02/01/2026,N0083,994,17,25,N,0,45879,"921864,56","6674844,24",0,18,25,N,0,46873,"922279,35","6675752,39",0,I,0,ACCROCHE,25PR17U,25PR18U,SC,SC,SC,SC,16414,17408,994,25,DIRE
22867,02/01/2026,N0083,987,18,25,N,0,46873,"922279,35","6675752,39",0,19,25,N,0,47860,"922703,85","6676632,35",0,I,0,ACCROCHE,25PR18U,25PR19U,SC,SC,SC,SC,17408,18395,987,25,DIRE
22863,02/01/2026,N0083,996,19,25,N,0,47860,"922703,85","6676632,35",0,20,25,N,0,48856,"923390,61","6677330,16",0,I,0,ACCROCHE,25PR19U,25PR20U,SC,SC,SC,SC,18395,19391,996,25,DIRE
22855,02/01/2026,N0083,995,20,25,N,0,48856,"923390,61","6677330,16",0,21,25,N,0,49851,"923900,84","6678161,76",0,I,0,ACCROCHE,25PR20U,25PR21U,SC,SC,SC,SC,19391,20386,995,25,DIRE
22854,02/01/2026,N0083,990,21,25,N,0,49851,"923900,84","6678161,76",0,22,25,N,0,50841,"924414,12","6678956,15",0,I,0,ACCROCHE,25PR21U,25PR22U,SC,SC,SC,SC,20386,21376,990,25,DIRE
22870,02/01/2026,N0083,85,22,25,N,0,50841,"924414,12","6678956,15",0,22,25,N,85,50926,"924417,99","6679041,2",0,I,0,ACCROCHE,25PR22U,DF25PR22U,SC,SC,DF,DF,21376,21461,85,25,DIRE
22851,02/01/2026,N0083,490,22,25,N,85,50926,"924417,99","6679041,2",0,22,25,N,575,51416,"924456,87","6679513,34",0,D,0,ACCROCHE,DF25PR22U,FF25PR22U,DF,DF,FF,FF,0,490,490,25,DIRE
22850,02/01/2026,N0083,504,22,25,N,85,51002,"924417,99","6679041,2",0,22,25,N,589,51506,"924456,87","6679513,34",0,G,0,ACCROCHE,DF25PR22U,FF25PR22U,DF,DF,FF,FF,0,504,504,25,DIRE
22846,02/01/2026,N0083,414,22,25,N,575,51416,"924456,87","6679513,34",0,23,25,N,0,51830,"924237,53","6679771,89",0,I,0,ACCROCHE,FF25PR22U,25PR23U,FF,FF,SC,SC,0,414,414,25,DIRE
22845,02/01/2026,N0083,960,23,25,N,0,51830,"924237,53","6679771,89",0,24,25,N,0,52790,"924537,77","6680600,47",0,I,0,ACCROCHE,25PR23U,25PR24U,SC,SC,SC,SC,414,1374,960,25,DIRE
22844,02/01/2026,N0083,990,24,25,N,0,52790,"924537,77","6680600,47",0,25,25,N,0,53780,"924671,02","6681514,6",0,I,0,ACCROCHE,25PR24U,25PR25U,SC,SC,SC,SC,1374,2364,990,25,DIRE
22849,02/01/2026,N0083,972,25,25,N,0,53780,"924671,02","6681514,6",0,26,25,N,0,54752,"925529,68","6681764,69",0,I,0,ACCROCHE,25PR25U,25PR26U,SC,SC,SC,SC,2364,3336,972,25,DIRE
22843,02/01/2026,N0083,1008,26,25,N,0,54752,"925529,68","6681764,69",0,27,25,N,0,55760,"926414,48","6682015,66",0,I,0,ACCROCHE,25PR26U,25PR27U,SC,SC,SC,SC,3336,4344,1008,25,DIRE
22847,02/01/2026,N0083,986,27,25,N,0,55760,"926414,48","6682015,66",0,28,25,N,0,56746,"926962,37","6682817,78",0,I,0,ACCROCHE,25PR27U,25PR28U,SC,SC,SC,SC,4344,5330,986,25,DIRE
22848,02/01/2026,N0083,270,28,25,N,0,56746,"926962,37","6682817,78",0,28,25,N,270,57016,"927045,97","6683073,14",0,I,0,ACCROCHE,25PR28U,DF25PR28U,SC,SC,DF,DF,5330,5600,270,25,DIRE
15719,02/01/2026,N0083,828,62,39,N,170,4443,"903991,41","6641021,38",0,63,39,N,0,5271,"904740,4","6640932,54",0,I,0,ACCROCHE,FF39PR62D,39PR63U,FF,FF,SC,SC,0,828,828,39,DIRE
15718,02/01/2026,N0083,111,63,39,N,0,5271,"904740,4","6640932,54",0,63,39,N,111,5382,"904850,13","6640930,18",0,I,0,ACCROCHE,39PR63U,DF39PR63U,SC,SC,DF,DF,828,939,111,39,DIRE
15713,02/01/2026,N0083,124,63,39,N,111,5382,"904850,13","6640930,18",0,63,39,N,235,5506,"904963,66","6640919,56",0,D,0,ACCROCHE,DF39PR63U,FF39PR63U,DF,DF,FF,FF,0,124,124,39,DIRE
15712,02/01/2026,N0083,132,63,39,N,111,5450,"904850,13","6640930,18",0,63,39,N,243,5582,"904963,66","6640919,56",0,G,0,ACCROCHE,DF39PR63U,FF39PR63U,DF,DF,FF,FF,0,132,132,39,DIRE
15702,02/01/2026,N0083,756,63,39,N,235,5506,"904963,66","6640919,56",0,64,39,N,0,6262,"905586,99","6641180,62",0,I,0,ACCROCHE,FF39PR63U,39PR64U,FF,FF,SC,SC,0,756,756,39,DIRE
15692,02/01/2026,N0083,998,64,39,N,0,6262,"905586,99","6641180,62",0,65,39,N,0,7260,"906017,7","6642070,47",0,I,0,ACCROCHE,39PR64U,39PR65U,SC,SC,SC,SC,756,1754,998,39,DIRE
15696,02/01/2026,N0083,660,65,39,N,0,7260,"906017,7","6642070,47",0,66,39,N,0,7920,"906470,22","6642555,3",0,I,0,ACCROCHE,39PR65U,39PR66U,SC,SC,SC,SC,1754,2414,660,39,DIRE
15689,02/01/2026,N0083,994,66,39,N,0,7920,"906470,22","6642555,3",0,67,39,N,0,8914,906611,"6643513,93",0,I,0,ACCROCHE,39PR66U,39PR67U,SC,SC,SC,SC,2414,3408,994,39,DIRE
15697,02/01/2026,N0083,1005,67,39,N,0,8914,906611,"6643513,93",0,68,39,N,0,9919,"906873,09","6644486,88",0,I,0,ACCROCHE,39PR67U,39PR68U,SC,SC,SC,SC,3408,4413,1005,39,DIRE
15691,02/01/2026,N0083,1136,68,39,N,0,9919,"906873,09","6644486,88",0,69,39,N,0,11055,"906929,54","6645587,48",0,I,0,ACCROCHE,39PR68U,39PR69U,SC,SC,SC,SC,4413,5549,1136,39,DIRE
15707,02/01/2026,N0083,954,69,39,N,0,11055,"906929,54","6645587,48",0,70,39,N,0,12009,"907498,72","6646264,78",0,I,0,ACCROCHE,39PR69U,39PR70U,SC,SC,SC,SC,5549,6503,954,39,DIRE
15706,02/01/2026,N0083,905,70,39,N,0,12009,"907498,72","6646264,78",0,71,39,N,0,12914,"907848,18","6647060,67",0,I,0,ACCROCHE,39PR70U,39PR71U,SC,SC,SC,SC,6503,7408,905,39,DIRE
15705,02/01/2026,N0083,999,71,39,N,0,12914,"907848,18","6647060,67",0,72,39,N,0,13913,"908533,36","6647739,92",0,I,0,ACCROCHE,39PR71U,39PR72U,SC,SC,SC,SC,7408,8407,999,39,DIRE
15710,02/01/2026,N0083,1001,72,39,N,0,13913,"908533,36","6647739,92",0,73,39,N,0,14914,"909451,29","6648117,58",0,I,0,ACCROCHE,39PR72U,39PR73U,SC,SC,SC,SC,8407,9408,1001,39,DIRE
15701,02/01/2026,N0083,718,73,39,N,0,14914,"909451,29","6648117,58",0,74,39,N,0,15632,"910131,94","6648325,17",0,I,0,ACCROCHE,39PR73U,39PR74U,SC,SC,SC,SC,9408,10126,718,39,DIRE
15690,02/01/2026,N0083,803,74,39,N,0,15632,"910131,94","6648325,17",0,75,39,N,0,16435,"910459,48","6649001,44",0,I,0,ACCROCHE,39PR74U,39PR75U,SC,SC,SC,SC,10126,10929,803,39,DIRE
15687,02/01/2026,N0083,944,75,39,N,0,16435,"910459,48","6649001,44",0,76,39,N,0,17379,"910849,82","6649840,44",0,I,0,ACCROCHE,39PR75U,39PR76U,SC,SC,SC,SC,10929,11873,944,39,DIRE
15709,02/01/2026,N0083,810,76,39,N,0,17379,"910849,82","6649840,44",0,77,39,N,0,18189,"910996,62","6650631,42",0,I,0,ACCROCHE,39PR76U,39PR77U,SC,SC,SC,SC,11873,12683,810,39,DIRE
15699,02/01/2026,N0083,992,77,39,N,0,18189,"910996,62","6650631,42",0,78,39,N,0,19181,"911159,04","6651609,39",0,I,0,ACCROCHE,39PR77U,39PR78U,SC,SC,SC,SC,12683,13675,992,39,DIRE
15694,02/01/2026,N0083,993,78,39,N,0,19181,"911159,04","6651609,39",0,79,39,N,0,20174,"911320,39","6652597,28",0,I,0,ACCROCHE,39PR78U,39PR79U,SC,SC,SC,SC,13675,14668,993,39,DIRE
15711,02/01/2026,N0083,994,79,39,N,0,20174,"911320,39","6652597,28",0,80,39,N,0,21168,"911587,61","6653547,77",0,I,0,ACCROCHE,39PR79U,39PR80U,SC,SC,SC,SC,14668,15662,994,39,DIRE
15688,02/01/2026,N0083,994,80,39,N,0,21168,"911587,61","6653547,77",0,81,39,N,0,22162,"912066,78","6654394,82",0,I,0,ACCROCHE,39PR80U,39PR81U,SC,SC,SC,SC,15662,16656,994,39,DIRE
15695,02/01/2026,N0083,1006,81,39,N,0,22162,"912066,78","6654394,82",0,82,39,N,0,23168,"912448,17","6655316,57",0,I,0,ACCROCHE,39PR81U,39PR82U,SC,SC,SC,SC,16656,17662,1006,39,DIRE
15708,02/01/2026,N0083,995,82,39,N,0,23168,"912448,17","6655316,57",0,83,39,N,0,24163,"912986,13","6656140,2",0,I,0,ACCROCHE,39PR82U,39PR83U,SC,SC,SC,SC,17662,18657,995,39,DIRE
15703,02/01/2026,N0083,1012,83,39,N,0,24163,"912986,13","6656140,2",0,84,39,N,0,25175,"913581,1","6656936,84",0,I,0,ACCROCHE,39PR83U,39PR84U,SC,SC,SC,SC,18657,19669,1012,39,DIRE
15693,02/01/2026,N0083,1200,84,39,N,0,25175,"913581,1","6656936,84",0,85,39,N,0,26375,"914357,68","6657837,33",0,I,0,ACCROCHE,39PR84U,39PR85U,SC,SC,SC,SC,19669,20869,1200,39,DIRE
15704,02/01/2026,N0083,996,85,39,N,0,26375,"914357,68","6657837,33",0,86,39,N,0,27371,"915098,25","6658526,27",0,I,0,ACCROCHE,39PR85U,39PR86U,SC,SC,SC,SC,20869,21865,996,39,DIRE
15698,02/01/2026,N0083,994,86,39,N,0,27371,"915098,25","6658526,27",0,87,39,N,0,28365,"915770,79","6659249,28",0,I,0,ACCROCHE,39PR86U,39PR87U,SC,SC,SC,SC,21865,22859,994,39,DIRE
15700,02/01/2026,N0083,1100,87,39,N,0,28365,"915770,79","6659249,28",0,0,25,N,0,29465,"916212,76","6660235,08",0,I,0,ACCROCHE,39PR87U,25PR0U,SC,SC,CS,CS,22859,23959,1100,39,DIRE
19231,02/01/2026,N0005,1155,44,39,N,0,0,"904913,45","6640907,51",0,45,39,N,0,1155,"905923,77",6640581,0,I,0,ACCROCHE,39PR44U,39PR45U,DR,DR,SC,SC,0,1155,1155,39,DIRE
19199,02/01/2026,N0005,993,45,39,N,0,1155,"905923,77",6640581,0,46,39,N,0,2148,"906814,57","6640495,17",0,I,0,ACCROCHE,39PR45U,39PR46U,SC,SC,SC,SC,1155,2148,993,39,DIRE
19209,02/01/2026,N0005,1006,46,39,N,0,2148,"906814,57","6640495,17",0,47,39,N,0,3154,"907497,47","6639814,07",0,I,0,ACCROCHE,39PR46U,39PR47U,SC,SC,SC,SC,2148,3154,1006,39,DIRE
19223,02/01/2026,N0005,1010,47,39,N,0,3154,"907497,47","6639814,07",0,48,39,N,0,4164,"907743,55","6639876,2",0,I,0,ACCROCHE,39PR47U,39PR48U,SC,SC,SC,SC,3154,4164,1010,39,DIRE
19230,02/01/2026,N0005,979,48,39,N,0,4164,"907743,55","6639876,2",0,49,39,N,0,5143,"908352,28","6639507,58",0,I,0,ACCROCHE,39PR48U,39PR49U,SC,SC,SC,SC,4164,5143,979,39,DIRE
19213,02/01/2026,N0005,1024,49,39,N,0,5143,"908352,28","6639507,58",0,50,39,N,0,6167,"909035,54","6638874,95",0,I,0,ACCROCHE,39PR49U,39PR50U,SC,SC,SC,SC,5143,6167,1024,39,DIRE
19228,02/01/2026,N0005,960,50,39,N,0,6167,"909035,54","6638874,95",0,51,39,N,0,7127,"909990,01","6638818,15",0,I,0,ACCROCHE,39PR50U,39PR51U,SC,SC,SC,SC,6167,7127,960,39,DIRE
19116,02/01/2026,N0005,1000,51,39,N,0,7127,"909990,01","6638818,15",0,52,39,N,0,8127,"910985,41","6638761,29",0,I,0,ACCROCHE,39PR51U,39PR52U,SC,SC,SC,SC,7127,8127,1000,39,DIRE
19235,02/01/2026,N0005,1002,52,39,N,0,8127,"910985,41","6638761,29",0,53,39,N,0,9129,"911926,01","6638722,01",0,I,0,ACCROCHE,39PR52U,39PR53U,SC,SC,SC,SC,8127,9129,1002,39,DIRE
19208,02/01/2026,N0005,1002,53,39,N,0,9129,"911926,01","6638722,01",0,54,39,N,0,10131,"912887,23","6638447,5",0,I,0,ACCROCHE,39PR53U,39PR54U,SC,SC,SC,SC,9129,10131,1002,39,DIRE
19218,02/01/2026,N0005,1016,54,39,N,0,10131,"912887,23","6638447,5",0,55,39,N,0,11147,"913861,15","6638165,54",0,I,0,ACCROCHE,39PR54U,39PR55U,SC,SC,SC,SC,10131,11147,1016,39,DIRE
19232,02/01/2026,N0005,990,55,39,N,0,11147,"913861,15","6638165,54",0,56,39,N,0,12137,"914811,19","6637891,49",0,I,0,ACCROCHE,39PR55U,39PR56U,SC,SC,SC,SC,11147,12137,990,39,DIRE
19203,02/01/2026,N0005,984,56,39,N,0,12137,"914811,19","6637891,49",0,57,39,N,0,13121,915751,"6637608,15",0,I,0,ACCROCHE,39PR56U,39PR57U,SC,SC,SC,SC,12137,13121,984,39,DIRE
19201,02/01/2026,N0005,1041,57,39,N,0,13121,915751,"6637608,15",0,58,39,N,0,14162,"916230,76","6636708,69",0,I,0,ACCROCHE,39PR57U,39PR58U,SC,SC,SC,SC,13121,14162,1041,39,DIRE
19210,02/01/2026,N0005,958,58,39,N,0,14162,"916230,76","6636708,69",0,59,39,N,0,15120,"917002,43","6636153,69",0,I,0,ACCROCHE,39PR58U,39PR59U,SC,SC,SC,SC,14162,15120,958,39,DIRE
19221,02/01/2026,N0005,996,59,39,N,0,15120,"917002,43","6636153,69",0,60,39,N,0,16116,"917810,04","6635574,31",0,I,0,ACCROCHE,39PR59U,39PR60U,SC,SC,SC,SC,15120,16116,996,39,DIRE
19117,02/01/2026,N0005,997,60,39,N,0,16116,"917810,04","6635574,31",0,61,39,N,0,17113,"918744,87","6635249,18",0,I,0,ACCROCHE,39PR60U,39PR61U,SC,SC,SC,SC,16116,17113,997,39,DIRE
19217,02/01/2026,N0005,997,61,39,N,0,17113,"918744,87","6635249,18",0,62,39,N,0,18110,"919734,58","6635185,12",0,I,0,ACCROCHE,39PR61U,39PR62U,SC,SC,SC,SC,17113,18110,997,39,DIRE
19214,02/01/2026,N0005,999,62,39,N,0,18110,"919734,58","6635185,12",0,63,39,N,0,19109,"920730,59","6635157,64",0,I,0,ACCROCHE,39PR62U,39PR63U,SC,SC,SC,SC,18110,19109,999,39,DIRE
19227,02/01/2026,N0005,1000,63,39,N,0,19109,"920730,59","6635157,64",0,64,39,N,0,20109,"921558,44","6634736,78",0,I,0,ACCROCHE,39PR63U,39PR64U,SC,SC,SC,SC,19109,20109,1000,39,DIRE
19225,02/01/2026,N0005,885,64,39,N,0,20109,"921558,44","6634736,78",0,65,39,N,0,20994,"921633,69","6633872,55",0,I,0,ACCROCHE,39PR64U,39PR65U,SC,SC,SC,SC,20109,20994,885,39,DIRE
19205,02/01/2026,N0005,1000,65,39,N,0,20994,"921633,69","6633872,55",0,66,39,N,0,21994,"921896,36","6632942,68",0,I,0,ACCROCHE,39PR65U,39PR66U,SC,SC,SC,SC,20994,21994,1000,39,DIRE
19222,02/01/2026,N0005,1000,66,39,N,0,21994,"921896,36","6632942,68",0,67,39,N,0,22994,"922527,49","6632180,87",0,I,0,ACCROCHE,39PR66U,39PR67U,SC,SC,SC,SC,21994,22994,1000,39,DIRE
19219,02/01/2026,N0005,1000,67,39,N,0,22994,"922527,49","6632180,87",0,68,39,N,0,23994,"923224,58","6631478,47",0,I,0,ACCROCHE,39PR67U,39PR68U,SC,SC,SC,SC,22994,23994,1000,39,DIRE
19216,02/01/2026,N0005,1000,68,39,N,0,23994,"923224,58","6631478,47",0,69,39,N,0,24994,923551,"6630593,78",0,I,0,ACCROCHE,39PR68U,39PR69U,SC,SC,SC,SC,23994,24994,1000,39,DIRE
19200,02/01/2026,N0005,1000,69,39,N,0,24994,923551,"6630593,78",0,70,39,N,0,25994,"923441,3","6629644,17",0,I,0,ACCROCHE,39PR69U,39PR70U,SC,SC,SC,SC,24994,25994,1000,39,DIRE
19226,02/01/2026,N0005,1227,70,39,N,0,25994,"923441,3","6629644,17",0,71,39,N,0,27221,"923167,7","6628514,66",0,I,0,ACCROCHE,39PR70U,39PR71U,SC,SC,SC,SC,25994,27221,1227,39,DIRE
19234,02/01/2026,N0005,640,71,39,N,0,27221,"923167,7","6628514,66",0,72,39,N,0,27861,"923489,85","6627959,99",0,I,0,ACCROCHE,39PR71U,39PR72U,SC,SC,SC,SC,27221,27861,640,39,DIRE
19215,02/01/2026,N0005,797,72,39,N,0,27861,"923489,85","6627959,99",0,73,39,N,0,28658,"923862,48","6627260,61",0,I,0,ACCROCHE,39PR72U,39PR73U,SC,SC,SC,SC,27861,28658,797,39,DIRE
19204,02/01/2026,N0005,1003,73,39,N,0,28658,"923862,48","6627260,61",0,74,39,N,0,29661,"923907,67","6626275,09",0,I,0,ACCROCHE,39PR73U,39PR74U,SC,SC,SC,SC,28658,29661,1003,39,DIRE
19207,02/01/2026,N0005,997,74,39,N,0,29661,"923907,67","6626275,09",0,75,39,N,0,30658,"923874,65","6625290,6",0,I,0,ACCROCHE,39PR74U,39PR75U,SC,SC,SC,SC,29661,30658,997,39,DIRE
19197,02/01/2026,N0005,1006,75,39,N,0,30658,"923874,65","6625290,6",0,76,39,N,0,31664,"923994,98","6624295,82",0,I,0,ACCROCHE,39PR75U,39PR76U,SC,SC,SC,SC,30658,31664,1006,39,DIRE
19198,02/01/2026,N0005,991,76,39,N,0,31664,"923994,98","6624295,82",0,77,39,N,0,32655,"924455,08","6623430,63",0,I,0,ACCROCHE,39PR76U,39PR77U,SC,SC,SC,SC,31664,32655,991,39,DIRE
19224,02/01/2026,N0005,971,77,39,N,0,32655,"924455,08","6623430,63",0,78,39,N,0,33626,"924959,54","6622712,98",0,I,0,ACCROCHE,39PR77U,39PR78U,SC,SC,SC,SC,32655,33626,971,39,DIRE
19202,02/01/2026,N0005,989,78,39,N,0,33626,"924959,54","6622712,98",0,79,39,N,0,34615,"925189,51","6621998,63",0,I,0,ACCROCHE,39PR78U,39PR79U,SC,SC,SC,SC,33626,34615,989,39,DIRE
19233,02/01/2026,N0005,1004,79,39,N,0,34615,"925189,51","6621998,63",0,80,39,N,0,35619,"924910,71","6621141,25",0,I,0,ACCROCHE,39PR79U,39PR80U,SC,SC,SC,SC,34615,35619,1004,39,DIRE
19229,02/01/2026,N0005,1005,80,39,N,0,35619,"924910,71","6621141,25",0,81,39,N,0,36624,"924836,64","6620166,13",0,I,0,ACCROCHE,39PR80U,39PR81U,SC,SC,SC,SC,35619,36624,1005,39,DIRE
19195,02/01/2026,N0005,1006,81,39,N,0,36624,"924836,64","6620166,13",0,82,39,N,0,37630,"925269,2","6619314,28",0,I,0,ACCROCHE,39PR81U,39PR82U,SC,SC,SC,SC,36624,37630,1006,39,DIRE
19119,02/01/2026,N0005,872,82,39,N,0,37630,"925269,2","6619314,28",0,83,39,N,0,38502,"925640,31","6618640,75",0,I,0,ACCROCHE,39PR82U,39PR83U,SC,SC,SC,SC,37630,38502,872,39,DIRE
19212,02/01/2026,N0005,976,83,39,N,0,38502,"925640,31","6618640,75",0,84,39,N,0,39478,"926270,93","6618048,67",0,I,0,ACCROCHE,39PR83U,39PR84U,SC,SC,SC,SC,38502,39478,976,39,DIRE
19211,02/01/2026,N0005,1022,84,39,N,0,39478,"926270,93","6618048,67",0,85,39,N,0,40500,"926400,13","6617116,85",0,I,0,ACCROCHE,39PR84U,39PR85U,SC,SC,SC,SC,39478,40500,1022,39,DIRE
19118,02/01/2026,N0005,1002,85,39,N,0,40500,"926400,13","6617116,85",0,86,39,N,0,41502,"926682,55","6616167,45",0,I,0,ACCROCHE,39PR85U,39PR86U,SC,SC,SC,SC,40500,41502,1002,39,DIRE
19220,02/01/2026,N0005,1005,86,39,N,0,41502,"926682,55","6616167,45",0,87,39,N,0,42507,"926537,85","6615181,28",0,I,0,ACCROCHE,39PR86U,39PR87U,SC,SC,SC,SC,41502,42507,1005,39,DIRE
19206,02/01/2026,N0005,1001,87,39,N,0,42507,"926537,85","6615181,28",0,88,39,N,0,43508,"926239,16","6614246,06",0,I,0,ACCROCHE,39PR87U,39PR88U,SC,SC,SC,SC,42507,43508,1001,39,DIRE
19196,02/01/2026,N0005,773,88,39,N,0,43508,"926239,16","6614246,06",0,88,39,N,773,44281,"926066,04","6613503,5",0,I,0,ACCROCHE,39PR88U,DD39PR88U,SC,SC,DD,DD,43508,44281,773,39,DIRE
17034,02/01/2026,N0005,578,89,39,N,0,44281,"926086,78","6613480,61",0,90,39,N,0,44859,"926578,5","6613243,45",0,I,0,ACCROCHE,39PR89U,39PR90U,FD,FD,SC,SC,0,578,578,39,DIRE
17035,02/01/2026,N0005,534,90,39,N,0,44859,"926578,5","6613243,45",0,90,39,N,534,45393,"926986,73","6612927,58",0,I,0,ACCROCHE,39PR90U,DF39PR90U,SC,SC,DF,DF,578,1112,534,39,DIRE
17033,02/01/2026,N0005,145,90,39,N,534,45393,"926986,73","6612927,58",0,90,39,N,679,45538,"927098,45","6612898,92",0,D,0,ACCROCHE,DF39PR90U,FF39PR90U,DF,DF,FF,FF,0,145,145,39,DIRE
17032,02/01/2026,N0005,121,90,39,N,534,45393,"926986,73","6612927,58",0,90,39,N,655,45514,"927098,45","6612898,92",0,G,0,ACCROCHE,DF39PR90U,FF39PR90U,DF,DF,FF,FF,0,121,121,39,DIRE
17031,02/01/2026,N0005,202,97,39,N,548,51683,"931178,67","6609369,16",0,97,39,N,750,51885,"931150,21","6609189,34",0,D,0,ACCROCHE,DF39PR97U,FF39PR97U,DF,DF,FF,FF,0,202,202,39,DIRE
17030,02/01/2026,N0005,200,97,39,N,548,51659,"931178,67","6609369,16",0,97,39,N,748,51859,"931150,21","6609189,34",0,G,0,ACCROCHE,DF39PR97U,FF39PR97U,DF,DF,FF,FF,0,200,200,39,DIRE
17028,02/01/2026,N0005,143,97,39,N,750,51885,"931150,21","6609189,34",0,98,39,N,0,52028,"931149,19","6609048,1",0,I,0,ACCROCHE,FF39PR97U,39PR98U,FF,FF,SC,SC,0,143,143,39,DIRE
17025,02/01/2026,N0005,983,98,39,N,0,52028,"931149,19","6609048,1",0,99,39,N,0,53011,"931190,91","6608142,6",0,I,0,ACCROCHE,39PR98U,39PR99U,SC,SC,SC,SC,143,1126,983,39,DIRE
17026,02/01/2026,N0005,1033,99,39,N,0,53011,"931190,91","6608142,6",0,100,39,N,0,54044,"931961,45","6608335,31",0,I,0,ACCROCHE,39PR99U,39PR100U,SC,SC,SC,SC,1126,2159,1033,39,DIRE
17024,02/01/2026,N0005,993,100,39,N,0,54044,"931961,45","6608335,31",0,101,39,N,0,55037,"931651,77","6607490,35",0,I,0,ACCROCHE,39PR100U,39PR101U,SC,SC,SC,SC,2159,3152,993,39,DIRE
17029,02/01/2026,N0005,990,101,39,N,0,55037,"931651,77","6607490,35",0,102,39,N,0,56027,"931939,48","6606592,62",0,I,0,ACCROCHE,39PR101U,39PR102U,SC,SC,SC,SC,3152,4142,990,39,DIRE
17027,02/01/2026,N0005,996,102,39,N,0,56027,"931939,48","6606592,62",0,103,39,N,0,57023,"932231,43","6605677,39",0,I,0,ACCROCHE,39PR102U,39PR103U,SC,SC,CS,CS,4142,5138,996,39,DIRE
17005,02/01/2026,N0005,355,90,39,N,679,45538,"927098,45","6612898,92",0,91,39,N,0,45893,"927440,68","6612825,7",0,I,0,ACCROCHE,FF39PR90U,39PR91U,FF,FF,SC,SC,0,355,355,39,DIRE
17003,02/01/2026,N0005,758,91,39,N,0,45893,"927440,68","6612825,7",0,92,39,N,0,46651,928076,"6612561,7",0,I,0,ACCROCHE,39PR91U,39PR92U,SC,SC,SC,SC,355,1113,758,39,DIRE
17001,02/01/2026,N0005,771,92,39,N,0,46651,928076,"6612561,7",0,93,39,N,0,47422,"928732,81","6612529,53",0,I,0,ACCROCHE,39PR92U,39PR93U,SC,SC,SC,SC,1113,1884,771,39,DIRE
17000,02/01/2026,N0005,992,93,39,N,0,47422,"928732,81","6612529,53",0,94,39,N,0,48414,"929394,35","6611805,92",0,I,0,ACCROCHE,39PR93U,39PR94U,SC,SC,SC,SC,1884,2876,992,39,DIRE
16999,02/01/2026,N0005,951,94,39,N,0,48414,"929394,35","6611805,92",0,95,39,N,0,49365,"930222,1","6611356,22",0,I,0,ACCROCHE,39PR94U,39PR95U,SC,SC,SC,SC,2876,3827,951,39,DIRE
17002,02/01/2026,N0005,866,95,39,N,0,49365,"930222,1","6611356,22",0,96,39,N,0,50231,"930718,81","6610692,74",0,I,0,ACCROCHE,39PR95U,39PR96U,SC,SC,SC,SC,3827,4693,866,39,DIRE
17006,02/01/2026,N0005,904,96,39,N,0,50231,"930718,81","6610692,74",0,97,39,N,0,51135,"931042,04","6609886,07",0,I,0,ACCROCHE,39PR96U,39PR97U,SC,SC,SC,SC,4693,5597,904,39,DIRE
17004,02/01/2026,N0005,548,97,39,N,0,51135,"931042,04","6609886,07",0,97,39,N,548,51683,"931178,67","6609369,16",0,I,0,ACCROCHE,39PR97U,DF39PR97U,SC,SC,DF,DF,5597,6145,548,39,DIRE
14130,02/01/2026,N0005,881,103,39,N,0,57023,"932231,43","6605677,39",0,104,39,N,0,57904,"932296,55","6604808,83",0,I,0,ACCROCHE,39PR103U,39PR104U,CS,CS,SC,SC,0,881,881,39,DIRE
14127,02/01/2026,N0005,1014,104,39,N,0,57904,"932296,55","6604808,83",0,105,39,N,0,58918,"932254,32","6603826,25",0,I,0,ACCROCHE,39PR104U,39PR105U,SC,SC,SC,SC,881,1895,1014,39,DIRE
14131,02/01/2026,N0005,933,105,39,N,0,58918,"932254,32","6603826,25",0,106,39,N,0,59851,"932608,57","6603502,6",0,I,0,ACCROCHE,39PR105U,39PR106U,SC,SC,SC,SC,1895,2828,933,39,DIRE
14126,02/01/2026,N0005,1039,106,39,N,0,59851,"932608,57","6603502,6",0,107,39,N,0,60890,"933398,19","6603834,25",0,I,0,ACCROCHE,39PR106U,39PR107U,SC,SC,SC,SC,2828,3867,1039,39,DIRE
14129,02/01/2026,N0005,1035,107,39,N,0,60890,"933398,19","6603834,25",0,108,39,N,0,61925,"933318,48","6603246,19",0,I,0,ACCROCHE,39PR107U,39PR108U,SC,SC,SC,SC,3867,4902,1035,39,DIRE
14128,02/01/2026,N0005,1067,108,39,N,0,61925,"933318,48","6603246,19",0,109,39,N,0,62992,"933680,3","6602611,14",0,I,0,ACCROCHE,39PR108U,39PR109U,SC,SC,SC,SC,4902,5969,1067,39,DIRE
14132,02/01/2026,N0005,716,109,39,N,0,62992,"933680,3","6602611,14",0,110,39,N,0,63708,"934288,45","6602893,94",0,I,0,ACCROCHE,39PR109U,39PR110U,SC,SC,SC,SC,5969,6685,716,39,DIRE
14550,02/01/2026,N0005,1068,110,39,N,0,63708,"934288,45","6602893,94",0,111,39,N,0,64776,"934979,74","6602302,32",0,I,0,ACCROCHE,39PR110U,39PR111U,SC,SC,SC,SC,6685,7753,1068,39,DIRE
14133,02/01/2026,N0005,381,111,39,N,0,64776,"934979,74","6602302,32",0,111,39,N,381,65157,"935095,16","6601943,65",0,I,0,ACCROCHE,39PR111U,DF39PR111U,SC,SC,DF,DF,7753,8134,381,39,DIRE
14125,02/01/2026,N0005,74,111,39,N,381,65157,"935095,16","6601943,65",0,111,39,N,455,65231,"935092,32","6601874,57",0,D,0,ACCROCHE,DF39PR111U,FF39PR111U,DF,DF,FF,FF,0,74,74,39,DIRE
14122,02/01/2026,N0005,80,111,39,N,381,65131,"935095,16","6601943,65",0,111,39,N,461,65211,"935092,32","6601874,57",0,G,0,ACCROCHE,DF39PR111U,FF39PR111U,DF,DF,FF,FF,0,80,80,39,DIRE
13971,02/01/2026,N0005,532,111,39,N,455,65231,"935092,32","6601874,57",0,112,39,N,0,65763,"935117,39","6601355,05",0,I,0,ACCROCHE,FF39PR111U,39PR112U,FF,FF,SC,SC,0,532,532,39,DIRE
13972,02/01/2026,N0005,500,112,39,N,0,65763,"935117,39","6601355,05",0,112,39,N,500,66263,"935366,15","6601000,06",0,I,0,ACCROCHE,39PR112U,FRU,SC,SC,FR,FR,532,1032,500,39,DIRE
37216,02/01/2026,N0044,502,64,51,N,535,14308,802437,"6871824,24",0,65,51,N,0,14810,"802747,28","6871429,22",0,I,0,ACCROCHE,FF51PR64D,51PR65U,FF,FF,SC,SC,0,502,502,51,GE DIRE
37213,02/01/2026,N0044,993,65,51,N,0,14810,"802747,28","6871429,22",0,66,51,N,0,15803,"803360,42","6870648,46",0,I,0,ACCROCHE,51PR65U,51PR66U,SC,SC,SC,SC,502,1495,993,51,GE DIRE
37215,02/01/2026,N0044,994,66,51,N,0,15803,"803360,42","6870648,46",0,67,51,N,0,16797,"803974,12","6869868,58",0,I,0,ACCROCHE,51PR66U,51PR67U,SC,SC,SC,SC,1495,2489,994,51,GE DIRE
37214,02/01/2026,N0044,795,67,51,N,0,16797,"803974,12","6869868,58",0,67,51,N,795,17592,"804467,31","6869241,32",0,I,0,ACCROCHE,51PR67U,DF51PR67U,SC,SC,DF,DF,2489,3284,795,51,GE DIRE
37212,02/01/2026,N0044,197,67,51,N,795,17592,"804467,31","6869241,32",0,68,51,N,0,17789,"804589,52","6869082,79",0,D,0,ACCROCHE,DF51PR67U,51PR68D,DF,DF,SC,SC,0,197,197,51,GE DIRE
37211,02/01/2026,N0044,377,68,51,N,0,17789,"804589,52","6869082,79",0,68,51,N,377,18166,"804850,61","6868818,94",0,D,0,ACCROCHE,51PR68D,DD51PR68D,SC,SC,DD,DD,197,574,377,51,GE DIRE
37201,02/01/2026,N0044,774,68,51,N,377,18166,"804892,1","6868807,21",0,69,51,N,0,18940,"805567,5","6868463,78",0,D,0,ACCROCHE,FD51PR68D,51PR69D,FD,FD,SC,SC,0,774,774,51,GE DIRE
37207,02/01/2026,N0044,1001,69,51,N,0,18940,"805567,5","6868463,78",0,70,51,N,0,19941,"806194,82","6867694,95",0,D,0,ACCROCHE,51PR69D,51PR70D,SC,SC,SC,SC,774,1775,1001,51,GE DIRE
37205,02/01/2026,N0044,1001,70,51,N,0,19941,"806194,82","6867694,95",0,71,51,N,0,20942,"806610,63","6866790,13",0,D,0,ACCROCHE,51PR70D,51PR71D,SC,SC,SC,SC,1775,2776,1001,51,GE DIRE
37203,02/01/2026,N0044,999,71,51,N,0,20942,"806610,63","6866790,13",0,72,51,N,0,21941,"807033,39","6865889,75",0,D,0,ACCROCHE,51PR71D,51PR72D,SC,SC,SC,SC,2776,3775,999,51,GE DIRE
37200,02/01/2026,N0044,1013,72,51,N,0,21941,"807033,39","6865889,75",0,73,51,N,0,22954,"807626,06","6865086,25",0,D,0,ACCROCHE,51PR72D,51PR73D,SC,SC,SC,SC,3775,4788,1013,51,GE DIRE
37194,02/01/2026,N0044,1015,73,51,N,0,22954,"807626,06","6865086,25",0,74,51,N,0,23969,"808296,65","6864336,5",0,D,0,ACCROCHE,51PR73D,51PR74D,SC,SC,SC,SC,4788,5803,1015,51,GE DIRE
37195,02/01/2026,N0044,1016,74,51,N,0,23969,"808296,65","6864336,5",0,75,51,N,0,24985,"809034,46","6863663,39",0,D,0,ACCROCHE,51PR74D,51PR75D,SC,SC,SC,SC,5803,6819,1016,51,GE DIRE
37202,02/01/2026,N0044,1017,75,51,N,0,24985,"809034,46","6863663,39",0,76,51,N,0,26002,"809436,97","6862740,39",0,D,0,ACCROCHE,51PR75D,51PR76D,SC,SC,SC,SC,6819,7836,1017,51,GE DIRE
37206,02/01/2026,N0044,1014,76,51,N,0,26002,"809436,97","6862740,39",0,77,51,N,0,27016,"810137,54","6862012,24",0,D,0,ACCROCHE,51PR76D,51PR77D,SC,SC,SC,SC,7836,8850,1014,51,GE DIRE
37197,02/01/2026,N0044,1015,77,51,N,0,27016,"810137,54","6862012,24",0,78,51,N,0,28031,"810830,6","6861282,12",0,D,0,ACCROCHE,51PR77D,51PR78D,SC,SC,SC,SC,8850,9865,1015,51,GE DIRE
37196,02/01/2026,N0044,1016,78,51,N,0,28031,"810830,6","6861282,12",0,79,51,N,0,29047,"811745,17","6860851,62",0,D,0,ACCROCHE,51PR78D,51PR79D,SC,SC,SC,SC,9865,10881,1016,51,GE DIRE
37198,02/01/2026,N0044,1012,79,51,N,0,29047,"811745,17","6860851,62",0,80,51,N,0,30059,"812591,83","6860299,31",0,D,0,ACCROCHE,51PR79D,51PR80D,SC,SC,SC,SC,10881,11893,1012,51,GE DIRE
37199,02/01/2026,N0044,1012,80,51,N,0,30059,"812591,83","6860299,31",0,81,51,N,0,31071,"812904,72","6859376,52",0,D,0,ACCROCHE,51PR80D,51PR81D,SC,SC,SC,SC,11893,12905,1012,51,GE DIRE
37204,02/01/2026,N0044,1012,81,51,N,0,31071,"812904,72","6859376,52",0,82,51,N,0,32083,"813464,08","6858547,47",0,D,0,ACCROCHE,51PR81D,51PR82D,SC,SC,SC,SC,12905,13917,1012,51,GE DIRE
37209,02/01/2026,N0044,1012,82,51,N,0,32083,"813464,08","6858547,47",0,83,51,N,0,33095,"814203,89","6857856,91",0,D,0,ACCROCHE,51PR82D,51PR83D,SC,SC,SC,SC,13917,14929,1012,51,GE DIRE
37208,02/01/2026,N0044,1011,83,51,N,0,33095,"814203,89","6857856,91",0,84,51,N,0,34106,"814968,16","6857196,07",0,D,0,ACCROCHE,51PR83D,51PR84D,SC,SC,SC,SC,14929,15940,1011,51,GE DIRE
37210,02/01/2026,N0044,623,84,51,N,0,34106,"814968,16","6857196,07",0,84,51,N,623,34729,"815460,62","6856788,04",0,D,0,ACCROCHE,51PR84D,FF51PR84D,SC,SC,FF,FF,15940,16563,623,51,GE DIRE
37193,02/01/2026,N0044,197,67,51,N,795,17600,"804467,31","6869241,32",0,68,51,N,0,17797,"804612,15","6869103,75",0,G,0,ACCROCHE,DF51PR67U,51PR68G,DF,DF,SC,SC,0,197,197,51,GE DIRE
37192,02/01/2026,N0044,410,68,51,N,0,17797,"804612,15","6869103,75",0,68,51,N,410,18207,"805005,91","6869043,77",0,G,0,ACCROCHE,51PR68G,DD51PR68G,SC,SC,DD,DD,197,607,410,51,GE DIRE
37525,02/01/2026,N0044,757,68,51,N,410,18207,"805041,64","6869022,11",0,69,51,N,0,18964,"805574,13",6868471,0,G,0,ACCROCHE,FD51PR68G,51PR69G,FD,FD,SC,SC,0,757,757,51,GE DIRE
37190,02/01/2026,N0044,1005,69,51,N,0,18964,"805574,13",6868471,0,70,51,N,0,19969,"806203,22","6867700,01",0,G,0,ACCROCHE,51PR69G,51PR70G,SC,SC,SC,SC,757,1762,1005,51,GE DIRE
37186,02/01/2026,N0044,1002,70,51,N,0,19969,"806203,22","6867700,01",0,71,51,N,0,20971,"806619,69","6866793,86",0,G,0,ACCROCHE,51PR70G,51PR71G,SC,SC,SC,SC,1762,2764,1002,51,GE DIRE
37526,02/01/2026,N0044,998,71,51,N,0,20971,"806619,69","6866793,86",0,72,51,N,0,21969,"807041,63","6865895,05",0,G,0,ACCROCHE,51PR71G,51PR72G,SC,SC,SC,SC,2764,3762,998,51,GE DIRE
37528,02/01/2026,N0044,1012,72,51,N,0,21969,"807041,63","6865895,05",0,73,51,N,0,22981,"807633,3","6865091,68",0,G,0,ACCROCHE,51PR72G,51PR73G,SC,SC,SC,SC,3762,4774,1012,51,GE DIRE
37187,02/01/2026,N0044,1010,73,51,N,0,22981,"807633,3","6865091,68",0,74,51,N,0,23991,"808301,45","6864344,09",0,G,0,ACCROCHE,51PR73G,51PR74G,SC,SC,SC,SC,4774,5784,1010,51,GE DIRE
37532,02/01/2026,N0044,1023,74,51,N,0,23991,"808301,45","6864344,09",0,75,51,N,0,25014,"809042,38","6863667,6",0,G,0,ACCROCHE,51PR74G,51PR75G,SC,SC,SC,SC,5784,6807,1023,51,GE DIRE
37188,02/01/2026,N0044,1013,75,51,N,0,25014,"809042,38","6863667,6",0,76,51,N,0,26027,"809444,19","6862745,76",0,G,0,ACCROCHE,51PR75G,51PR76G,SC,SC,SC,SC,6807,7820,1013,51,GE DIRE
37191,02/01/2026,N0044,1014,76,51,N,0,26027,"809444,19","6862745,76",0,77,51,N,0,27041,"810144,81","6862017,55",0,G,0,ACCROCHE,51PR76G,51PR77G,SC,SC,SC,SC,7820,8834,1014,51,GE DIRE
37527,02/01/2026,N0044,1009,77,51,N,0,27041,"810144,81","6862017,55",0,78,51,N,0,28050,"810835,38","6861289,75",0,G,0,ACCROCHE,51PR77G,51PR78G,SC,SC,SC,SC,8834,9843,1009,51,GE DIRE
37529,02/01/2026,N0044,1016,78,51,N,0,28050,"810835,38","6861289,75",0,79,51,N,0,29066,"811750,5","6860860,02",0,G,0,ACCROCHE,51PR78G,51PR79G,SC,SC,SC,SC,9843,10859,1016,51,GE DIRE
37189,02/01/2026,N0044,1012,79,51,N,0,29066,"811750,5","6860860,02",0,80,51,N,0,30078,"812598,22","6860307,28",0,G,0,ACCROCHE,51PR79G,51PR80G,SC,SC,SC,SC,10859,11871,1012,51,GE DIRE
37523,02/01/2026,N0044,1012,80,51,N,0,30078,"812598,22","6860307,28",0,81,51,N,0,31090,"812914,22","6859378,78",0,G,0,ACCROCHE,51PR80G,51PR81G,SC,SC,SC,SC,11871,12883,1012,51,GE DIRE
37533,02/01/2026,N0044,1012,81,51,N,0,31090,"812914,22","6859378,78",0,82,51,N,0,32102,"813470,82","6858554,56",0,G,0,ACCROCHE,51PR81G,51PR82G,SC,SC,SC,SC,12883,13895,1012,51,GE DIRE
37531,02/01/2026,N0044,1012,82,51,N,0,32102,"813470,82","6858554,56",0,83,51,N,0,33114,"814210,46","6857863,77",0,G,0,ACCROCHE,51PR82G,51PR83G,SC,SC,SC,SC,13895,14907,1012,51,GE DIRE
37530,02/01/2026,N0044,996,83,51,N,0,33114,"814210,46","6857863,77",0,84,51,N,0,34110,"814974,49","6857203,44",0,G,0,ACCROCHE,51PR83G,51PR84G,SC,SC,SC,SC,14907,15903,996,51,GE DIRE
37524,02/01/2026,N0044,623,84,51,N,0,34110,"814974,49","6857203,44",0,84,51,N,623,34733,"815460,62","6856788,04",0,G,0,ACCROCHE,51PR84G,FF51PR84D,SC,SC,FF,FF,15903,16526,623,51,GE DIRE
17802,02/01/2026,N0044,640,49,51,N,0,0,"796894,19","6883593,77",0,49,51,N,640,640,"796673,1","6882993,3",0,I,0,ACCROCHE,51PR49U,DF51PR49U,DR,DR,DF,DF,0,640,640,51,GE DIRE
17800,02/01/2026,N0044,301,49,51,N,640,640,"796673,1","6882993,3",0,49,51,N,941,941,"796595,89","6882715,08",0,G,0,ACCROCHE,DF51PR49U,FF51PR49U,DF,DF,FF,FF,0,301,301,51,GE DIRE
17741,02/01/2026,N0044,300,49,51,N,640,640,"796673,1","6882993,3",0,49,51,N,940,940,"796595,89","6882715,08",0,D,0,ACCROCHE,DF51PR49U,FF51PR49U,DF,DF,FF,FF,0,300,300,51,GE DIRE
17739,02/01/2026,N0044,69,49,51,N,940,940,"796595,89","6882715,08",0,50,51,N,0,1009,"796574,98","6882649,7",0,I,0,ACCROCHE,FF51PR49U,51PR50U,FF,FF,SC,SC,0,69,69,51,GE DIRE
17738,02/01/2026,N0044,328,50,51,N,0,1009,"796574,98","6882649,7",0,50,51,N,328,1337,"796425,97","6882360,48",0,I,0,ACCROCHE,51PR50U,DD51PR50U,SC,SC,DD,DD,69,397,328,51,GE DIRE
15264,02/01/2026,N0044,323,51,51,N,0,1337,"796416,43","6882443,92",0,52,51,N,0,1660,"796575,78","6882163,32",0,D,0,ACCROCHE,51PR51D,51PR52D,FD,FD,SC,SC,0,323,323,51,GE DIRE
15265,02/01/2026,N0044,999,52,51,N,0,1660,"796575,78","6882163,32",0,53,51,N,0,2659,"796986,33","6881250,93",0,D,0,ACCROCHE,51PR52D,51PR53D,SC,SC,SC,SC,323,1322,999,51,GE DIRE
15271,02/01/2026,N0044,986,53,51,N,0,2659,"796986,33","6881250,93",0,54,51,N,0,3645,"797196,35","6880307,35",0,D,0,ACCROCHE,51PR53D,51PR54D,SC,SC,SC,SC,1322,2308,986,51,GE DIRE
15267,02/01/2026,N0044,1001,54,51,N,0,3645,"797196,35","6880307,35",0,55,51,N,0,4646,"797529,06","6879366,9",0,D,0,ACCROCHE,51PR54D,51PR55D,SC,SC,SC,SC,2308,3309,1001,51,GE DIRE
15262,02/01/2026,N0044,993,55,51,N,0,4646,"797529,06","6879366,9",0,56,51,N,0,5639,"797997,6","6878490,38",0,D,0,ACCROCHE,51PR55D,51PR56D,SC,SC,SC,SC,3309,4302,993,51,GE DIRE
15260,02/01/2026,N0044,1000,56,51,N,0,5639,"797997,6","6878490,38",0,57,51,N,0,6639,"798474,95","6877612,53",0,D,0,ACCROCHE,51PR56D,51PR57D,SC,SC,SC,SC,4302,5302,1000,51,GE DIRE
15261,02/01/2026,N0044,998,57,51,N,0,6639,"798474,95","6877612,53",0,58,51,N,0,7637,"798959,85","6876745,57",0,D,0,ACCROCHE,51PR57D,51PR58D,SC,SC,SC,SC,5302,6300,998,51,GE DIRE
15268,02/01/2026,N0044,985,58,51,N,0,7637,"798959,85","6876745,57",0,59,51,N,0,8622,"799828,95","6876314,03",0,D,0,ACCROCHE,51PR58D,51PR59D,SC,SC,SC,SC,6300,7285,985,51,GE DIRE
15270,02/01/2026,N0044,1038,59,51,N,0,8622,"799828,95","6876314,03",0,60,51,N,0,9660,"800760,73","6875939,5",0,D,0,ACCROCHE,51PR59D,51PR60D,SC,SC,SC,SC,7285,8323,1038,51,GE DIRE
15266,02/01/2026,N0044,1022,60,51,N,0,9660,"800760,73","6875939,5",0,61,51,N,0,10682,"801315,54","6874999,21",0,D,0,ACCROCHE,51PR60D,51PR61D,SC,SC,SC,SC,8323,9345,1022,51,GE DIRE
15263,02/01/2026,N0044,1019,61,51,N,0,10682,"801315,54","6874999,21",0,62,51,N,0,11701,"801819,92","6874251,81",0,D,0,ACCROCHE,51PR61D,51PR62D,SC,SC,SC,SC,9345,10364,1019,51,GE DIRE
15269,02/01/2026,N0044,1034,62,51,N,0,11701,"801819,92","6874251,81",0,63,51,N,0,12735,"801847,5","6873237,46",0,D,0,ACCROCHE,51PR62D,51PR63D,SC,SC,SC,SC,10364,11398,1034,51,GE DIRE
15272,02/01/2026,N0044,1038,63,51,N,0,12735,"801847,5","6873237,46",0,64,51,N,0,13773,"802112,32","6872244,61",0,D,0,ACCROCHE,51PR63D,51PR64D,SC,SC,SC,SC,11398,12436,1038,51,GE DIRE
15259,02/01/2026,N0044,535,64,51,N,0,13773,"802112,32","6872244,61",0,64,51,N,535,14308,802437,"6871824,24",0,D,0,ACCROCHE,51PR64D,FF51PR64D,SC,SC,FF,FF,12436,12971,535,51,GE DIRE
15256,02/01/2026,N0044,331,51,51,N,0,1338,"796425,9","6882452,12",0,52,51,N,0,1669,"796586,96","6882168,38",0,G,0,ACCROCHE,51PR51G,51PR52G,FD,FD,SC,SC,0,331,331,51,GE DIRE
15257,02/01/2026,N0044,1000,52,51,N,0,1669,"796586,96","6882168,38",0,53,51,N,0,2669,"796998,31","6881256,31",0,G,0,ACCROCHE,51PR52G,51PR53G,SC,SC,SC,SC,331,1331,1000,51,GE DIRE
15258,02/01/2026,N0044,990,53,51,N,0,2669,"796998,31","6881256,31",0,54,51,N,0,3659,"797209,13","6880307,97",0,G,0,ACCROCHE,51PR53G,51PR54G,SC,SC,SC,SC,1331,2321,990,51,GE DIRE
15543,02/01/2026,N0044,995,54,51,N,0,3659,"797209,13","6880307,97",0,55,51,N,0,4654,"797537,12","6879370,89",0,G,0,ACCROCHE,51PR54G,51PR55G,SC,SC,SC,SC,2321,3316,995,51,GE DIRE
15544,02/01/2026,N0044,994,55,51,N,0,4654,"797537,12","6879370,89",0,56,51,N,0,5648,"798005,52","6878494,62",0,G,0,ACCROCHE,51PR55G,51PR56G,SC,SC,SC,SC,3316,4310,994,51,GE DIRE
15540,02/01/2026,N0044,1000,56,51,N,0,5648,"798005,52","6878494,62",0,57,51,N,0,6648,"798483,39","6877616,94",0,G,0,ACCROCHE,51PR56G,51PR57G,SC,SC,SC,SC,4310,5310,1000,51,GE DIRE
15546,02/01/2026,N0044,993,57,51,N,0,6648,"798483,39","6877616,94",0,58,51,N,0,7641,"798966,64","6876751,42",0,G,0,ACCROCHE,51PR57G,51PR58G,SC,SC,SC,SC,5310,6303,993,51,GE DIRE
15536,02/01/2026,N0044,977,58,51,N,0,7641,"798966,64","6876751,42",0,59,51,N,0,8618,"799831,72","6876322,56",0,G,0,ACCROCHE,51PR58G,51PR59G,SC,SC,SC,SC,6303,7280,977,51,GE DIRE
15541,02/01/2026,N0044,1044,59,51,N,0,8618,"799831,72","6876322,56",0,60,51,N,0,9662,"800766,26","6875946,62",0,G,0,ACCROCHE,51PR59G,51PR60G,SC,SC,SC,SC,7280,8324,1044,51,GE DIRE
15539,02/01/2026,N0044,1026,60,51,N,0,9662,"800766,26","6875946,62",0,61,51,N,0,10688,"801322,83","6875004,37",0,G,0,ACCROCHE,51PR60G,51PR61G,SC,SC,SC,SC,8324,9350,1026,51,GE DIRE
15545,02/01/2026,N0044,1030,61,51,N,0,10688,"801322,83","6875004,37",0,62,51,N,0,11718,"801828,73","6874250,18",0,G,0,ACCROCHE,51PR61G,51PR62G,SC,SC,SC,SC,9350,10380,1030,51,GE DIRE
15542,02/01/2026,N0044,1032,62,51,N,0,11718,"801828,73","6874250,18",0,63,51,N,0,12750,"801856,32","6873239,12",0,G,0,ACCROCHE,51PR62G,51PR63G,SC,SC,SC,SC,10380,11412,1032,51,GE DIRE
15537,02/01/2026,N0044,1031,63,51,N,0,12750,"801856,32","6873239,12",0,64,51,N,0,13781,"802119,7","6872249,77",0,G,0,ACCROCHE,51PR63G,51PR64G,SC,SC,SC,SC,11412,12443,1031,51,GE DIRE
15538,02/01/2026,N0044,535,64,51,N,0,13781,"802119,7","6872249,77",0,64,51,N,535,14316,802437,"6871824,24",0,G,0,ACCROCHE,51PR64G,FF51PR64D,SC,SC,FF,FF,12443,12978,535,51,GE DIRE
15535,02/01/2026,N0044,376,84,51,N,623,34729,"815460,62","6856788,04",0,85,51,N,0,35105,"815689,98","6856512,68",0,I,0,ACCROCHE,FF51PR84D,51PR85U,FF,FF,SC,SC,0,376,376,51,GE DIRE
15534,02/01/2026,N0044,385,85,51,N,0,35105,"815689,98","6856512,68",0,85,51,N,385,35490,"815823,77","6856151,36",0,I,0,ACCROCHE,51PR85U,DF51PR85U,SC,SC,DF,DF,376,761,385,51,GE DIRE
15533,02/01/2026,N0044,615,85,51,N,385,35490,"815823,77","6856151,36",0,86,51,N,0,36105,"816001,08","6855562,77",0,D,0,ACCROCHE,DF51PR85U,51PR86D,DF,DF,SC,SC,0,615,615,51,GE DIRE
15255,02/01/2026,N0044,107,86,51,N,0,36105,"816001,08","6855562,77",0,86,51,N,107,36212,"816041,06","6855450,43",0,D,0,ACCROCHE,51PR86D,FF51PR86D,SC,SC,FF,FF,615,722,107,51,GE DIRE
15253,02/01/2026,N0044,616,85,51,N,385,35494,"815823,77","6856151,36",0,86,51,N,0,36110,"816009,23","6855565,28",0,G,0,ACCROCHE,DF51PR85U,51PR86G,DF,DF,SC,SC,0,616,616,51,GE DIRE
15254,02/01/2026,N0044,107,86,51,N,0,36110,"816009,23","6855565,28",0,86,51,N,107,36217,"816041,06","6855450,43",0,G,0,ACCROCHE,51PR86G,FF51PR86D,SC,SC,FF,FF,616,723,107,51,GE DIRE
15252,02/01/2026,N0044,354,93,51,N,253,43275,"816880,95","6849154,01",0,93,51,N,607,43629,"816735,58","6848828,25",0,D,0,ACCROCHE,DF51PR93U,FRD,DF,DF,FR,FR,0,354,354,51,GE DIRE
15251,02/01/2026,N0044,354,93,51,N,253,43274,"816880,95","6849154,01",0,93,51,N,607,43628,"816748,94","6848823,6",0,G,0,ACCROCHE,DF51PR93U,FRG,DF,DF,FR,FR,0,354,354,51,GE DIRE
13444,02/01/2026,N0044,894,86,51,N,107,36212,"816041,06","6855450,43",0,87,51,N,0,37106,"816362,76","6854638,88",0,I,0,ACCROCHE,FF51PR86D,51PR87U,FF,FF,SC,SC,0,894,894,51,GE DIRE
13448,02/01/2026,N0044,891,87,51,N,0,37106,"816362,76","6854638,88",0,88,51,N,0,37997,"816720,71","6853996,37",0,I,0,ACCROCHE,51PR87U,51PR88U,SC,SC,SC,SC,894,1785,891,51,GE DIRE
13446,02/01/2026,N0044,999,88,51,N,0,37997,"816720,71","6853996,37",0,89,51,N,0,38996,"816325,18","6853153,08",0,I,0,ACCROCHE,51PR88U,51PR89U,SC,SC,SC,SC,1785,2784,999,51,GE DIRE
13443,02/01/2026,N0044,1002,89,51,N,0,38996,"816325,18","6853153,08",0,90,51,N,0,39998,"816725,45","6852274,15",0,I,0,ACCROCHE,51PR89U,51PR90U,SC,SC,SC,SC,2784,3786,1002,51,GE DIRE
13447,02/01/2026,N0044,990,90,51,N,0,39998,"816725,45","6852274,15",0,91,51,N,0,40988,"816960,37","6851322,56",0,I,0,ACCROCHE,51PR90U,51PR91U,SC,SC,SC,SC,3786,4776,990,51,GE DIRE
13445,02/01/2026,N0044,999,91,51,N,0,40988,"816960,37","6851322,56",0,92,51,N,0,41987,"817147,26","6850371,85",0,I,0,ACCROCHE,51PR91U,51PR92U,SC,SC,SC,SC,4776,5775,999,51,GE DIRE
13449,02/01/2026,N0044,141,92,51,N,0,41987,"817147,26","6850371,85",0,92,51,N,141,42128,"817114,15","6850244,59",0,I,0,ACCROCHE,51PR92U,DF51PR92U,SC,SC,DF,DF,5775,5916,141,51,GE DIRE
13442,02/01/2026,N0044,304,92,51,N,141,42133,"817114,15","6850244,59",0,92,51,N,445,42437,"817028,53","6849963,66",0,G,0,ACCROCHE,DF51PR92U,FF51PR92U,DF,DF,FF,FF,0,304,304,51,GE DIRE
13441,02/01/2026,N0044,310,92,51,N,141,42128,"817114,15","6850244,59",0,92,51,N,451,42438,"817028,53","6849963,66",0,D,0,ACCROCHE,DF51PR92U,FF51PR92U,DF,DF,FF,FF,0,310,310,51,GE DIRE
13439,02/01/2026,N0044,584,92,51,N,451,42438,"817028,53","6849963,66",0,93,51,N,0,43022,"816921,97","6849421,59",0,I,0,ACCROCHE,FF51PR92U,51PR93U,FF,FF,SC,SC,0,584,584,51,GE DIRE
13438,02/01/2026,N0044,253,93,51,N,0,43022,"816921,97","6849421,59",0,93,51,N,253,43275,"816880,95","6849154,01",0,I,0,ACCROCHE,51PR93U,DF51PR93U,SC,SC,DF,DF,584,837,253,51,GE DIRE
13404,02/01/2026,N2057,875,2,25,N,0,0,"926299,36","6695149,19",0,3,25,N,0,875,"926091,83","6694328,95",0,I,0,ACCROCHE,25PR2U,25PR3U,DR,DR,SC,SC,0,875,875,25,DIRE
13405,02/01/2026,N2057,82,3,25,N,0,875,"926091,83","6694328,95",0,3,25,N,82,957,"926045,48","6694262,66",0,I,0,ACCROCHE,25PR3U,FRU,SC,SC,FR,FR,875,957,82,25,DIRE
53136,02/01/2026,N0004,1000,0,55,N,0,119827,"847229,87","6838261,17",0,1,55,N,0,120827,"847937,95","6838933,95",0,G,0,ACCROCHE,55PR0G,55PR1G,CS,CS,SC,SC,0,1000,1000,55,GE DIRE
52507,02/01/2026,N0004,243,1,55,N,0,120827,"847937,95","6838933,95",0,2,55,N,0,121070,"848024,62",6839159,0,G,0,ACCROCHE,55PR1G,55PR2G,SC,SC,SC,SC,1000,1243,243,55,GE DIRE
53148,02/01/2026,N0004,940,2,55,N,0,121070,"848024,62",6839159,0,3,55,N,0,122010,"848737,48","6839686,38",0,G,0,ACCROCHE,55PR2G,55PR3G,SC,SC,SC,SC,1243,2183,940,55,GE DIRE
53147,02/01/2026,N0004,1000,3,55,N,0,122010,"848737,48","6839686,38",0,4,55,N,0,123010,"849730,68","6839591,91",0,G,0,ACCROCHE,55PR3G,55PR4G,SC,SC,SC,SC,2183,3183,1000,55,GE DIRE
53142,02/01/2026,N0004,1000,4,55,N,0,123010,"849730,68","6839591,91",0,5,55,N,0,124010,"850722,58","6839737,35",0,G,0,ACCROCHE,55PR4G,55PR5G,SC,SC,SC,SC,3183,4183,1000,55,GE DIRE
53111,02/01/2026,N0004,1000,5,55,N,0,124010,"850722,58","6839737,35",0,6,55,N,0,125010,"851701,51","6839908,36",0,G,0,ACCROCHE,55PR5G,55PR6G,SC,SC,SC,SC,4183,5183,1000,55,GE DIRE
53123,02/01/2026,N0004,1000,6,55,N,0,125010,"851701,51","6839908,36",0,7,55,N,0,126010,"852639,63","6840214,02",0,G,0,ACCROCHE,55PR6G,55PR7G,SC,SC,SC,SC,5183,6183,1000,55,GE DIRE
53134,02/01/2026,N0004,1000,7,55,N,0,126010,"852639,63","6840214,02",0,8,55,N,0,127010,853629,6840223,0,G,0,ACCROCHE,55PR7G,55PR8G,SC,SC,SC,SC,6183,7183,1000,55,GE DIRE
52520,02/01/2026,N0004,1000,8,55,N,0,127010,853629,6840223,0,9,55,N,0,128010,"854619,92","6840104,34",0,G,0,ACCROCHE,55PR8G,55PR9G,SC,SC,SC,SC,7183,8183,1000,55,GE DIRE
53119,02/01/2026,N0004,1000,9,55,N,0,128010,"854619,92","6840104,34",0,10,55,N,0,129010,"855613,4","6839960,61",0,G,0,ACCROCHE,55PR9G,55PR10G,SC,SC,SC,SC,8183,9183,1000,55,GE DIRE
53117,02/01/2026,N0004,1000,10,55,N,0,129010,"855613,4","6839960,61",0,11,55,N,0,130010,"856603,43","6839933,53",0,G,0,ACCROCHE,55PR10G,55PR11G,SC,SC,SC,SC,9183,10183,1000,55,GE DIRE
53124,02/01/2026,N0004,1000,11,55,N,0,130010,"856603,43","6839933,53",0,12,55,N,0,131010,"857579,3","6840118,49",0,G,0,ACCROCHE,55PR11G,55PR12G,SC,SC,SC,SC,10183,11183,1000,55,GE DIRE
53108,02/01/2026,N0004,1000,12,55,N,0,131010,"857579,3","6840118,49",0,13,55,N,0,132010,"858521,66","6840459,29",0,G,0,ACCROCHE,55PR12G,55PR13G,SC,SC,SC,SC,11183,12183,1000,55,GE DIRE
53130,02/01/2026,N0004,1000,13,55,N,0,132010,"858521,66","6840459,29",0,14,55,N,0,133010,"859464,36","6840801,81",0,G,0,ACCROCHE,55PR13G,55PR14G,SC,SC,SC,SC,12183,13183,1000,55,GE DIRE
52508,02/01/2026,N0004,1000,14,55,N,0,133010,"859464,36","6840801,81",0,15,55,N,0,134010,"860422,85","6840742,85",0,G,0,ACCROCHE,55PR14G,55PR15G,SC,SC,SC,SC,13183,14183,1000,55,GE DIRE
52519,02/01/2026,N0004,1000,15,55,N,0,134010,"860422,85","6840742,85",0,16,55,N,0,135010,"861366,88","6840479,45",0,G,0,ACCROCHE,55PR15G,55PR16G,SC,SC,SC,SC,14183,15183,1000,55,GE DIRE
52509,02/01/2026,N0004,1000,16,55,N,0,135010,"861366,88","6840479,45",0,17,55,N,0,136010,862352,"6840657,81",0,G,0,ACCROCHE,55PR16G,55PR17G,SC,SC,SC,SC,15183,16183,1000,55,GE DIRE
53137,02/01/2026,N0004,1000,17,55,N,0,136010,862352,"6840657,81",0,18,55,N,0,137010,"863196,99","6841184,15",0,G,0,ACCROCHE,55PR17G,55PR18G,SC,SC,SC,SC,16183,17183,1000,55,GE DIRE
53116,02/01/2026,N0004,1000,18,55,N,0,137010,"863196,99","6841184,15",0,19,55,N,0,138010,"863998,29","6841795,54",0,G,0,ACCROCHE,55PR18G,55PR19G,SC,SC,SC,SC,17183,18183,1000,55,GE DIRE
52506,02/01/2026,N0004,1000,19,55,N,0,138010,"863998,29","6841795,54",0,20,55,N,0,139010,"864941,75","6842162,05",0,G,0,ACCROCHE,55PR19G,55PR20G,SC,SC,SC,SC,18183,19183,1000,55,GE DIRE
53110,02/01/2026,N0004,1000,20,55,N,0,139010,"864941,75","6842162,05",0,21,55,N,0,140010,"865883,95","6842533,73",0,G,0,ACCROCHE,55PR20G,55PR21G,SC,SC,SC,SC,19183,20183,1000,55,GE DIRE
53150,02/01/2026,N0004,1000,21,55,N,0,140010,"865883,95","6842533,73",0,22,55,N,0,141010,"866818,11","6842924,14",0,G,0,ACCROCHE,55PR21G,55PR22G,SC,SC,SC,SC,20183,21183,1000,55,GE DIRE
53140,02/01/2026,N0004,1000,22,55,N,0,141010,"866818,11","6842924,14",0,23,55,N,0,142010,"867759,12","6843302,24",0,G,0,ACCROCHE,55PR22G,55PR23G,SC,SC,SC,SC,21183,22183,1000,55,GE DIRE
52512,02/01/2026,N0004,1028,23,55,N,0,142010,"867759,12","6843302,24",0,24,55,N,0,143038,"868714,1","6843674,05",0,G,0,ACCROCHE,55PR23G,55PR24G,SC,SC,SC,SC,22183,23211,1028,55,GE DIRE
52523,02/01/2026,N0004,1002,24,55,N,0,143038,"868714,1","6843674,05",0,25,55,N,0,144040,"869467,68","6844297,3",0,G,0,ACCROCHE,55PR24G,55PR25G,SC,SC,SC,SC,23211,24213,1002,55,GE DIRE
52522,02/01/2026,N0004,1000,25,55,N,0,144040,"869467,68","6844297,3",0,26,55,N,0,145040,"869998,66","6845131,89",0,G,0,ACCROCHE,55PR25G,55PR26G,SC,SC,SC,SC,24213,25213,1000,55,GE DIRE
52517,02/01/2026,N0004,1040,26,55,N,0,145040,"869998,66","6845131,89",0,27,55,N,0,146080,"870512,54","6845990,79",0,G,0,ACCROCHE,55PR26G,55PR27G,SC,SC,SC,SC,25213,26253,1040,55,GE DIRE
53149,02/01/2026,N0004,960,27,55,N,0,146080,"870512,54","6845990,79",0,28,55,N,0,147040,"871358,62","6846309,12",0,G,0,ACCROCHE,55PR27G,55PR28G,SC,SC,SC,SC,26253,27213,960,55,GE DIRE
53118,02/01/2026,N0004,997,28,55,N,0,147040,"871358,62","6846309,12",0,29,55,N,0,148037,"872346,27","6846173,13",0,G,0,ACCROCHE,55PR28G,55PR29G,SC,SC,SC,SC,27213,28210,997,55,GE DIRE
53131,02/01/2026,N0004,999,29,55,N,0,148037,"872346,27","6846173,13",0,30,55,N,0,149036,"873325,68","6846347,03",0,G,0,ACCROCHE,55PR29G,55PR30G,SC,SC,SC,SC,28210,29209,999,55,GE DIRE
53141,02/01/2026,N0004,747,30,55,N,0,149036,"873325,68","6846347,03",0,31,55,N,0,149783,"874063,3","6846440,91",0,G,0,ACCROCHE,55PR30G,55PR31G,SC,SC,SC,SC,29209,29956,747,55,GE DIRE
52511,02/01/2026,N0004,747,31,55,N,0,149783,"874063,3","6846440,91",0,32,55,N,0,150530,"874788,52","6846621,83",0,G,0,ACCROCHE,55PR31G,55PR32G,SC,SC,SC,SC,29956,30703,747,55,GE DIRE
53143,02/01/2026,N0004,748,32,55,N,0,150530,"874788,52","6846621,83",0,33,55,N,0,151278,"875512,54","6846815,96",0,G,0,ACCROCHE,55PR32G,55PR33G,SC,SC,SC,SC,30703,31451,748,55,GE DIRE
53145,02/01/2026,N0004,759,33,55,N,0,151278,"875512,54","6846815,96",0,34,55,N,0,152037,"876245,05","6847007,99",0,G,0,ACCROCHE,55PR33G,55PR34G,SC,SC,SC,SC,31451,32210,759,55,GE DIRE
53144,02/01/2026,N0004,992,34,55,N,0,152037,"876245,05","6847007,99",0,35,55,N,0,153029,"877205,34","6847257,86",0,G,0,ACCROCHE,55PR34G,55PR35G,SC,SC,SC,SC,32210,33202,992,55,GE DIRE
52518,02/01/2026,N0004,1021,35,55,N,0,153029,"877205,34","6847257,86",0,36,55,N,0,154050,"878194,9","6847506,48",0,G,0,ACCROCHE,55PR35G,55PR36G,SC,SC,SC,SC,33202,34223,1021,55,GE DIRE
53121,02/01/2026,N0004,1000,36,55,N,0,154050,"878194,9","6847506,48",0,37,55,N,0,155050,"879179,5","6847688,91",0,G,0,ACCROCHE,55PR36G,55PR37G,SC,SC,SC,SC,34223,35223,1000,55,GE DIRE
52516,02/01/2026,N0004,990,37,55,N,0,155050,"879179,5","6847688,91",0,38,55,N,0,156040,"880078,48","6847770,27",0,G,0,ACCROCHE,55PR37G,55PR38G,SC,SC,SC,SC,35223,36213,990,55,GE DIRE
53125,02/01/2026,N0004,591,38,55,N,0,156040,"880078,48","6847770,27",0,39,55,N,0,156631,"880669,85","6847834,32",0,G,0,ACCROCHE,55PR38G,55PR39G,SC,SC,SC,SC,36213,36804,591,55,GE DIRE
53114,02/01/2026,N0004,1101,39,55,N,0,156631,"880669,85","6847834,32",0,40,55,N,0,157732,"881760,46","6847885,58",0,G,0,ACCROCHE,55PR39G,55PR40G,SC,SC,SC,SC,36804,37905,1101,55,GE DIRE
53133,02/01/2026,N0004,962,40,55,N,0,157732,"881760,46","6847885,58",0,41,55,N,0,158694,"882712,71","6848023,31",0,G,0,ACCROCHE,55PR40G,55PR41G,SC,SC,SC,SC,37905,38867,962,55,GE DIRE
53120,02/01/2026,N0004,963,41,55,N,0,158694,"882712,71","6848023,31",0,42,55,N,0,159657,"883674,23","6848001,04",0,G,0,ACCROCHE,55PR41G,55PR42G,SC,SC,SC,SC,38867,39830,963,55,GE DIRE
53109,02/01/2026,N0004,1000,42,55,N,0,159657,"883674,23","6848001,04",0,43,55,N,0,160657,"884659,97","6847886,56",0,G,0,ACCROCHE,55PR42G,55PR43G,SC,SC,SC,SC,39830,40830,1000,55,GE DIRE
53113,02/01/2026,N0004,967,43,55,N,0,160657,"884659,97","6847886,56",0,44,55,N,0,161624,"885629,74","6847937,97",0,G,0,ACCROCHE,55PR43G,55PR44G,SC,SC,SC,SC,40830,41797,967,55,GE DIRE
53129,02/01/2026,N0004,984,44,55,N,0,161624,"885629,74","6847937,97",0,45,55,N,0,162608,"886458,18","6847540,92",0,G,0,ACCROCHE,55PR44G,55PR45G,SC,SC,SC,SC,41797,42781,984,55,GE DIRE
52524,02/01/2026,N0004,1069,45,55,N,0,162608,"886458,18","6847540,92",0,46,55,N,0,163677,"887353,29","6846962,69",0,G,0,ACCROCHE,55PR45G,55PR46G,SC,SC,SC,SC,42781,43850,1069,55,GE DIRE
52510,02/01/2026,N0004,997,46,55,N,0,163677,"887353,29","6846962,69",0,47,55,N,0,164674,"888089,51","6846315,04",0,G,0,ACCROCHE,55PR46G,55PR47G,SC,SC,SC,SC,43850,44847,997,55,GE DIRE
53139,02/01/2026,N0004,998,47,55,N,0,164674,"888089,51","6846315,04",0,48,55,N,0,165672,"889036,54","6846110,07",0,G,0,ACCROCHE,55PR47G,55PR48G,SC,SC,SC,SC,44847,45845,998,55,GE DIRE
52514,02/01/2026,N0004,999,48,55,N,0,165672,"889036,54","6846110,07",0,49,55,N,0,166671,"890032,58","6846068,13",0,G,0,ACCROCHE,55PR48G,55PR49G,SC,SC,SC,SC,45845,46844,999,55,GE DIRE
52513,02/01/2026,N0004,995,49,55,N,0,166671,"890032,58","6846068,13",0,50,55,N,0,167666,"891026,78","6846095,25",0,G,0,ACCROCHE,55PR49G,55PR50G,SC,SC,SC,SC,46844,47839,995,55,GE DIRE
53138,02/01/2026,N0004,995,50,55,N,0,167666,"891026,78","6846095,25",0,51,55,N,0,168661,"891957,87","6846399,77",0,G,0,ACCROCHE,55PR50G,55PR51G,SC,SC,SC,SC,47839,48834,995,55,GE DIRE
53135,02/01/2026,N0004,1016,51,55,N,0,168661,"891957,87","6846399,77",0,52,55,N,0,169677,"892896,79","6846693,99",0,G,0,ACCROCHE,55PR51G,55PR52G,SC,SC,SC,SC,48834,49850,1016,55,GE DIRE
53132,02/01/2026,N0004,1018,52,55,N,0,169677,"892896,79","6846693,99",0,53,55,N,0,170695,"893785,88","6846218,53",0,G,0,ACCROCHE,55PR52G,55PR53G,SC,SC,SC,SC,49850,50868,1018,55,GE DIRE
53128,02/01/2026,N0004,1016,53,55,N,0,170695,"893785,88","6846218,53",0,54,55,N,0,171711,"894783,24","6846031,66",0,G,0,ACCROCHE,55PR53G,55PR54G,SC,SC,SC,SC,50868,51884,1016,55,GE DIRE
53126,02/01/2026,N0004,994,54,55,N,0,171711,"894783,24","6846031,66",0,55,55,N,0,172705,"895743,55","6846228,96",0,G,0,ACCROCHE,55PR54G,55PR55G,SC,SC,SC,SC,51884,52878,994,55,GE DIRE
52521,02/01/2026,N0004,1015,55,55,N,0,172705,"895743,55","6846228,96",0,56,55,N,0,173720,"896663,67","6846636,18",0,G,0,ACCROCHE,55PR55G,55PR56G,SC,SC,SC,SC,52878,53893,1015,55,GE DIRE
53127,02/01/2026,N0004,1000,56,55,N,0,173720,"896663,67","6846636,18",0,57,55,N,0,174720,"897659,71","6846687,81",0,G,0,ACCROCHE,55PR56G,55PR57G,SC,SC,SC,SC,53893,54893,1000,55,GE DIRE
53122,02/01/2026,N0004,1002,57,55,N,0,174720,"897659,71","6846687,81",0,58,55,N,0,175722,"898655,43","6846707,55",0,G,0,ACCROCHE,55PR57G,55PR58G,SC,SC,SC,SC,54893,55895,1002,55,GE DIRE
53115,02/01/2026,N0004,1000,58,55,N,0,175722,"898655,43","6846707,55",0,59,55,N,0,176722,"899550,39","6846302,55",0,G,0,ACCROCHE,55PR58G,55PR59G,SC,SC,SC,SC,55895,56895,1000,55,GE DIRE
52515,02/01/2026,N0004,920,59,55,N,0,176722,"899550,39","6846302,55",0,60,55,N,0,177642,"900439,9","6846167,71",0,G,0,ACCROCHE,55PR59G,55PR60G,SC,SC,SC,SC,56895,57815,920,55,GE DIRE
53146,02/01/2026,N0004,1011,60,55,N,0,177642,"900439,9","6846167,71",0,61,55,N,0,178653,"901427,16","6846016,02",0,G,0,ACCROCHE,55PR60G,55PR61G,SC,SC,SC,SC,57815,58826,1011,55,GE DIRE
53112,02/01/2026,N0004,1027,61,55,N,0,178653,"901427,16","6846016,02",0,0,54,N,0,179680,"902407,87","6845712,28",0,G,0,ACCROCHE,55PR61G,54PR0G,SC,SC,CS,CS,58826,59853,1027,55,GE DIRE
52499,02/01/2026,N0004,1000,0,55,N,0,119837,"847232,47","6838256,97",0,1,55,N,0,120837,"847942,77","6838931,68",0,D,0,ACCROCHE,55PR0D,55PR1D,CS,CS,SC,SC,0,1000,1000,55,GE DIRE
53103,02/01/2026,N0004,243,1,55,N,0,120837,"847942,77","6838931,68",0,2,55,N,0,121080,"848029,93","6839156,92",0,D,0,ACCROCHE,55PR1D,55PR2D,SC,SC,SC,SC,1000,1243,243,55,GE DIRE
52488,02/01/2026,N0004,940,2,55,N,0,121080,"848029,93","6839156,92",0,3,55,N,0,122020,"848740,06","6839675,09",0,D,0,ACCROCHE,55PR2D,55PR3D,SC,SC,SC,SC,1243,2183,940,55,GE DIRE
53104,02/01/2026,N0004,1000,3,55,N,0,122020,"848740,06","6839675,09",0,4,55,N,0,123020,"849730,64","6839580,86",0,D,0,ACCROCHE,55PR3D,55PR4D,SC,SC,SC,SC,2183,3183,1000,55,GE DIRE
53099,02/01/2026,N0004,1000,4,55,N,0,123020,"849730,64","6839580,86",0,5,55,N,0,124020,"850724,58","6839725,24",0,D,0,ACCROCHE,55PR4D,55PR5D,SC,SC,SC,SC,3183,4183,1000,55,GE DIRE
53105,02/01/2026,N0004,1000,5,55,N,0,124020,"850724,58","6839725,24",0,6,55,N,0,125020,"851707,25","6839897,77",0,D,0,ACCROCHE,55PR5D,55PR6D,SC,SC,SC,SC,4183,5183,1000,55,GE DIRE
53093,02/01/2026,N0004,1000,6,55,N,0,125020,"851707,25","6839897,77",0,7,55,N,0,126020,"852638,7","6840203,98",0,D,0,ACCROCHE,55PR6D,55PR7D,SC,SC,SC,SC,5183,6183,1000,55,GE DIRE
53102,02/01/2026,N0004,1000,7,55,N,0,126020,"852638,7","6840203,98",0,8,55,N,0,127020,"853630,75","6840212,63",0,D,0,ACCROCHE,55PR7D,55PR8D,SC,SC,SC,SC,6183,7183,1000,55,GE DIRE
52496,02/01/2026,N0004,1000,8,55,N,0,127020,"853630,75","6840212,63",0,9,55,N,0,128020,"854618,27","6840093,24",0,D,0,ACCROCHE,55PR8D,55PR9D,SC,SC,SC,SC,7183,8183,1000,55,GE DIRE
52477,02/01/2026,N0004,1000,9,55,N,0,128020,"854618,27","6840093,24",0,10,55,N,0,129020,"855611,67","6839948,82",0,D,0,ACCROCHE,55PR9D,55PR10D,SC,SC,SC,SC,8183,9183,1000,55,GE DIRE
52482,02/01/2026,N0004,1000,10,55,N,0,129020,"855611,67","6839948,82",0,11,55,N,0,130020,"856606,79","6839924,18",0,D,0,ACCROCHE,55PR10D,55PR11D,SC,SC,SC,SC,9183,10183,1000,55,GE DIRE
52495,02/01/2026,N0004,1000,11,55,N,0,130020,"856606,79","6839924,18",0,12,55,N,0,131020,"857582,43","6840107,28",0,D,0,ACCROCHE,55PR11D,55PR12D,SC,SC,SC,SC,10183,11183,1000,55,GE DIRE
52470,02/01/2026,N0004,1000,12,55,N,0,131020,"857582,43","6840107,28",0,13,55,N,0,132020,"858525,94","6840447,7",0,D,0,ACCROCHE,55PR12D,55PR13D,SC,SC,SC,SC,11183,12183,1000,55,GE DIRE
52500,02/01/2026,N0004,1000,13,55,N,0,132020,"858525,94","6840447,7",0,14,55,N,0,133020,"859467,86","6840791,92",0,D,0,ACCROCHE,55PR13D,55PR14D,SC,SC,SC,SC,12183,13183,1000,55,GE DIRE
52468,02/01/2026,N0004,1000,14,55,N,0,133020,"859467,86","6840791,92",0,15,55,N,0,134020,"860417,28","6840733,19",0,D,0,ACCROCHE,55PR14D,55PR15D,SC,SC,SC,SC,13183,14183,1000,55,GE DIRE
52475,02/01/2026,N0004,1000,15,55,N,0,134020,"860417,28","6840733,19",0,16,55,N,0,135020,"861368,34","6840468,49",0,D,0,ACCROCHE,55PR15D,55PR16D,SC,SC,SC,SC,14183,15183,1000,55,GE DIRE
53097,02/01/2026,N0004,1000,16,55,N,0,135020,"861368,34","6840468,49",0,17,55,N,0,136020,"862355,1","6840648,19",0,D,0,ACCROCHE,55PR16D,55PR17D,SC,SC,SC,SC,15183,16183,1000,55,GE DIRE
53107,02/01/2026,N0004,1000,17,55,N,0,136020,"862355,1","6840648,19",0,18,55,N,0,137020,"863204,17","6841177,05",0,D,0,ACCROCHE,55PR17D,55PR18D,SC,SC,SC,SC,16183,17183,1000,55,GE DIRE
52504,02/01/2026,N0004,1000,18,55,N,0,137020,"863204,17","6841177,05",0,19,55,N,0,138020,"864001,91","6841786,22",0,D,0,ACCROCHE,55PR18D,55PR19D,SC,SC,SC,SC,17183,18183,1000,55,GE DIRE
52463,02/01/2026,N0004,994,19,55,N,0,138020,"864001,91","6841786,22",0,20,55,N,0,139014,"864945,23","6842153,19",0,D,0,ACCROCHE,55PR19D,55PR20D,SC,SC,SC,SC,18183,19177,994,55,GE DIRE
52479,02/01/2026,N0004,1000,20,55,N,0,139014,"864945,23","6842153,19",0,21,55,N,0,140014,"865888,54","6842522,64",0,D,0,ACCROCHE,55PR20D,55PR21D,SC,SC,SC,SC,19177,20177,1000,55,GE DIRE
52485,02/01/2026,N0004,999,21,55,N,0,140014,"865888,54","6842522,64",0,22,55,N,0,141013,"866824,01","6842912,13",0,D,0,ACCROCHE,55PR21D,55PR22D,SC,SC,SC,SC,20177,21176,999,55,GE DIRE
53095,02/01/2026,N0004,1001,22,55,N,0,141013,"866824,01","6842912,13",0,23,55,N,0,142014,"867763,05","6843292,41",0,D,0,ACCROCHE,55PR22D,55PR23D,SC,SC,SC,SC,21176,22177,1001,55,GE DIRE
52461,02/01/2026,N0004,1026,23,55,N,0,142014,"867763,05","6843292,41",0,24,55,N,0,143040,"868718,06","6843664,89",0,D,0,ACCROCHE,55PR23D,55PR24D,SC,SC,SC,SC,22177,23203,1026,55,GE DIRE
52497,02/01/2026,N0004,1008,24,55,N,0,143040,"868718,06","6843664,89",0,25,55,N,0,144048,"869476,01","6844292,44",0,D,0,ACCROCHE,55PR24D,55PR25D,SC,SC,SC,SC,23203,24211,1008,55,GE DIRE
52503,02/01/2026,N0004,995,25,55,N,0,144048,"869476,01","6844292,44",0,26,55,N,0,145043,"870005,21","6845124,57",0,D,0,ACCROCHE,55PR25D,55PR26D,SC,SC,SC,SC,24211,25206,995,55,GE DIRE
52478,02/01/2026,N0004,1038,26,55,N,0,145043,"870005,21","6845124,57",0,27,55,N,0,146081,"870521,03","6845986,15",0,D,0,ACCROCHE,55PR26D,55PR27D,SC,SC,SC,SC,25206,26244,1038,55,GE DIRE
52483,02/01/2026,N0004,949,27,55,N,0,146081,"870521,03","6845986,15",0,28,55,N,0,147030,"871357,98","6846299,26",0,D,0,ACCROCHE,55PR27D,55PR28D,SC,SC,SC,SC,26244,27193,949,55,GE DIRE
52472,02/01/2026,N0004,999,28,55,N,0,147030,"871357,98","6846299,26",0,29,55,N,0,148029,872346,"6846163,67",0,D,0,ACCROCHE,55PR28D,55PR29D,SC,SC,SC,SC,27193,28192,999,55,GE DIRE
52486,02/01/2026,N0004,1006,29,55,N,0,148029,872346,"6846163,67",0,30,55,N,0,149035,"873327,77","6846337,55",0,D,0,ACCROCHE,55PR29D,55PR30D,SC,SC,SC,SC,28192,29198,1006,55,GE DIRE
53094,02/01/2026,N0004,749,30,55,N,0,149035,"873327,77","6846337,55",0,31,55,N,0,149784,"874065,36","6846430,05",0,D,0,ACCROCHE,55PR30D,55PR31D,SC,SC,SC,SC,29198,29947,749,55,GE DIRE
52460,02/01/2026,N0004,749,31,55,N,0,149784,"874065,36","6846430,05",0,32,55,N,0,150533,"874795,68","6846596,75",0,D,0,ACCROCHE,55PR31D,55PR32D,SC,SC,SC,SC,29947,30696,749,55,GE DIRE
52487,02/01/2026,N0004,749,32,55,N,0,150533,"874795,68","6846596,75",0,33,55,N,0,151282,"875516,02","6846801,02",0,D,0,ACCROCHE,55PR32D,55PR33D,SC,SC,SC,SC,30696,31445,749,55,GE DIRE
52471,02/01/2026,N0004,757,33,55,N,0,151282,"875516,02","6846801,02",0,34,55,N,0,152039,"876248,28","6846995,68",0,D,0,ACCROCHE,55PR33D,55PR34D,SC,SC,SC,SC,31445,32202,757,55,GE DIRE
52464,02/01/2026,N0004,993,34,55,N,0,152039,"876248,28","6846995,68",0,35,55,N,0,153032,"877208,43","6847244,15",0,D,0,ACCROCHE,55PR34D,55PR35D,SC,SC,SC,SC,32202,33195,993,55,GE DIRE
52467,02/01/2026,N0004,1019,35,55,N,0,153032,"877208,43","6847244,15",0,36,55,N,0,154051,"878197,89","6847494,57",0,D,0,ACCROCHE,55PR35D,55PR36D,SC,SC,SC,SC,33195,34214,1019,55,GE DIRE
52502,02/01/2026,N0004,1000,36,55,N,0,154051,"878197,89","6847494,57",0,37,55,N,0,155051,"879174,25","6847661,62",0,D,0,ACCROCHE,55PR36D,55PR37D,SC,SC,SC,SC,34214,35214,1000,55,GE DIRE
52466,02/01/2026,N0004,1000,37,55,N,0,155051,"879174,25","6847661,62",0,38,55,N,0,156051,"880083,55","6847759,51",0,D,0,ACCROCHE,55PR37D,55PR38D,SC,SC,SC,SC,35214,36214,1000,55,GE DIRE
52476,02/01/2026,N0004,583,38,55,N,0,156051,"880083,55","6847759,51",0,39,55,N,0,156634,"880670,38","6847822,43",0,D,0,ACCROCHE,55PR38D,55PR39D,SC,SC,SC,SC,36214,36797,583,55,GE DIRE
52484,02/01/2026,N0004,1102,39,55,N,0,156634,"880670,38","6847822,43",0,40,55,N,0,157736,"881761,36","6847873,33",0,D,0,ACCROCHE,55PR39D,55PR40D,SC,SC,SC,SC,36797,37899,1102,55,GE DIRE
53098,02/01/2026,N0004,970,40,55,N,0,157736,"881761,36","6847873,33",0,41,55,N,0,158706,"882714,02","6848010,71",0,D,0,ACCROCHE,55PR40D,55PR41D,SC,SC,SC,SC,37899,38869,970,55,GE DIRE
52494,02/01/2026,N0004,954,41,55,N,0,158706,"882714,02","6848010,71",0,42,55,N,0,159660,"883671,81","6847988,92",0,D,0,ACCROCHE,55PR41D,55PR42D,SC,SC,SC,SC,38869,39823,954,55,GE DIRE
52489,02/01/2026,N0004,1004,42,55,N,0,159660,"883671,81","6847988,92",0,43,55,N,0,160664,"884660,01","6847874,66",0,D,0,ACCROCHE,55PR42D,55PR43D,SC,SC,SC,SC,39823,40827,1004,55,GE DIRE
52474,02/01/2026,N0004,965,43,55,N,0,160664,"884660,01","6847874,66",0,44,55,N,0,161629,"885631,09","6847923,56",0,D,0,ACCROCHE,55PR43D,55PR44D,SC,SC,SC,SC,40827,41792,965,55,GE DIRE
52465,02/01/2026,N0004,965,44,55,N,0,161629,"885631,09","6847923,56",0,45,55,N,0,162594,"886450,31","6847531,64",0,D,0,ACCROCHE,55PR44D,55PR45D,SC,SC,SC,SC,41792,42757,965,55,GE DIRE
53101,02/01/2026,N0004,1070,45,55,N,0,162594,"886450,31","6847531,64",0,46,55,N,0,163664,"887347,28","6846951,02",0,D,0,ACCROCHE,55PR45D,55PR46D,SC,SC,SC,SC,42757,43827,1070,55,GE DIRE
52501,02/01/2026,N0004,996,46,55,N,0,163664,"887347,28","6846951,02",0,47,55,N,0,164660,"888082,61","6846302,98",0,D,0,ACCROCHE,55PR46D,55PR47D,SC,SC,SC,SC,43827,44823,996,55,GE DIRE
52493,02/01/2026,N0004,1000,47,55,N,0,164660,"888082,61","6846302,98",0,48,55,N,0,165660,"889034,94","6846097,76",0,D,0,ACCROCHE,55PR47D,55PR48D,SC,SC,SC,SC,44823,45823,1000,55,GE DIRE
52469,02/01/2026,N0004,999,48,55,N,0,165660,"889034,94","6846097,76",0,49,55,N,0,166659,"890032,56","6846054,27",0,D,0,ACCROCHE,55PR48D,55PR49D,SC,SC,SC,SC,45823,46822,999,55,GE DIRE
52473,02/01/2026,N0004,1002,49,55,N,0,166659,"890032,56","6846054,27",0,50,55,N,0,167661,"891029,95","6846080,88",0,D,0,ACCROCHE,55PR49D,55PR50D,SC,SC,SC,SC,46822,47824,1002,55,GE DIRE
52492,02/01/2026,N0004,1001,50,55,N,0,167661,"891029,95","6846080,88",0,51,55,N,0,168662,"891964,01","6846389,34",0,D,0,ACCROCHE,55PR50D,55PR51D,SC,SC,SC,SC,47824,48825,1001,55,GE DIRE
53106,02/01/2026,N0004,1005,51,55,N,0,168662,"891964,01","6846389,34",0,52,55,N,0,169667,"892895,38","6846684,27",0,D,0,ACCROCHE,55PR51D,55PR52D,SC,SC,SC,SC,48825,49830,1005,55,GE DIRE
52505,02/01/2026,N0004,1014,52,55,N,0,169667,"892895,38","6846684,27",0,53,55,N,0,170681,"893782,35","6846209,55",0,D,0,ACCROCHE,55PR52D,55PR53D,SC,SC,SC,SC,49830,50844,1014,55,GE DIRE
52480,02/01/2026,N0004,1016,53,55,N,0,170681,"893782,35","6846209,55",0,54,55,N,0,171697,"894782,93","6846016,84",0,D,0,ACCROCHE,55PR53D,55PR54D,SC,SC,SC,SC,50844,51860,1016,55,GE DIRE
52462,02/01/2026,N0004,981,54,55,N,0,171697,"894782,93","6846016,84",0,55,55,N,0,172678,"895747,9","6846217,89",0,D,0,ACCROCHE,55PR54D,55PR55D,SC,SC,SC,SC,51860,52841,981,55,GE DIRE
53096,02/01/2026,N0004,1024,55,55,N,0,172678,"895747,9","6846217,89",0,56,55,N,0,173702,"896666,59","6846623,95",0,D,0,ACCROCHE,55PR55D,55PR56D,SC,SC,SC,SC,52841,53865,1024,55,GE DIRE
52481,02/01/2026,N0004,997,56,55,N,0,173702,"896666,59","6846623,95",0,57,55,N,0,174699,"897661,76","6846666,71",0,D,0,ACCROCHE,55PR56D,55PR57D,SC,SC,SC,SC,53865,54862,997,55,GE DIRE
52490,02/01/2026,N0004,993,57,55,N,0,174699,"897661,76","6846666,71",0,58,55,N,0,175692,"898655,93","6846694,87",0,D,0,ACCROCHE,55PR57D,55PR58D,SC,SC,SC,SC,54862,55855,993,55,GE DIRE
52498,02/01/2026,N0004,994,58,55,N,0,175692,"898655,93","6846694,87",0,59,55,N,0,176686,"899544,35","6846290,79",0,D,0,ACCROCHE,55PR58D,55PR59D,SC,SC,SC,SC,55855,56849,994,55,GE DIRE
52491,02/01/2026,N0004,925,59,55,N,0,176686,"899544,35","6846290,79",0,60,55,N,0,177611,"900440,78","6846156,04",0,D,0,ACCROCHE,55PR59D,55PR60D,SC,SC,SC,SC,56849,57774,925,55,GE DIRE
52459,02/01/2026,N0004,1007,60,55,N,0,177611,"900440,78","6846156,04",0,61,55,N,0,178618,"901424,88","6846006,17",0,D,0,ACCROCHE,55PR60D,55PR61D,SC,SC,SC,SC,57774,58781,1007,55,GE DIRE
53100,02/01/2026,N0004,1027,61,55,N,0,178618,"901424,88","6846006,17",0,0,54,N,0,179645,"902404,35","6845702,74",0,D,0,ACCROCHE,55PR61D,54PR0D,SC,SC,CS,CS,58781,59808,1027,55,GE DIRE
16945,02/01/2026,N0004,1001,0,57,N,0,232551,"986231,05","6843141,13",0,1,57,N,0,233552,"986895,03","6843859,11",0,I,0,ACCROCHE,57PR0U,57PR1U,CS,CS,SC,SC,0,1001,1001,57,GE DIRE
16946,02/01/2026,N0004,1003,1,57,N,0,233552,"986895,03","6843859,11",0,2,57,N,0,234555,"987349,67","6844720,68",0,I,0,ACCROCHE,57PR1U,57PR2U,SC,SC,SC,SC,1001,2004,1003,57,GE DIRE
16947,02/01/2026,N0004,1003,2,57,N,0,234555,"987349,67","6844720,68",0,3,57,N,0,235558,"988218,9","6845231,66",0,I,0,ACCROCHE,57PR2U,57PR3U,SC,SC,SC,SC,2004,3007,1003,57,GE DIRE
16948,02/01/2026,N0004,978,3,57,N,0,235558,"988218,9","6845231,66",0,4,57,N,0,236536,"988825,04","6845964,51",0,I,0,ACCROCHE,57PR3U,57PR4U,SC,SC,SC,SC,3007,3985,978,57,GE DIRE
16944,02/01/2026,N0004,543,4,57,N,0,236536,"988825,04","6845964,51",0,4,57,N,543,237079,"989120,86","6846411,85",0,I,0,ACCROCHE,57PR4U,DF57PR4U,SC,SC,DF,DF,3985,4528,543,57,GE DIRE
16931,02/01/2026,N0004,536,4,57,N,543,236943,"989120,86","6846411,85",0,5,57,N,0,237479,"989529,62","6846758,43",0,G,0,ACCROCHE,DF57PR4U,57PR5G,DF,DF,SC,SC,0,536,536,57,GE DIRE
16777,02/01/2026,N0004,838,5,57,N,0,237479,"989529,62","6846758,43",0,6,57,N,0,238317,"989893,9","6847489,13",0,G,0,ACCROCHE,57PR5G,57PR6G,SC,SC,SC,SC,536,1374,838,57,GE DIRE
16933,02/01/2026,N0004,991,6,57,N,0,238317,"989893,9","6847489,13",0,7,57,N,0,239308,"990274,23","6848397,66",0,G,0,ACCROCHE,57PR6G,57PR7G,SC,SC,SC,SC,1374,2365,991,57,GE DIRE
16939,02/01/2026,N0004,996,7,57,N,0,239308,"990274,23","6848397,66",0,8,57,N,0,240304,"990732,26","6849282,31",0,G,0,ACCROCHE,57PR7G,57PR8G,SC,SC,SC,SC,2365,3361,996,57,GE DIRE
16928,02/01/2026,N0004,1031,8,57,N,0,240304,"990732,26","6849282,31",0,9,57,N,0,241335,"991200,26","6850198,63",0,G,0,ACCROCHE,57PR8G,57PR9G,SC,SC,SC,SC,3361,4392,1031,57,GE DIRE
16929,02/01/2026,N0004,1321,9,57,N,0,241335,"991200,26","6850198,63",0,10,57,N,0,242656,"991241,2","6851445,38",0,G,0,ACCROCHE,57PR9G,57PR10G,SC,SC,SC,SC,4392,5713,1321,57,GE DIRE
16937,02/01/2026,N0004,1212,10,57,N,0,242656,"991241,2","6851445,38",0,11,57,N,0,243868,"992374,61","6851812,1",0,G,0,ACCROCHE,57PR10G,57PR11G,SC,SC,SC,SC,5713,6925,1212,57,GE DIRE
16784,02/01/2026,N0004,708,11,57,N,0,243868,"992374,61","6851812,1",0,12,57,N,0,244576,"993028,9","6852056,57",0,G,0,ACCROCHE,57PR11G,57PR12G,SC,SC,SC,SC,6925,7633,708,57,GE DIRE
16934,02/01/2026,N0004,710,12,57,N,0,244576,"993028,9","6852056,57",0,13,57,N,0,245286,"993669,97","6852366,67",0,G,0,ACCROCHE,57PR12G,57PR13G,SC,SC,SC,SC,7633,8343,710,57,GE DIRE
16776,02/01/2026,N0004,719,13,57,N,0,245286,"993669,97","6852366,67",0,14,57,N,0,246005,"994366,26","6852524,62",0,G,0,ACCROCHE,57PR13G,57PR14G,SC,SC,SC,SC,8343,9062,719,57,GE DIRE
16782,02/01/2026,N0004,1003,14,57,N,0,246005,"994366,26","6852524,62",0,15,57,N,0,247008,"995344,36","6852390,44",0,G,0,ACCROCHE,57PR14G,57PR15G,SC,SC,SC,SC,9062,10065,1003,57,GE DIRE
16780,02/01/2026,N0004,992,15,57,N,0,247008,"995344,36","6852390,44",0,16,57,N,0,248000,"996327,85","6852385,51",0,G,0,ACCROCHE,57PR15G,57PR16G,SC,SC,SC,SC,10065,11057,992,57,GE DIRE
16942,02/01/2026,N0004,994,16,57,N,0,248000,"996327,85","6852385,51",0,17,57,N,0,248994,"996923,36","6853142,66",0,G,0,ACCROCHE,57PR16G,57PR17G,SC,SC,SC,SC,11057,12051,994,57,GE DIRE
16926,02/01/2026,N0004,1009,17,57,N,0,248994,"996923,36","6853142,66",0,18,57,N,0,250003,"997537,21","6853883,85",0,G,0,ACCROCHE,57PR17G,57PR18G,SC,SC,SC,SC,12051,13060,1009,57,GE DIRE
16941,02/01/2026,N0004,1002,18,57,N,0,250003,"997537,21","6853883,85",0,19,57,N,0,251005,"998342,02","6854468,61",0,G,0,ACCROCHE,57PR18G,57PR19G,SC,SC,SC,SC,13060,14062,1002,57,GE DIRE
16779,02/01/2026,N0004,1199,19,57,N,0,251005,"998342,02","6854468,61",0,20,57,N,0,252204,"999100,1","6855385,9",0,G,0,ACCROCHE,57PR19G,57PR20G,SC,SC,SC,SC,14062,15261,1199,57,GE DIRE
16778,02/01/2026,N0004,1179,20,57,N,0,252204,"999100,1","6855385,9",0,21,57,N,0,253383,"1000051,24","6856080,53",0,G,0,ACCROCHE,57PR20G,57PR21G,SC,SC,SC,SC,15261,16440,1179,57,GE DIRE
16775,02/01/2026,N0004,1227,21,57,N,0,253383,"1000051,24","6856080,53",0,22,57,N,0,254610,"1001211,91","6856477,14",0,G,0,ACCROCHE,57PR21G,57PR22G,SC,SC,SC,SC,16440,17667,1227,57,GE DIRE
16930,02/01/2026,N0004,1226,22,57,N,0,254610,"1001211,91","6856477,14",0,23,57,N,0,255836,"1002428,31","6856609,57",0,G,0,ACCROCHE,57PR22G,57PR23G,SC,SC,SC,SC,17667,18893,1226,57,GE DIRE
16774,02/01/2026,N0004,1226,23,57,N,0,255836,"1002428,31","6856609,57",0,24,57,N,0,257062,"1003085,17","6857537,41",0,G,0,ACCROCHE,57PR23G,57PR24G,SC,SC,SC,SC,18893,20119,1226,57,GE DIRE
16925,02/01/2026,N0004,1255,24,57,N,0,257062,"1003085,17","6857537,41",0,25,57,N,0,258317,"1004262,21","6857918,56",0,G,0,ACCROCHE,57PR24G,57PR25G,SC,SC,SC,SC,20119,21374,1255,57,GE DIRE
16927,02/01/2026,N0004,1009,25,57,N,0,258317,"1004262,21","6857918,56",0,26,57,N,0,259326,"1005252,86","6858076,22",0,G,0,ACCROCHE,57PR25G,57PR26G,SC,SC,SC,SC,21374,22383,1009,57,GE DIRE
16935,02/01/2026,N0004,1013,26,57,N,0,259326,"1005252,86","6858076,22",0,27,57,N,0,260339,"1006256,06","6858196,65",0,G,0,ACCROCHE,57PR26G,57PR27G,SC,SC,SC,SC,22383,23396,1013,57,GE DIRE
16940,02/01/2026,N0004,982,27,57,N,0,260339,"1006256,06","6858196,65",0,28,57,N,0,261321,"1007149,65","6858591,33",0,G,0,ACCROCHE,57PR27G,57PR28G,SC,SC,SC,SC,23396,24378,982,57,GE DIRE
16781,02/01/2026,N0004,1037,28,57,N,0,261321,"1007149,65","6858591,33",0,29,57,N,0,262358,"1008162,31","6858700,46",0,G,0,ACCROCHE,57PR28G,57PR29G,SC,SC,SC,SC,24378,25415,1037,57,GE DIRE
16938,02/01/2026,N0004,1011,29,57,N,0,262358,"1008162,31","6858700,46",0,30,57,N,0,263369,"1009121,1","6858962,01",0,G,0,ACCROCHE,57PR29G,57PR30G,SC,SC,SC,SC,25415,26426,1011,57,GE DIRE
16932,02/01/2026,N0004,957,30,57,N,0,263369,"1009121,1","6858962,01",0,31,57,N,0,264326,"1009757,19","6859717,46",0,G,0,ACCROCHE,57PR30G,57PR31G,SC,SC,SC,SC,26426,27383,957,57,GE DIRE
16936,02/01/2026,N0004,1049,31,57,N,0,264326,"1009757,19","6859717,46",0,32,57,N,0,265375,"1010714,46","6859986,43",0,G,0,ACCROCHE,57PR31G,57PR32G,SC,SC,SC,SC,27383,28432,1049,57,GE DIRE
16783,02/01/2026,N0004,827,32,57,N,0,265375,"1010714,46","6859986,43",0,32,57,N,827,266202,"1011348,51","6860441,16",0,G,0,ACCROCHE,57PR32G,FRG,SC,SC,FR,FR,28432,29259,827,57,GE DIRE
16773,02/01/2026,N0004,536,4,57,N,543,237079,"989120,86","6846411,85",0,5,57,N,0,237615,"989535,67",6846751,0,D,0,ACCROCHE,DF57PR4U,57PR5D,DF,DF,SC,SC,0,536,536,57,GE DIRE
16746,02/01/2026,N0004,849,5,57,N,0,237615,"989535,67",6846751,0,6,57,N,0,238464,"989903,62","6847487,24",0,D,0,ACCROCHE,57PR5D,57PR6D,SC,SC,SC,SC,536,1385,849,57,GE DIRE
16752,02/01/2026,N0004,987,6,57,N,0,238464,"989903,62","6847487,24",0,7,57,N,0,239451,"990283,07","6848393,07",0,D,0,ACCROCHE,57PR6D,57PR7D,SC,SC,SC,SC,1385,2372,987,57,GE DIRE
16771,02/01/2026,N0004,996,7,57,N,0,239451,"990283,07","6848393,07",0,8,57,N,0,240447,"990741,3","6849277,57",0,D,0,ACCROCHE,57PR7D,57PR8D,SC,SC,SC,SC,2372,3368,996,57,GE DIRE
16768,02/01/2026,N0004,1034,8,57,N,0,240447,"990741,3","6849277,57",0,9,57,N,0,241481,"991211,41","6850196,03",0,D,0,ACCROCHE,57PR8D,57PR9D,SC,SC,SC,SC,3368,4402,1034,57,GE DIRE
16770,02/01/2026,N0004,1316,9,57,N,0,241481,"991211,41","6850196,03",0,10,57,N,0,242797,"991248,68","6851438,3",0,D,0,ACCROCHE,57PR9D,57PR10D,SC,SC,SC,SC,4402,5718,1316,57,GE DIRE
16759,02/01/2026,N0004,1200,10,57,N,0,242797,"991248,68","6851438,3",0,11,57,N,0,243997,"992376,39","6851801,89",0,D,0,ACCROCHE,57PR10D,57PR11D,SC,SC,SC,SC,5718,6918,1200,57,GE DIRE
16747,02/01/2026,N0004,712,11,57,N,0,243997,"992376,39","6851801,89",0,12,57,N,0,244709,"993033,58","6852047,13",0,D,0,ACCROCHE,57PR11D,57PR12D,SC,SC,SC,SC,6918,7630,712,57,GE DIRE
16754,02/01/2026,N0004,709,12,57,N,0,244709,"993033,58","6852047,13",0,13,57,N,0,245418,"993673,88","6852357,62",0,D,0,ACCROCHE,57PR12D,57PR13D,SC,SC,SC,SC,7630,8339,709,57,GE DIRE
16769,02/01/2026,N0004,714,13,57,N,0,245418,"993673,88","6852357,62",0,14,57,N,0,246132,"994366,65","6852514,56",0,D,0,ACCROCHE,57PR13D,57PR14D,SC,SC,SC,SC,8339,9053,714,57,GE DIRE
16753,02/01/2026,N0004,997,14,57,N,0,246132,"994366,65","6852514,56",0,15,57,N,0,247129,"995342,41","6852380,59",0,D,0,ACCROCHE,57PR14D,57PR15D,SC,SC,SC,SC,9053,10050,997,57,GE DIRE
16760,02/01/2026,N0004,1001,15,57,N,0,247129,"995342,41","6852380,59",0,16,57,N,0,248130,"996331,76","6852376,21",0,D,0,ACCROCHE,57PR15D,57PR16D,SC,SC,SC,SC,10050,11051,1001,57,GE DIRE
16766,02/01/2026,N0004,1008,16,57,N,0,248130,"996331,76","6852376,21",0,17,57,N,0,249138,"996932,13","6853139,43",0,D,0,ACCROCHE,57PR16D,57PR17D,SC,SC,SC,SC,11051,12059,1008,57,GE DIRE
16763,02/01/2026,N0004,998,17,57,N,0,249138,"996932,13","6853139,43",0,18,57,N,0,250136,"997540,7","6853876,35",0,D,0,ACCROCHE,57PR17D,57PR18D,SC,SC,SC,SC,12059,13057,998,57,GE DIRE
16751,02/01/2026,N0004,1007,18,57,N,0,250136,"997540,7","6853876,35",0,19,57,N,0,251143,"998350,13","6854461,73",0,D,0,ACCROCHE,57PR18D,57PR19D,SC,SC,SC,SC,13057,14064,1007,57,GE DIRE
16750,02/01/2026,N0004,1199,19,57,N,0,251143,"998350,13","6854461,73",0,20,57,N,0,252342,"999107,6","6855378,32",0,D,0,ACCROCHE,57PR19D,57PR20D,SC,SC,SC,SC,14064,15263,1199,57,GE DIRE
16745,02/01/2026,N0004,1179,20,57,N,0,252342,"999107,6","6855378,32",0,21,57,N,0,253521,"1000056,15","6856071,11",0,D,0,ACCROCHE,57PR20D,57PR21D,SC,SC,SC,SC,15263,16442,1179,57,GE DIRE
16764,02/01/2026,N0004,1227,21,57,N,0,253521,"1000056,15","6856071,11",0,22,57,N,0,254748,"1001213,76","6856466,89",0,D,0,ACCROCHE,57PR21D,57PR22D,SC,SC,SC,SC,16442,17669,1227,57,GE DIRE
16767,02/01/2026,N0004,1226,22,57,N,0,254748,"1001213,76","6856466,89",0,23,57,N,0,255974,"1002430,28","6856599,32",0,D,0,ACCROCHE,57PR22D,57PR23D,SC,SC,SC,SC,17669,18895,1226,57,GE DIRE
16749,02/01/2026,N0004,1227,23,57,N,0,255974,"1002430,28","6856599,32",0,24,57,N,0,257201,"1003092,75","6857530,63",0,D,0,ACCROCHE,57PR23D,57PR24D,SC,SC,SC,SC,18895,20122,1227,57,GE DIRE
16757,02/01/2026,N0004,1251,24,57,N,0,257201,"1003092,75","6857530,63",0,25,57,N,0,258452,"1004264,21","6857906,45",0,D,0,ACCROCHE,57PR24D,57PR25D,SC,SC,SC,SC,20122,21373,1251,57,GE DIRE
16765,02/01/2026,N0004,1009,25,57,N,0,258452,"1004264,21","6857906,45",0,26,57,N,0,259461,"1005254,88","6858063,92",0,D,0,ACCROCHE,57PR25D,57PR26D,SC,SC,SC,SC,21373,22382,1009,57,GE DIRE
16748,02/01/2026,N0004,1015,26,57,N,0,259461,"1005254,88","6858063,92",0,27,57,N,0,260476,"1006258,19","6858185,05",0,D,0,ACCROCHE,57PR26D,57PR27D,SC,SC,SC,SC,22382,23397,1015,57,GE DIRE
16772,02/01/2026,N0004,984,27,57,N,0,260476,"1006258,19","6858185,05",0,28,57,N,0,261460,"1007154,83","6858580,21",0,D,0,ACCROCHE,57PR27D,57PR28D,SC,SC,SC,SC,23397,24381,984,57,GE DIRE
16762,02/01/2026,N0004,1036,28,57,N,0,261460,"1007154,83","6858580,21",0,29,57,N,0,262496,"1008164,79","6858689,06",0,D,0,ACCROCHE,57PR28D,57PR29D,SC,SC,SC,SC,24381,25417,1036,57,GE DIRE
16755,02/01/2026,N0004,1013,29,57,N,0,262496,"1008164,79","6858689,06",0,30,57,N,0,263509,"1009126,89","6858953,86",0,D,0,ACCROCHE,57PR29D,57PR30D,SC,SC,SC,SC,25417,26430,1013,57,GE DIRE
16758,02/01/2026,N0004,994,30,57,N,0,263509,"1009126,89","6858953,86",0,31,57,N,0,264503,"1009762,53","6859710,27",0,D,0,ACCROCHE,57PR30D,57PR31D,SC,SC,SC,SC,26430,27424,994,57,GE DIRE
16761,02/01/2026,N0004,1009,31,57,N,0,264503,"1009762,53","6859710,27",0,32,57,N,0,265512,"1010715,18","6859977,54",0,D,0,ACCROCHE,57PR31D,57PR32D,SC,SC,SC,SC,27424,28433,1009,57,GE DIRE
16756,02/01/2026,N0004,845,32,57,N,0,265512,"1010715,18","6859977,54",0,32,57,N,845,266357,"1011379,47","6860425,81",0,D,0,ACCROCHE,57PR32D,FRD,SC,SC,FR,FR,28433,29278,845,57,GE DIRE
15969,02/01/2026,N0004,509,60,51,N,494,60649,"792449,45","6848771,74",0,61,51,N,0,61158,"792954,36","6848825,87",0,I,0,ACCROCHE,FF51PR60D,51PR61U,FF,FF,SC,SC,0,509,509,51,GE DIRE
15974,02/01/2026,N0004,999,61,51,N,0,61158,"792954,36","6848825,87",0,62,51,N,0,62157,"793948,7","6848930,78",0,I,0,ACCROCHE,51PR61U,51PR62U,SC,SC,SC,SC,509,1508,999,51,GE DIRE
15975,02/01/2026,N0004,1001,62,51,N,0,62157,"793948,7","6848930,78",0,63,51,N,0,63158,"794943,79","6849036,43",0,I,0,ACCROCHE,51PR62U,51PR63U,SC,SC,SC,SC,1508,2509,1001,51,GE DIRE
15960,02/01/2026,N0004,1002,63,51,N,0,63158,"794943,79","6849036,43",0,64,51,N,0,64160,"795939,01","6849143,59",0,I,0,ACCROCHE,51PR63U,51PR64U,SC,SC,SC,SC,2509,3511,1002,51,GE DIRE
15970,02/01/2026,N0004,1001,64,51,N,0,64160,"795939,01","6849143,59",0,65,51,N,0,65161,"796934,8",6849250,0,I,0,ACCROCHE,51PR64U,51PR65U,SC,SC,SC,SC,3511,4512,1001,51,GE DIRE
15958,02/01/2026,N0004,1001,65,51,N,0,65161,"796934,8",6849250,0,66,51,N,0,66162,"797930,36","6849355,86",0,I,0,ACCROCHE,51PR65U,51PR66U,SC,SC,SC,SC,4512,5513,1001,51,GE DIRE
15961,02/01/2026,N0004,1002,66,51,N,0,66162,"797930,36","6849355,86",0,67,51,N,0,67164,"798926,84","6849462,86",0,I,0,ACCROCHE,51PR66U,51PR67U,SC,SC,SC,SC,5513,6515,1002,51,GE DIRE
15971,02/01/2026,N0004,1001,67,51,N,0,67164,"798926,84","6849462,86",0,68,51,N,0,68165,"799922,56","6849568,85",0,I,0,ACCROCHE,51PR67U,51PR68U,SC,SC,SC,SC,6515,7516,1001,51,GE DIRE
15966,02/01/2026,N0004,992,68,51,N,0,68165,"799922,56","6849568,85",0,69,51,N,0,69157,"800909,71","6849674,52",0,I,0,ACCROCHE,51PR68U,51PR69U,SC,SC,SC,SC,7516,8508,992,51,GE DIRE
15959,02/01/2026,N0004,1008,69,51,N,0,69157,"800909,71","6849674,52",0,70,51,N,0,70165,"801910,87","6849781,66",0,I,0,ACCROCHE,51PR69U,51PR70U,SC,SC,SC,SC,8508,9516,1008,51,GE DIRE
15962,02/01/2026,N0004,1005,70,51,N,0,70165,"801910,87","6849781,66",0,71,51,N,0,71170,"802909,39","6849889,13",0,I,0,ACCROCHE,51PR70U,51PR71U,SC,SC,SC,SC,9516,10521,1005,51,GE DIRE
15972,02/01/2026,N0004,1002,71,51,N,0,71170,"802909,39","6849889,13",0,72,51,N,0,72172,"803906,65","6849995,3",0,I,0,ACCROCHE,51PR71U,51PR72U,SC,SC,SC,SC,10521,11523,1002,51,GE DIRE
15957,02/01/2026,N0004,995,72,51,N,0,72172,"803906,65","6849995,3",0,73,51,N,0,73167,"804896,66","6850101,18",0,I,0,ACCROCHE,51PR72U,51PR73U,SC,SC,SC,SC,11523,12518,995,51,GE DIRE
15976,02/01/2026,N0004,1005,73,51,N,0,73167,"804896,66","6850101,18",0,74,51,N,0,74172,"805897,15","6850209,54",0,I,0,ACCROCHE,51PR73U,51PR74U,SC,SC,SC,SC,12518,13523,1005,51,GE DIRE
15978,02/01/2026,N0004,1000,74,51,N,0,74172,"805897,15","6850209,54",0,75,51,N,0,75172,"806892,21","6850281,21",0,I,0,ACCROCHE,51PR74U,51PR75U,SC,SC,SC,SC,13523,14523,1000,51,GE DIRE
15967,02/01/2026,N0004,1000,75,51,N,0,75172,"806892,21","6850281,21",0,76,51,N,0,76172,"807893,59","6850291,29",0,I,0,ACCROCHE,51PR75U,51PR76U,SC,SC,SC,SC,14523,15523,1000,51,GE DIRE
15968,02/01/2026,N0004,1003,76,51,N,0,76172,"807893,59","6850291,29",0,77,51,N,0,77175,"808897,3","6850300,49",0,I,0,ACCROCHE,51PR76U,51PR77U,SC,SC,SC,SC,15523,16526,1003,51,GE DIRE
15973,02/01/2026,N0004,1002,77,51,N,0,77175,"808897,3","6850300,49",0,78,51,N,0,78177,"809899,07","6850309,56",0,I,0,ACCROCHE,51PR77U,51PR78U,SC,SC,SC,SC,16526,17528,1002,51,GE DIRE
15979,02/01/2026,N0004,994,78,51,N,0,78177,"809899,07","6850309,56",0,79,51,N,0,79171,"810893,98","6850320,05",0,I,0,ACCROCHE,51PR78U,51PR79U,SC,SC,SC,SC,17528,18522,994,51,GE DIRE
15964,02/01/2026,N0004,1009,79,51,N,0,79171,"810893,98","6850320,05",0,80,51,N,0,80180,"811903,59","6850330,77",0,I,0,ACCROCHE,51PR79U,51PR80U,SC,SC,SC,SC,18522,19531,1009,51,GE DIRE
15977,02/01/2026,N0004,1001,80,51,N,0,80180,"811903,59","6850330,77",0,81,51,N,0,81181,"812853,88","6850055,11",0,I,0,ACCROCHE,51PR80U,51PR81U,SC,SC,SC,SC,19531,20532,1001,51,GE DIRE
15965,02/01/2026,N0004,1004,81,51,N,0,81181,"812853,88","6850055,11",0,82,51,N,0,82185,"813780,46","6849667,54",0,I,0,ACCROCHE,51PR81U,51PR82U,SC,SC,SC,SC,20532,21536,1004,51,GE DIRE
15963,02/01/2026,N0004,491,82,51,N,0,82185,"813780,46","6849667,54",0,82,51,N,491,82676,"814233,63","6849477,96",0,I,0,ACCROCHE,51PR82U,DF51PR82U,SC,SC,DF,DF,21536,22027,491,51,GE DIRE
15955,02/01/2026,N0004,366,82,51,N,491,82676,"814233,63","6849477,96",0,82,51,N,857,83042,"814557,97","6849343,49",0,D,0,ACCROCHE,DF51PR82U,FF51PR82U,DF,DF,FF,FF,0,366,366,51,GE DIRE
15954,02/01/2026,N0004,367,82,51,N,491,82670,"814233,63","6849477,96",0,82,51,N,858,83037,"814557,97","6849343,49",0,G,0,ACCROCHE,DF51PR82U,FF51PR82U,DF,DF,FF,FF,0,367,367,51,GE DIRE
15894,02/01/2026,N0004,162,82,51,N,857,83042,"814557,97","6849343,49",0,83,51,N,0,83204,"814706,43","6849279,93",0,I,0,ACCROCHE,FF51PR82U,51PR83U,FF,FF,SC,SC,0,162,162,51,GE DIRE
15895,02/01/2026,N0004,1000,83,51,N,0,83204,"814706,43","6849279,93",0,84,51,N,0,84204,"815629,3","6848893,51",0,I,0,ACCROCHE,51PR83U,51PR84U,SC,SC,SC,SC,162,1162,1000,51,GE DIRE
15896,02/01/2026,N0004,543,84,51,N,0,84204,"815629,3","6848893,51",0,84,51,N,543,84747,"816131,07","6848683,72",0,I,0,ACCROCHE,51PR84U,DF51PR84U,SC,SC,DF,DF,1162,1705,543,51,GE DIRE
15892,02/01/2026,N0004,909,84,51,N,543,84742,"816131,07","6848683,72",0,84,51,N,1452,85651,"816732,4","6848827,93",0,G,0,ACCROCHE,DF51PR84U,DD51PR84UG,DF,DF,DD,DD,0,909,909,51,GE DIRE
15891,02/01/2026,N0004,922,84,51,N,543,84747,"816131,07","6848683,72",0,84,51,N,1465,85669,"816713,33","6848806,61",0,D,0,ACCROCHE,DF51PR84U,DD51PR84UD,DF,DF,DD,DD,0,922,922,51,GE DIRE
15922,02/01/2026,N0004,304,37,51,N,700,37743,"770098,48","6849425,46",0,38,51,N,0,38047,"770351,65","6849559,11",0,D,0,ACCROCHE,DF51PR37U,51PR38D,DF,DF,SC,SC,0,304,304,51,GE DIRE
15927,02/01/2026,N0004,1002,38,51,N,0,38047,"770351,65","6849559,11",0,39,51,N,0,39049,"771274,9","6849861,19",0,D,0,ACCROCHE,51PR38D,51PR39D,SC,SC,SC,SC,304,1306,1002,51,GE DIRE
15925,02/01/2026,N0004,1000,39,51,N,0,39049,"771274,9","6849861,19",0,40,51,N,0,40049,"772267,44","6849837,56",0,D,0,ACCROCHE,51PR39D,51PR40D,SC,SC,SC,SC,1306,2306,1000,51,GE DIRE
15923,02/01/2026,N0004,999,40,51,N,0,40049,"772267,44","6849837,56",0,41,51,N,0,41048,"773135,4","6850347,22",0,D,0,ACCROCHE,51PR40D,51PR41D,SC,SC,SC,SC,2306,3305,999,51,GE DIRE
15924,02/01/2026,N0004,1003,41,51,N,0,41048,"773135,4","6850347,22",0,42,51,N,0,42051,"774025,91","6850744,49",0,D,0,ACCROCHE,51PR41D,51PR42D,SC,SC,SC,SC,3305,4308,1003,51,GE DIRE
15926,02/01/2026,N0004,750,42,51,N,0,42051,"774025,91","6850744,49",0,42,51,N,750,42801,"774762,42","6850676,22",0,D,0,ACCROCHE,51PR42D,FF51PR42D,SC,SC,FF,FF,4308,5058,750,51,GE DIRE
15914,02/01/2026,N0004,300,37,51,N,700,37748,"770098,48","6849425,46",0,38,51,N,0,38048,"770346,52","6849567,87",0,G,0,ACCROCHE,DF51PR37U,51PR38G,DF,DF,SC,SC,0,300,300,51,GE DIRE
15913,02/01/2026,N0004,1000,38,51,N,0,38048,"770346,52","6849567,87",0,39,51,N,0,39048,"771276,04","6849871,54",0,G,0,ACCROCHE,51PR38G,51PR39G,SC,SC,SC,SC,300,1300,1000,51,GE DIRE
15915,02/01/2026,N0004,1000,39,51,N,0,39048,"771276,04","6849871,54",0,40,51,N,0,40048,"772263,71","6849847,62",0,G,0,ACCROCHE,51PR39G,51PR40G,SC,SC,SC,SC,1300,2300,1000,51,GE DIRE
15917,02/01/2026,N0004,1000,40,51,N,0,40048,"772263,71","6849847,62",0,41,51,N,0,41048,"773130,06","6850355,9",0,G,0,ACCROCHE,51PR40G,51PR41G,SC,SC,SC,SC,2300,3300,1000,51,GE DIRE
15916,02/01/2026,N0004,1000,41,51,N,0,41048,"773130,06","6850355,9",0,42,51,N,0,42048,"774025,35","6850755,04",0,G,0,ACCROCHE,51PR41G,51PR42G,SC,SC,SC,SC,3300,4300,1000,51,GE DIRE
15918,02/01/2026,N0004,750,42,51,N,0,42048,"774025,35","6850755,04",0,42,51,N,750,42798,"774762,42","6850676,22",0,G,0,ACCROCHE,51PR42G,FF51PR42D,SC,SC,FF,FF,4300,5050,750,51,GE DIRE
15904,02/01/2026,N0004,255,42,51,N,750,42801,"774762,42","6850676,22",0,43,51,N,0,43056,"775023,11","6850641,65",0,I,0,ACCROCHE,FF51PR42D,51PR43U,FF,FF,SC,SC,0,255,255,51,GE DIRE
15903,02/01/2026,N0004,998,43,51,N,0,43056,"775023,11","6850641,65",0,44,51,N,0,44054,"776010,23","6850510,79",0,I,0,ACCROCHE,51PR43U,51PR44U,SC,SC,SC,SC,255,1253,998,51,GE DIRE
15901,02/01/2026,N0004,1001,44,51,N,0,44054,"776010,23","6850510,79",0,45,51,N,0,45055,"777002,68","6850379,66",0,I,0,ACCROCHE,51PR44U,51PR45U,SC,SC,SC,SC,1253,2254,1001,51,GE DIRE
15908,02/01/2026,N0004,1000,45,51,N,0,45055,"777002,68","6850379,66",0,46,51,N,0,46055,"777994,2","6850248,02",0,I,0,ACCROCHE,51PR45U,51PR46U,SC,SC,SC,SC,2254,3254,1000,51,GE DIRE
15906,02/01/2026,N0004,1000,46,51,N,0,46055,"777994,2","6850248,02",0,47,51,N,0,47055,"778984,81","6850116,61",0,I,0,ACCROCHE,51PR46U,51PR47U,SC,SC,SC,SC,3254,4254,1000,51,GE DIRE
15900,02/01/2026,N0004,1001,47,51,N,0,47055,"778984,81","6850116,61",0,48,51,N,0,48056,"779975,82","6849984,6",0,I,0,ACCROCHE,51PR47U,51PR48U,SC,SC,SC,SC,4254,5255,1001,51,GE DIRE
15910,02/01/2026,N0004,1000,48,51,N,0,48056,"779975,82","6849984,6",0,49,51,N,0,49056,"780967,45","6849851,97",0,I,0,ACCROCHE,51PR48U,51PR49U,SC,SC,SC,SC,5255,6255,1000,51,GE DIRE
15907,02/01/2026,N0004,1001,49,51,N,0,49056,"780967,45","6849851,97",0,50,51,N,0,50057,"781958,17","6849718,91",0,I,0,ACCROCHE,51PR49U,51PR50U,SC,SC,SC,SC,6255,7256,1001,51,GE DIRE
15909,02/01/2026,N0004,1000,50,51,N,0,50057,"781958,17","6849718,91",0,51,51,N,0,51057,782949,"6849588,2",0,I,0,ACCROCHE,51PR50U,51PR51U,SC,SC,SC,SC,7256,8256,1000,51,GE DIRE
15905,02/01/2026,N0004,1000,51,51,N,0,51057,782949,"6849588,2",0,52,51,N,0,52057,"783941,49","6849468,46",0,I,0,ACCROCHE,51PR51U,51PR52U,SC,SC,SC,SC,8256,9256,1000,51,GE DIRE
15902,02/01/2026,N0004,200,52,51,N,0,52057,"783941,49","6849468,46",0,52,51,N,200,52257,"784123,87","6849443,15",0,I,0,ACCROCHE,51PR52U,DF51PR52U,SC,SC,DF,DF,9256,9456,200,51,GE DIRE
15595,02/01/2026,N0004,800,52,51,N,200,52257,"784123,87","6849443,15",0,53,51,N,0,53057,"784949,49","6849337,19",0,D,0,ACCROCHE,DF51PR52U,51PR53D,DF,DF,SC,SC,0,800,800,51,GE DIRE
15592,02/01/2026,N0004,1001,53,51,N,0,53057,"784949,49","6849337,19",0,54,51,N,0,54058,"785934,46","6849220,24",0,D,0,ACCROCHE,51PR53D,51PR54D,SC,SC,SC,SC,800,1801,1001,51,GE DIRE
15589,02/01/2026,N0004,1001,54,51,N,0,54058,"785934,46","6849220,24",0,55,51,N,0,55059,"786922,71","6849102,01",0,D,0,ACCROCHE,51PR54D,51PR55D,SC,SC,SC,SC,1801,2802,1001,51,GE DIRE
15591,02/01/2026,N0004,1094,55,51,N,0,55059,"786922,71","6849102,01",0,56,51,N,0,56153,"787988,47","6848889,22",0,D,0,ACCROCHE,51PR55D,51PR56D,SC,SC,SC,SC,2802,3896,1094,51,GE DIRE
15596,02/01/2026,N0004,999,56,51,N,0,56153,"787988,47","6848889,22",0,57,51,N,0,57152,"788962,13","6848740,99",0,D,0,ACCROCHE,51PR56D,51PR57D,SC,SC,SC,SC,3896,4895,999,51,GE DIRE
15588,02/01/2026,N0004,1012,57,51,N,0,57152,"788962,13","6848740,99",0,58,51,N,0,58164,"789977,34","6848721,09",0,D,0,ACCROCHE,51PR57D,51PR58D,SC,SC,SC,SC,4895,5907,1012,51,GE DIRE
15590,02/01/2026,N0004,999,58,51,N,0,58164,"789977,34","6848721,09",0,59,51,N,0,59163,"790967,67","6848657,92",0,D,0,ACCROCHE,51PR58D,51PR59D,SC,SC,SC,SC,5907,6906,999,51,GE DIRE
15593,02/01/2026,N0004,992,59,51,N,0,59163,"790967,67","6848657,92",0,60,51,N,0,60155,"791960,79","6848709,29",0,D,0,ACCROCHE,51PR59D,51PR60D,SC,SC,SC,SC,6906,7898,992,51,GE DIRE
15594,02/01/2026,N0004,494,60,51,N,0,60155,"791960,79","6848709,29",0,60,51,N,494,60649,"792449,45","6848771,74",0,D,0,ACCROCHE,51PR60D,FF51PR60D,SC,SC,FF,FF,7898,8392,494,51,GE DIRE
15574,02/01/2026,N0004,800,52,51,N,200,52254,"784123,87","6849443,15",0,53,51,N,0,53054,"784950,71","6849347,25",0,G,0,ACCROCHE,DF51PR52U,51PR53G,DF,DF,SC,SC,0,800,800,51,GE DIRE
15577,02/01/2026,N0004,1001,53,51,N,0,53054,"784950,71","6849347,25",0,54,51,N,0,54055,"785935,62","6849230,23",0,G,0,ACCROCHE,51PR53G,51PR54G,SC,SC,SC,SC,800,1801,1001,51,GE DIRE
15579,02/01/2026,N0004,1001,54,51,N,0,54055,"785935,62","6849230,23",0,55,51,N,0,55056,"786923,94","6849111,96",0,G,0,ACCROCHE,51PR54G,51PR55G,SC,SC,SC,SC,1801,2802,1001,51,GE DIRE
15573,02/01/2026,N0004,1094,55,51,N,0,55056,"786923,94","6849111,96",0,56,51,N,0,56150,"787991,83","6848899,52",0,G,0,ACCROCHE,51PR55G,51PR56G,SC,SC,SC,SC,2802,3896,1094,51,GE DIRE
15575,02/01/2026,N0004,999,56,51,N,0,56150,"787991,83","6848899,52",0,57,51,N,0,57149,"788960,68","6848751,69",0,G,0,ACCROCHE,51PR56G,51PR57G,SC,SC,SC,SC,3896,4895,999,51,GE DIRE
15576,02/01/2026,N0004,1010,57,51,N,0,57149,"788960,68","6848751,69",0,58,51,N,0,58159,"789978,55","6848731,02",0,G,0,ACCROCHE,51PR57G,51PR58G,SC,SC,SC,SC,4895,5905,1010,51,GE DIRE
15580,02/01/2026,N0004,998,58,51,N,0,58159,"789978,55","6848731,02",0,59,51,N,0,59157,"790967,73","6848668,13",0,G,0,ACCROCHE,51PR58G,51PR59G,SC,SC,SC,SC,5905,6903,998,51,GE DIRE
15578,02/01/2026,N0004,992,59,51,N,0,59157,"790967,73","6848668,13",0,60,51,N,0,60149,"791959,76","6848719,26",0,G,0,ACCROCHE,51PR59G,51PR60G,SC,SC,SC,SC,6903,7895,992,51,GE DIRE
15581,02/01/2026,N0004,494,60,51,N,0,60149,"791959,76","6848719,26",0,60,51,N,494,60643,"792449,45","6848771,74",0,G,0,ACCROCHE,51PR60G,FF51PR60D,SC,SC,FF,FF,7895,8389,494,51,GE DIRE
15569,02/01/2026,N0004,415,85,51,N,0,85669,"817099,64","6850103,93",0,85,51,N,415,86084,"817491,37","6849974,36",0,I,0,ACCROCHE,51PR85U,DF51PR85U,FD,FD,DF,DF,0,415,415,51,GE DIRE
15566,02/01/2026,N0004,653,85,51,N,415,86084,"817491,37","6849974,36",0,86,51,N,0,86737,"818102,93","6849733,61",0,D,0,ACCROCHE,DF51PR85U,51PR86D,DF,DF,SC,SC,0,653,653,51,GE DIRE
15568,02/01/2026,N0004,1068,86,51,N,0,86737,"818102,93","6849733,61",0,87,51,N,0,87805,"818995,05","6849157,5",0,D,0,ACCROCHE,51PR86D,51PR87D,SC,SC,SC,SC,653,1721,1068,51,GE DIRE
15567,02/01/2026,N0004,304,87,51,N,0,87805,"818995,05","6849157,5",0,87,51,N,304,88109,"819204,86","6848945,69",0,D,0,ACCROCHE,51PR87D,FF51PR87D,SC,SC,FF,FF,1721,2025,304,51,GE DIRE
15559,02/01/2026,N0004,643,85,51,N,415,86066,"817491,37","6849974,36",0,86,51,N,0,86709,"818106,96","6849742,78",0,G,0,ACCROCHE,DF51PR85U,51PR86G,DF,DF,SC,SC,0,643,643,51,GE DIRE
15557,02/01/2026,N0004,1068,86,51,N,0,86709,"818106,96","6849742,78",0,87,51,N,0,87777,"819002,51","6849165,42",0,G,0,ACCROCHE,51PR86G,51PR87G,SC,SC,SC,SC,643,1711,1068,51,GE DIRE
15558,02/01/2026,N0004,304,87,51,N,0,87777,"819002,51","6849165,42",0,87,51,N,304,88081,"819204,86","6848945,69",0,G,0,ACCROCHE,51PR87G,FF51PR87D,SC,SC,FF,FF,1711,2015,304,51,GE DIRE
15549,02/01/2026,N0004,752,87,51,N,304,88109,"819204,86","6848945,69",0,88,51,N,0,88861,"819668,96","6848345,54",0,I,0,ACCROCHE,FF51PR87D,51PR88U,FF,FF,SC,SC,0,752,752,51,GE DIRE
15548,02/01/2026,N0004,1055,88,51,N,0,88861,"819668,96","6848345,54",0,89,51,N,0,89916,"820240,49","6847489,37",0,I,0,ACCROCHE,51PR88U,51PR89U,SC,SC,SC,SC,752,1807,1055,51,GE DIRE
15550,02/01/2026,N0004,717,89,51,N,0,89916,"820240,49","6847489,37",0,89,51,N,717,90633,"820729,23","6846944,93",0,I,0,ACCROCHE,51PR89U,DF51PR89U,SC,SC,DF,DF,1807,2524,717,51,GE DIRE
15527,02/01/2026,N0004,368,89,51,N,717,90633,"820729,23","6846944,93",0,90,51,N,0,91001,"821058,4","6846771,89",0,D,0,ACCROCHE,DF51PR89U,51PR90D,DF,DF,SC,SC,0,368,368,51,GE DIRE
15526,02/01/2026,N0004,552,90,51,N,0,91001,"821058,4","6846771,89",0,90,51,N,552,91553,"821582,65","6846572,81",0,D,0,ACCROCHE,51PR90D,FF51PR90D,SC,SC,FF,FF,368,920,552,51,GE DIRE
15520,02/01/2026,N0004,364,89,51,N,717,90605,"820729,23","6846944,93",0,90,51,N,0,90969,"821062,71","6846782,05",0,G,0,ACCROCHE,DF51PR89U,51PR90G,DF,DF,SC,SC,0,364,364,51,GE DIRE
15521,02/01/2026,N0004,552,90,51,N,0,90969,"821062,71","6846782,05",0,90,51,N,552,91521,"821582,65","6846572,81",0,G,0,ACCROCHE,51PR90G,FF51PR90D,SC,SC,FF,FF,364,916,552,51,GE DIRE
15501,02/01/2026,N0004,451,90,51,N,552,91553,"821582,65","6846572,81",0,91,51,N,0,92004,"821992,29","6846407,22",0,I,0,ACCROCHE,FF51PR90D,51PR91U,FF,FF,SC,SC,0,451,451,51,GE DIRE
15502,02/01/2026,N0004,126,91,51,N,0,92004,"821992,29","6846407,22",0,91,51,N,126,92130,"822123,24","6846354,08",0,I,0,ACCROCHE,51PR91U,DF51PR91U,SC,SC,DF,DF,451,577,126,51,GE DIRE
15472,02/01/2026,N0004,1000,0,51,N,0,0,"734226,77","6845222,1",0,1,51,N,0,1000,"735039,95","6845791,77",0,I,0,ACCROCHE,51PR0U,51PR1U,DR,DR,SC,SC,0,1000,1000,51,GE DIRE
15470,02/01/2026,N0004,998,1,51,N,0,1000,"735039,95","6845791,77",0,2,51,N,0,1998,"735981,2","6846074,85",0,I,0,ACCROCHE,51PR1U,51PR2U,SC,SC,SC,SC,1000,1998,998,51,GE DIRE
15474,02/01/2026,N0004,1000,2,51,N,0,1998,"735981,2","6846074,85",0,3,51,N,0,2998,"736962,9","6846275,43",0,I,0,ACCROCHE,51PR2U,51PR3U,SC,SC,SC,SC,1998,2998,1000,51,GE DIRE
15478,02/01/2026,N0004,992,3,51,N,0,2998,"736962,9","6846275,43",0,4,51,N,0,3990,"737939,38","6846475,78",0,I,0,ACCROCHE,51PR3U,51PR4U,SC,SC,SC,SC,2998,3990,992,51,GE DIRE
15476,02/01/2026,N0004,1007,4,51,N,0,3990,"737939,38","6846475,78",0,5,51,N,0,4997,"738920,45","6846676,3",0,I,0,ACCROCHE,51PR4U,51PR5U,SC,SC,SC,SC,3990,4997,1007,51,GE DIRE
15477,02/01/2026,N0004,1000,5,51,N,0,4997,"738920,45","6846676,3",0,6,51,N,0,5997,"739895,76","6846729,09",0,I,0,ACCROCHE,51PR5U,51PR6U,SC,SC,SC,SC,4997,5997,1000,51,GE DIRE
15475,02/01/2026,N0004,1001,6,51,N,0,5997,"739895,76","6846729,09",0,7,51,N,0,6998,"740846,32","6846816,08",0,I,0,ACCROCHE,51PR6U,51PR7U,SC,SC,SC,SC,5997,6998,1001,51,GE DIRE
15471,02/01/2026,N0004,1001,7,51,N,0,6998,"740846,32","6846816,08",0,8,51,N,0,7999,"741531,87","6847513,27",0,I,0,ACCROCHE,51PR7U,51PR8U,SC,SC,SC,SC,6998,7999,1001,51,GE DIRE
15473,02/01/2026,N0004,119,8,51,N,0,7999,"741531,87","6847513,27",0,8,51,N,119,8118,"741643,04","6847556,84",0,I,0,ACCROCHE,51PR8U,DF51PR8U,SC,SC,DF,DF,7999,8118,119,51,GE DIRE
15450,02/01/2026,N0004,872,91,51,N,126,92130,"822123,24","6846354,08",0,92,51,N,0,93002,"822917,69","6846030,78",0,D,0,ACCROCHE,DF51PR91U,51PR92D,DF,DF,SC,SC,0,872,872,51,GE DIRE
15448,02/01/2026,N0004,1005,92,51,N,0,93002,"822917,69","6846030,78",0,93,51,N,0,94007,"823852,05","6845659,6",0,D,0,ACCROCHE,51PR92D,51PR93D,SC,SC,SC,SC,872,1877,1005,51,GE DIRE
15446,02/01/2026,N0004,1003,93,51,N,0,94007,"823852,05","6845659,6",0,94,51,N,0,95010,"824784,76","6845289,71",0,D,0,ACCROCHE,51PR93D,51PR94D,SC,SC,SC,SC,1877,2880,1003,51,GE DIRE
15453,02/01/2026,N0004,999,94,51,N,0,95010,"824784,76","6845289,71",0,95,51,N,0,96009,"825715,12","6844921,27",0,D,0,ACCROCHE,51PR94D,51PR95D,SC,SC,SC,SC,2880,3879,999,51,GE DIRE
15447,02/01/2026,N0004,1006,95,51,N,0,96009,"825715,12","6844921,27",0,96,51,N,0,97015,"826671,29","6844614,74",0,D,0,ACCROCHE,51PR95D,51PR96D,SC,SC,SC,SC,3879,4885,1006,51,GE DIRE
15454,02/01/2026,N0004,997,96,51,N,0,97015,"826671,29","6844614,74",0,97,51,N,0,98012,"827598,86","6844259,03",0,D,0,ACCROCHE,51PR96D,51PR97D,SC,SC,SC,SC,4885,5882,997,51,GE DIRE
15451,02/01/2026,N0004,1002,97,51,N,0,98012,"827598,86","6844259,03",0,98,51,N,0,99014,"828497,67","6843813,67",0,D,0,ACCROCHE,51PR97D,51PR98D,SC,SC,SC,SC,5882,6884,1002,51,GE DIRE
15455,02/01/2026,N0004,1000,98,51,N,0,99014,"828497,67","6843813,67",0,99,51,N,0,100014,"829394,56","6843367,95",0,D,0,ACCROCHE,51PR98D,51PR99D,SC,SC,SC,SC,6884,7884,1000,51,GE DIRE
15449,02/01/2026,N0004,1000,99,51,N,0,100014,"829394,56","6843367,95",0,100,51,N,0,101014,"830289,52","6842924,01",0,D,0,ACCROCHE,51PR99D,51PR100D,SC,SC,SC,SC,7884,8884,1000,51,GE DIRE
15452,02/01/2026,N0004,964,100,51,N,0,101014,"830289,52","6842924,01",0,0,52,N,0,101978,"831153,38","6842495,69",0,D,0,ACCROCHE,51PR100D,52PR0D,SC,SC,CS,CS,8884,9848,964,51,GE DIRE
15436,02/01/2026,N0004,872,91,51,N,126,92098,"822123,24","6846354,08",0,92,51,N,0,92970,"822922,35","6846042,59",0,G,0,ACCROCHE,DF51PR91U,51PR92G,DF,DF,SC,SC,0,872,872,51,GE DIRE
15435,02/01/2026,N0004,1004,92,51,N,0,92970,"822922,35","6846042,59",0,93,51,N,0,93974,"823856,73","6845671,27",0,G,0,ACCROCHE,51PR92G,51PR93G,SC,SC,SC,SC,872,1876,1004,51,GE DIRE
15429,02/01/2026,N0004,1005,93,51,N,0,93974,"823856,73","6845671,27",0,94,51,N,0,94979,"824789,44","6845301,52",0,G,0,ACCROCHE,51PR93G,51PR94G,SC,SC,SC,SC,1876,2881,1005,51,GE DIRE
15437,02/01/2026,N0004,1001,94,51,N,0,94979,"824789,44","6845301,52",0,95,51,N,0,95980,"825719,9","6844933,25",0,G,0,ACCROCHE,51PR94G,51PR95G,SC,SC,SC,SC,2881,3882,1001,51,GE DIRE
15432,02/01/2026,N0004,1004,95,51,N,0,95980,"825719,9","6844933,25",0,96,51,N,0,96984,"826674,45","6844626,76",0,G,0,ACCROCHE,51PR95G,51PR96G,SC,SC,SC,SC,3882,4886,1004,51,GE DIRE
15428,02/01/2026,N0004,1001,96,51,N,0,96984,"826674,45","6844626,76",0,97,51,N,0,97985,"827604,59","6844270,64",0,G,0,ACCROCHE,51PR96G,51PR97G,SC,SC,SC,SC,4886,5887,1001,51,GE DIRE
15431,02/01/2026,N0004,1002,97,51,N,0,97985,"827604,59","6844270,64",0,98,51,N,0,98987,"828503,39","6843825,49",0,G,0,ACCROCHE,51PR97G,51PR98G,SC,SC,SC,SC,5887,6889,1002,51,GE DIRE
15430,02/01/2026,N0004,1003,98,51,N,0,98987,"828503,39","6843825,49",0,99,51,N,0,99990,"829400,41","6843379,65",0,G,0,ACCROCHE,51PR98G,51PR99G,SC,SC,SC,SC,6889,7892,1003,51,GE DIRE
15434,02/01/2026,N0004,1000,99,51,N,0,99990,"829400,41","6843379,65",0,100,51,N,0,100990,"830295,72","6842935,65",0,G,0,ACCROCHE,51PR99G,51PR100G,SC,SC,SC,SC,7892,8892,1000,51,GE DIRE
15433,02/01/2026,N0004,964,100,51,N,0,100990,"830295,72","6842935,65",0,0,52,N,0,101954,"831157,84","6842507,07",0,G,0,ACCROCHE,51PR100G,52PR0G,SC,SC,CS,CS,8892,9856,964,51,GE DIRE
15715,02/01/2026,N0004,879,8,51,N,119,8118,"741643,04","6847556,84",0,9,51,N,0,8997,"742467,17","6847854,42",0,D,0,ACCROCHE,DF51PR8U,51PR9D,DF,DF,SC,SC,0,879,879,51,GE DIRE
15716,02/01/2026,N0004,998,9,51,N,0,8997,"742467,17","6847854,42",0,10,51,N,0,9995,"743436,8","6848076,78",0,D,0,ACCROCHE,51PR9D,51PR10D,SC,SC,SC,SC,879,1877,998,51,GE DIRE
15717,02/01/2026,N0004,1008,10,51,N,0,9995,"743436,8","6848076,78",0,11,51,N,0,11003,"744444,64","6848140,58",0,D,0,ACCROCHE,51PR10D,51PR11D,SC,SC,SC,SC,1877,2885,1008,51,GE DIRE
15714,02/01/2026,N0004,181,11,51,N,0,11003,"744444,64","6848140,58",0,11,51,N,181,11184,"744627,19","6848153,49",0,D,0,ACCROCHE,51PR11D,FF51PR11D,SC,SC,FF,FF,2885,3066,181,51,GE DIRE
15685,02/01/2026,N0004,876,8,51,N,119,8118,"741643,04","6847556,84",0,9,51,N,0,8994,"742461,96","6847866,57",0,G,0,ACCROCHE,DF51PR8U,51PR9G,DF,DF,SC,SC,0,876,876,51,GE DIRE
15682,02/01/2026,N0004,1003,9,51,N,0,8994,"742461,96","6847866,57",0,10,51,N,0,9997,"743435,57","6848089,02",0,G,0,ACCROCHE,51PR9G,51PR10G,SC,SC,SC,SC,876,1879,1003,51,GE DIRE
15684,02/01/2026,N0004,1012,10,51,N,0,9997,"743435,57","6848089,02",0,11,51,N,0,11009,"744444,51","6848153,42",0,G,0,ACCROCHE,51PR10G,51PR11G,SC,SC,SC,SC,1879,2891,1012,51,GE DIRE
15683,02/01/2026,N0004,181,11,51,N,0,11009,"744444,51","6848153,42",0,11,51,N,181,11190,"744627,19","6848153,49",0,G,0,ACCROCHE,51PR11G,FF51PR11D,SC,SC,FF,FF,2891,3072,181,51,GE DIRE
15681,02/01/2026,N0004,569,11,51,N,181,11184,"744627,19","6848153,49",0,11,51,N,750,11753,"745198,34","6848126,28",0,I,0,ACCROCHE,FF51PR11D,DF51PR11D,FF,FF,DF,DF,0,569,569,51,GE DIRE
15674,02/01/2026,N0004,246,11,51,N,750,11753,"745198,34","6848126,28",0,12,51,N,0,11999,"745435,51","6848096,73",0,D,0,ACCROCHE,DF51PR11D,51PR12D,DF,DF,SC,SC,0,246,246,51,GE DIRE
15676,02/01/2026,N0004,993,12,51,N,0,11999,"745435,51","6848096,73",0,13,51,N,0,12992,746426,"6848012,58",0,D,0,ACCROCHE,51PR12D,51PR13D,SC,SC,SC,SC,246,1239,993,51,GE DIRE
15673,02/01/2026,N0004,997,13,51,N,0,12992,746426,"6848012,58",0,14,51,N,0,13989,"747424,37","6847927,54",0,D,0,ACCROCHE,51PR13D,51PR14D,SC,SC,SC,SC,1239,2236,997,51,GE DIRE
15426,02/01/2026,N0004,998,14,51,N,0,13989,"747424,37","6847927,54",0,15,51,N,0,14987,"748410,66","6847843,57",0,D,0,ACCROCHE,51PR14D,51PR15D,SC,SC,SC,SC,2236,3234,998,51,GE DIRE
15675,02/01/2026,N0004,995,15,51,N,0,14987,"748410,66","6847843,57",0,15,51,N,995,15982,"749401,45","6847768,47",0,D,0,ACCROCHE,51PR15D,FF51PR15D,SC,SC,FF,FF,3234,4229,995,51,GE DIRE
15407,02/01/2026,N0004,246,11,51,N,750,11759,"745198,34","6848126,28",0,12,51,N,0,12005,"745436,68","6848110,11",0,G,0,ACCROCHE,DF51PR11D,51PR12G,DF,DF,SC,SC,0,246,246,51,GE DIRE
15410,02/01/2026,N0004,994,12,51,N,0,12005,"745436,68","6848110,11",0,13,51,N,0,12999,"746427,06","6848024,42",0,G,0,ACCROCHE,51PR12G,51PR13G,SC,SC,SC,SC,246,1240,994,51,GE DIRE
15409,02/01/2026,N0004,996,13,51,N,0,12999,"746427,06","6848024,42",0,14,51,N,0,13995,"747425,32","6847939,37",0,G,0,ACCROCHE,51PR13G,51PR14G,SC,SC,SC,SC,1240,2236,996,51,GE DIRE
15406,02/01/2026,N0004,997,14,51,N,0,13995,"747425,32","6847939,37",0,15,51,N,0,14992,"748411,63","6847855,13",0,G,0,ACCROCHE,51PR14G,51PR15G,SC,SC,SC,SC,2236,3233,997,51,GE DIRE
15408,02/01/2026,N0004,994,15,51,N,0,14992,"748411,63","6847855,13",0,15,51,N,994,15986,"749401,45","6847768,47",0,G,0,ACCROCHE,51PR15G,FF51PR15D,SC,SC,FF,FF,3233,4227,994,51,GE DIRE
15397,02/01/2026,N0004,667,15,51,N,995,15982,"749401,45","6847768,47",0,15,51,N,1662,16649,"750069,32","6847712,75",0,I,0,ACCROCHE,FF51PR15D,DF51PR15D,FF,FF,DF,DF,0,667,667,51,GE DIRE
15388,02/01/2026,N0004,378,15,51,N,1662,16649,"750069,32","6847712,75",0,17,51,N,0,17027,"750443,91","6847665,45",0,D,0,ACCROCHE,DF51PR15D,51PR17D,DF,DF,SC,SC,0,378,378,51,GE DIRE
15387,02/01/2026,N0004,996,17,51,N,0,17027,"750443,91","6847665,45",0,18,51,N,0,18023,"751428,34","6847560,37",0,D,0,ACCROCHE,51PR17D,51PR18D,SC,SC,SC,SC,378,1374,996,51,GE DIRE
15385,02/01/2026,N0004,1007,18,51,N,0,18023,"751428,34","6847560,37",0,19,51,N,0,19030,"752378,37","6847779,66",0,D,0,ACCROCHE,51PR18D,51PR19D,SC,SC,SC,SC,1374,2381,1007,51,GE DIRE
15390,02/01/2026,N0004,996,19,51,N,0,19030,"752378,37","6847779,66",0,20,51,N,0,20026,"753293,53","6848111,51",0,D,0,ACCROCHE,51PR19D,51PR20D,SC,SC,SC,SC,2381,3377,996,51,GE DIRE
15389,02/01/2026,N0004,996,20,51,N,0,20026,"753293,53","6848111,51",0,21,51,N,0,21022,"754089,26","6847582,15",0,D,0,ACCROCHE,51PR20D,51PR21D,SC,SC,SC,SC,3377,4373,996,51,GE DIRE
15391,02/01/2026,N0004,1006,21,51,N,0,21022,"754089,26","6847582,15",0,22,51,N,0,22028,"754746,75","6846856,38",0,D,0,ACCROCHE,51PR21D,51PR22D,SC,SC,SC,SC,4373,5379,1006,51,GE DIRE
15386,02/01/2026,N0004,840,22,51,N,0,22028,"754746,75","6846856,38",0,22,51,N,840,22868,"755598,4","6846833,34",0,D,0,ACCROCHE,51PR22D,FF51PR22D,SC,SC,FF,FF,5379,6219,840,51,GE DIRE
15373,02/01/2026,N0004,380,15,51,N,1661,16653,"750069,32","6847712,75",0,17,51,N,0,17033,"750449,91","6847684,11",0,G,0,ACCROCHE,DF51PR15D,51PR17G,DF,DF,SC,SC,0,380,380,51,GE DIRE
15379,02/01/2026,N0004,998,17,51,N,0,17033,"750449,91","6847684,11",0,18,51,N,0,18031,"751430,98","6847572,82",0,G,0,ACCROCHE,51PR17G,51PR18G,SC,SC,SC,SC,380,1378,998,51,GE DIRE
15375,02/01/2026,N0004,996,18,51,N,0,18031,"751430,98","6847572,82",0,19,51,N,0,19027,"752373,12","6847788,12",0,G,0,ACCROCHE,51PR18G,51PR19G,SC,SC,SC,SC,1378,2374,996,51,GE DIRE
15376,02/01/2026,N0004,1007,19,51,N,0,19027,"752373,12","6847788,12",0,20,51,N,0,20034,"753294,51","6848121,32",0,G,0,ACCROCHE,51PR19G,51PR20G,SC,SC,SC,SC,2374,3381,1007,51,GE DIRE
15377,02/01/2026,N0004,1009,20,51,N,0,20034,"753294,51","6848121,32",0,21,51,N,0,21043,"754098,36","6847587,28",0,G,0,ACCROCHE,51PR20G,51PR21G,SC,SC,SC,SC,3381,4390,1009,51,GE DIRE
15378,02/01/2026,N0004,993,21,51,N,0,21043,"754098,36","6847587,28",0,22,51,N,0,22036,"754751,82","6846868,27",0,G,0,ACCROCHE,51PR21G,51PR22G,SC,SC,SC,SC,4390,5383,993,51,GE DIRE
15374,02/01/2026,N0004,840,22,51,N,0,22036,"754751,82","6846868,27",0,22,51,N,840,22876,"755598,4","6846833,34",0,G,0,ACCROCHE,51PR22G,FF51PR22D,SC,SC,FF,FF,5383,6223,840,51,GE DIRE
15335,02/01/2026,N0004,165,22,51,N,840,22868,"755598,4","6846833,34",0,23,51,N,0,23033,"755734,96","6846849,18",0,I,0,ACCROCHE,FF51PR22D,51PR23U,FF,FF,SC,SC,0,165,165,51,GE DIRE
15339,02/01/2026,N0004,999,23,51,N,0,23033,"755734,96","6846849,18",0,24,51,N,0,24032,"756726,65","6846969,41",0,I,0,ACCROCHE,51PR23U,51PR24U,SC,SC,SC,SC,165,1164,999,51,GE DIRE
15371,02/01/2026,N0004,1006,24,51,N,0,24032,"756726,65","6846969,41",0,25,51,N,0,25038,"757724,31","6847089,96",0,I,0,ACCROCHE,51PR24U,51PR25U,SC,SC,SC,SC,1164,2170,1006,51,GE DIRE
15368,02/01/2026,N0004,997,25,51,N,0,25038,"757724,31","6847089,96",0,26,51,N,0,26035,"758715,01","6847209,4",0,I,0,ACCROCHE,51PR25U,51PR26U,SC,SC,SC,SC,2170,3167,997,51,GE DIRE
15338,02/01/2026,N0004,1000,26,51,N,0,26035,"758715,01","6847209,4",0,27,51,N,0,27035,"759707,7","6847328,99",0,I,0,ACCROCHE,51PR26U,51PR27U,SC,SC,SC,SC,3167,4167,1000,51,GE DIRE
15370,02/01/2026,N0004,1004,27,51,N,0,27035,"759707,7","6847328,99",0,28,51,N,0,28039,"760704,93","6847448,22",0,I,0,ACCROCHE,51PR27U,51PR28U,SC,SC,SC,SC,4167,5171,1004,51,GE DIRE
15366,02/01/2026,N0004,1001,28,51,N,0,28039,"760704,93","6847448,22",0,29,51,N,0,29040,"761698,16","6847566,66",0,I,0,ACCROCHE,51PR28U,51PR29U,SC,SC,SC,SC,5171,6172,1001,51,GE DIRE
15367,02/01/2026,N0004,1000,29,51,N,0,29040,"761698,16","6847566,66",0,30,51,N,0,30040,"762691,68","6847687,21",0,I,0,ACCROCHE,51PR29U,51PR30U,SC,SC,SC,SC,6172,7172,1000,51,GE DIRE
15369,02/01/2026,N0004,999,30,51,N,0,30040,"762691,68","6847687,21",0,31,51,N,0,31039,"763683,77","6847807,38",0,I,0,ACCROCHE,51PR30U,51PR31U,SC,SC,SC,SC,7172,8171,999,51,GE DIRE
15336,02/01/2026,N0004,1000,31,51,N,0,31039,"763683,77","6847807,38",0,32,51,N,0,32039,"764676,24","6847926,61",0,I,0,ACCROCHE,51PR31U,51PR32U,SC,SC,SC,SC,8171,9171,1000,51,GE DIRE
15337,02/01/2026,N0004,846,32,51,N,0,32039,"764676,24","6847926,61",0,32,51,N,846,32885,"765552,11","6848031,73",0,I,0,ACCROCHE,51PR32U,DF51PR32U,SC,SC,DF,DF,9171,10017,846,51,GE DIRE
15331,02/01/2026,N0004,153,32,51,N,846,32885,"765552,11","6848031,73",0,33,51,N,0,33038,"765669,33","6848039,56",0,D,0,ACCROCHE,DF51PR32U,51PR33D,DF,DF,SC,SC,0,153,153,51,GE DIRE
15333,02/01/2026,N0004,1000,33,51,N,0,33038,"765669,33","6848039,56",0,34,51,N,0,34038,"766663,38","6848154,93",0,D,0,ACCROCHE,51PR33D,51PR34D,SC,SC,SC,SC,153,1153,1000,51,GE DIRE
15330,02/01/2026,N0004,1000,34,51,N,0,34038,"766663,38","6848154,93",0,35,51,N,0,35038,"767632,1","6848365,7",0,D,0,ACCROCHE,51PR34D,51PR35D,SC,SC,SC,SC,1153,2153,1000,51,GE DIRE
15332,02/01/2026,N0004,265,35,51,N,0,35038,"767632,1","6848365,7",0,35,51,N,265,35303,"767868,19","6848468,2",0,D,0,ACCROCHE,51PR35D,FF51PR35D,SC,SC,FF,FF,2153,2418,265,51,GE DIRE
15316,02/01/2026,N0004,153,32,51,N,846,32893,"765552,11","6848031,73",0,33,51,N,0,33046,"765668,48","6848047,29",0,G,0,ACCROCHE,DF51PR32U,51PR33G,DF,DF,SC,SC,0,153,153,51,GE DIRE
15317,02/01/2026,N0004,1000,33,51,N,0,33046,"765668,48","6848047,29",0,34,51,N,0,34046,"766662,04","6848165,22",0,G,0,ACCROCHE,51PR33G,51PR34G,SC,SC,SC,SC,153,1153,1000,51,GE DIRE
15319,02/01/2026,N0004,997,34,51,N,0,34046,"766662,04","6848165,22",0,35,51,N,0,35043,"767627,13","6848375,17",0,G,0,ACCROCHE,51PR34G,51PR35G,SC,SC,SC,SC,1153,2150,997,51,GE DIRE
15318,02/01/2026,N0004,265,35,51,N,0,35043,"767627,13","6848375,17",0,35,51,N,265,35308,"767868,19","6848468,2",0,G,0,ACCROCHE,51PR35G,FF51PR35D,SC,SC,FF,FF,2150,2415,265,51,GE DIRE
15298,02/01/2026,N0004,741,35,51,N,265,35303,"767868,19","6848468,2",0,36,51,N,0,36044,"768600,61","6848587,24",0,I,0,ACCROCHE,FF51PR35D,51PR36U,FF,FF,SC,SC,0,741,741,51,GE DIRE
15297,02/01/2026,N0004,999,36,51,N,0,36044,"768600,61","6848587,24",0,37,51,N,0,37043,"769472,05","6849075,2",0,I,0,ACCROCHE,51PR36U,51PR37U,SC,SC,SC,SC,741,1740,999,51,GE DIRE
15299,02/01/2026,N0004,700,37,51,N,0,37043,"769472,05","6849075,2",0,37,51,N,700,37743,"770098,48","6849425,46",0,I,0,ACCROCHE,51PR37U,DF51PR37U,SC,SC,DF,DF,1740,2440,700,51,GE DIRE
13356,02/01/2026,N0004,999,0,52,N,0,101978,"831153,38","6842495,69",0,1,52,N,0,102977,"832047,95","6842053,32",0,D,0,ACCROCHE,52PR0D,52PR1D,CS,CS,SC,SC,0,999,999,52,GE DIRE
13362,02/01/2026,N0004,1000,1,52,N,0,102977,"832047,95","6842053,32",0,2,52,N,0,103977,"832939,52","6841611,81",0,D,0,ACCROCHE,52PR1D,52PR2D,SC,SC,SC,SC,999,1999,1000,52,GE DIRE
13360,02/01/2026,N0004,991,2,52,N,0,103977,"832939,52","6841611,81",0,3,52,N,0,104968,"833812,86","6841139,34",0,D,0,ACCROCHE,52PR2D,52PR3D,SC,SC,SC,SC,1999,2990,991,52,GE DIRE
13364,02/01/2026,N0004,1096,3,52,N,0,104968,"833812,86","6841139,34",0,4,52,N,0,106064,"834794,81","6840775,52",0,D,0,ACCROCHE,52PR3D,52PR4D,SC,SC,SC,SC,2990,4086,1096,52,GE DIRE
13361,02/01/2026,N0004,990,4,52,N,0,106064,"834794,81","6840775,52",0,5,52,N,0,107054,"835762,86","6840613,52",0,D,0,ACCROCHE,52PR4D,52PR5D,SC,SC,SC,SC,4086,5076,990,52,GE DIRE
13353,02/01/2026,N0004,996,5,52,N,0,107054,"835762,86","6840613,52",0,6,52,N,0,108050,"836724,84","6840352,75",0,D,0,ACCROCHE,52PR5D,52PR6D,SC,SC,SC,SC,5076,6072,996,52,GE DIRE
13357,02/01/2026,N0004,1002,6,52,N,0,108050,"836724,84","6840352,75",0,7,52,N,0,109052,"837705,53","6840158,08",0,D,0,ACCROCHE,52PR6D,52PR7D,SC,SC,SC,SC,6072,7074,1002,52,GE DIRE
13358,02/01/2026,N0004,999,7,52,N,0,109052,"837705,53","6840158,08",0,8,52,N,0,110051,"838688,72","6839967,6",0,D,0,ACCROCHE,52PR7D,52PR8D,SC,SC,SC,SC,7074,8073,999,52,GE DIRE
13366,02/01/2026,N0004,999,8,52,N,0,110051,"838688,72","6839967,6",0,9,52,N,0,111050,"839668,85","6839777,77",0,D,0,ACCROCHE,52PR8D,52PR9D,SC,SC,SC,SC,8073,9072,999,52,GE DIRE
13368,02/01/2026,N0004,999,9,52,N,0,111050,"839668,85","6839777,77",0,10,52,N,0,112049,"840649,11","6839579,6",0,D,0,ACCROCHE,52PR9D,52PR10D,SC,SC,SC,SC,9072,10071,999,52,GE DIRE
13359,02/01/2026,N0004,1000,10,52,N,0,112049,"840649,11","6839579,6",0,11,52,N,0,113049,"841524,88","6839168,81",0,D,0,ACCROCHE,52PR10D,52PR11D,SC,SC,SC,SC,10071,11071,1000,52,GE DIRE
13354,02/01/2026,N0004,1000,11,52,N,0,113049,"841524,88","6839168,81",0,12,52,N,0,114049,"842104,73","6838357,73",0,D,0,ACCROCHE,52PR11D,52PR12D,SC,SC,SC,SC,11071,12071,1000,52,GE DIRE
13352,02/01/2026,N0004,1000,12,52,N,0,114049,"842104,73","6838357,73",0,13,52,N,0,115049,"842844,01","6837688,75",0,D,0,ACCROCHE,52PR12D,52PR13D,SC,SC,SC,SC,12071,13071,1000,52,GE DIRE
13355,02/01/2026,N0004,1000,13,52,N,0,115049,"842844,01","6837688,75",0,14,52,N,0,116049,"843777,79","6837401,92",0,D,0,ACCROCHE,52PR13D,52PR14D,SC,SC,SC,SC,13071,14071,1000,52,GE DIRE
13367,02/01/2026,N0004,1000,14,52,N,0,116049,"843777,79","6837401,92",0,15,52,N,0,117049,"844764,24","6837552,08",0,D,0,ACCROCHE,52PR14D,52PR15D,SC,SC,SC,SC,14071,15071,1000,52,GE DIRE
13369,02/01/2026,N0004,1000,15,52,N,0,117049,"844764,24","6837552,08",0,16,52,N,0,118049,"845754,85","6837416,09",0,D,0,ACCROCHE,52PR15D,52PR16D,SC,SC,SC,SC,15071,16071,1000,52,GE DIRE
13365,02/01/2026,N0004,1000,16,52,N,0,118049,"845754,85","6837416,09",0,17,52,N,0,119049,"846622,99","6837768,43",0,D,0,ACCROCHE,52PR16D,52PR17D,SC,SC,SC,SC,16071,17071,1000,52,GE DIRE
13363,02/01/2026,N0004,788,17,52,N,0,119049,"846622,99","6837768,43",0,0,55,N,0,119837,"847232,47","6838256,97",0,D,0,ACCROCHE,52PR17D,55PR0D,SC,SC,CS,CS,17071,17859,788,52,GE DIRE
13199,02/01/2026,N0004,999,0,52,N,0,101954,"831157,84","6842507,07",0,1,52,N,0,102953,"832053,61","6842064,72",0,G,0,ACCROCHE,52PR0G,52PR1G,CS,CS,SC,SC,0,999,999,52,GE DIRE
13347,02/01/2026,N0004,1000,1,52,N,0,102953,"832053,61","6842064,72",0,2,52,N,0,103953,"832945,18","6841623,26",0,G,0,ACCROCHE,52PR1G,52PR2G,SC,SC,SC,SC,999,1999,1000,52,GE DIRE
13344,02/01/2026,N0004,995,2,52,N,0,103953,"832945,18","6841623,26",0,3,52,N,0,104948,"833819,62","6841146,07",0,G,0,ACCROCHE,52PR2G,52PR3G,SC,SC,SC,SC,1999,2994,995,52,GE DIRE
13190,02/01/2026,N0004,1083,3,52,N,0,104948,"833819,62","6841146,07",0,4,52,N,0,106031,"834793,83","6840784,92",0,G,0,ACCROCHE,52PR3G,52PR4G,SC,SC,SC,SC,2994,4077,1083,52,GE DIRE
13343,02/01/2026,N0004,994,4,52,N,0,106031,"834793,83","6840784,92",0,5,52,N,0,107025,"835765,77","6840624,29",0,G,0,ACCROCHE,52PR4G,52PR5G,SC,SC,SC,SC,4077,5071,994,52,GE DIRE
13197,02/01/2026,N0004,995,5,52,N,0,107025,"835765,77","6840624,29",0,6,52,N,0,108020,"836727,82","6840363,77",0,G,0,ACCROCHE,52PR5G,52PR6G,SC,SC,SC,SC,5071,6066,995,52,GE DIRE
13346,02/01/2026,N0004,1002,6,52,N,0,108020,"836727,82","6840363,77",0,7,52,N,0,109022,"837708,52","6840179,2",0,G,0,ACCROCHE,52PR6G,52PR7G,SC,SC,SC,SC,6066,7068,1002,52,GE DIRE
13196,02/01/2026,N0004,1016,7,52,N,0,109022,"837708,52","6840179,2",0,8,52,N,0,110038,"838690,93","6839978,94",0,G,0,ACCROCHE,52PR7G,52PR8G,SC,SC,SC,SC,7068,8084,1016,52,GE DIRE
13345,02/01/2026,N0004,999,8,52,N,0,110038,"838690,93","6839978,94",0,9,52,N,0,111037,"839670,95","6839788,87",0,G,0,ACCROCHE,52PR8G,52PR9G,SC,SC,SC,SC,8084,9083,999,52,GE DIRE
13342,02/01/2026,N0004,1002,9,52,N,0,111037,"839670,95","6839788,87",0,10,52,N,0,112039,"840651,45","6839591,46",0,G,0,ACCROCHE,52PR9G,52PR10G,SC,SC,SC,SC,9083,10085,1002,52,GE DIRE
13198,02/01/2026,N0004,1000,10,52,N,0,112039,"840651,45","6839591,46",0,11,52,N,0,113039,"841531,07","6839173,75",0,G,0,ACCROCHE,52PR10G,52PR11G,SC,SC,SC,SC,10085,11085,1000,52,GE DIRE
13340,02/01/2026,N0004,1000,11,52,N,0,113039,"841531,07","6839173,75",0,12,52,N,0,114039,"842108,89",6838362,0,G,0,ACCROCHE,52PR11G,52PR12G,SC,SC,SC,SC,11085,12085,1000,52,GE DIRE
13192,02/01/2026,N0004,1000,12,52,N,0,114039,"842108,89",6838362,0,13,52,N,0,115039,"842847,2","6837692,56",0,G,0,ACCROCHE,52PR12G,52PR13G,SC,SC,SC,SC,12085,13085,1000,52,GE DIRE
13341,02/01/2026,N0004,1000,13,52,N,0,115039,"842847,2","6837692,56",0,14,52,N,0,116039,"843777,31","6837407,01",0,G,0,ACCROCHE,52PR13G,52PR14G,SC,SC,SC,SC,13085,14085,1000,52,GE DIRE
13193,02/01/2026,N0004,1000,14,52,N,0,116039,"843777,31","6837407,01",0,15,52,N,0,117039,"844764,08","6837557,55",0,G,0,ACCROCHE,52PR14G,52PR15G,SC,SC,SC,SC,14085,15085,1000,52,GE DIRE
13195,02/01/2026,N0004,1000,15,52,N,0,117039,"844764,08","6837557,55",0,16,52,N,0,118039,"845755,75","6837420,78",0,G,0,ACCROCHE,52PR15G,52PR16G,SC,SC,SC,SC,15085,16085,1000,52,GE DIRE
13194,02/01/2026,N0004,1000,16,52,N,0,118039,"845755,75","6837420,78",0,17,52,N,0,119039,"846619,1","6837771,64",0,G,0,ACCROCHE,52PR16G,52PR17G,SC,SC,SC,SC,16085,17085,1000,52,GE DIRE
13191,02/01/2026,N0004,788,17,52,N,0,119039,"846619,1","6837771,64",0,0,55,N,0,119827,"847229,87","6838261,17",0,G,0,ACCROCHE,52PR17G,55PR0G,SC,SC,CS,CS,17085,17873,788,52,GE DIRE
12819,02/01/2026,N0004,76,95,54,N,145,229933,"984602,15","6841179,8",0,96,54,N,0,230009,984622,"6841255,35",0,I,0,ACCROCHE,FF54PR95D,54PR96U,FF,FF,SC,SC,0,76,76,54,GE DIRE
12822,02/01/2026,N0004,1003,96,54,N,0,230009,984622,"6841255,35",0,97,54,N,0,231012,"985294,75","6841937,95",0,I,0,ACCROCHE,54PR96U,54PR97U,SC,SC,SC,SC,76,1079,1003,54,GE DIRE
12821,02/01/2026,N0004,995,97,54,N,0,231012,"985294,75","6841937,95",0,98,54,N,0,232007,"985883,21","6842742,21",0,I,0,ACCROCHE,54PR97U,54PR98U,SC,SC,SC,SC,1079,2074,995,54,GE DIRE
12820,02/01/2026,N0004,544,98,54,N,0,232007,"985883,21","6842742,21",0,0,57,N,0,232551,"986231,05","6843141,13",0,I,0,ACCROCHE,54PR98U,57PR0U,SC,SC,CS,CS,2074,2618,544,54,GE DIRE
12795,02/01/2026,N0004,999,26,54,N,0,190522,"948731,41","6839173,49",0,27,54,N,0,191521,"949612,67","6838744,71",0,D,0,ACCROCHE,54PR26D,54PR27D,FD,FD,SC,SC,0,999,999,54,GE DIRE
12783,02/01/2026,N0004,1000,27,54,N,0,191521,"949612,67","6838744,71",0,28,54,N,0,192521,"950412,13","6838145,73",0,D,0,ACCROCHE,54PR27D,54PR28D,SC,SC,SC,SC,999,1999,1000,54,GE DIRE
12797,02/01/2026,N0004,1000,28,54,N,0,192521,"950412,13","6838145,73",0,29,54,N,0,193521,"951357,73","6837847,7",0,D,0,ACCROCHE,54PR28D,54PR29D,SC,SC,SC,SC,1999,2999,1000,54,GE DIRE
12774,02/01/2026,N0004,1001,29,54,N,0,193521,"951357,73","6837847,7",0,30,54,N,0,194522,"952347,04","6837754,41",0,D,0,ACCROCHE,54PR29D,54PR30D,SC,SC,SC,SC,2999,4000,1001,54,GE DIRE
12801,02/01/2026,N0004,999,30,54,N,0,194522,"952347,04","6837754,41",0,31,54,N,0,195521,"953287,48","6837424,95",0,D,0,ACCROCHE,54PR30D,54PR31D,SC,SC,SC,SC,4000,4999,999,54,GE DIRE
12769,02/01/2026,N0004,1000,31,54,N,0,195521,"953287,48","6837424,95",0,32,54,N,0,196521,"954258,83","6837197,06",0,D,0,ACCROCHE,54PR31D,54PR32D,SC,SC,SC,SC,4999,5999,1000,54,GE DIRE
12766,02/01/2026,N0004,999,32,54,N,0,196521,"954258,83","6837197,06",0,33,54,N,0,197520,"955165,05","6836793,87",0,D,0,ACCROCHE,54PR32D,54PR33D,SC,SC,SC,SC,5999,6998,999,54,GE DIRE
12770,02/01/2026,N0004,1000,33,54,N,0,197520,"955165,05","6836793,87",0,34,54,N,0,198520,"956081,75","6836405,39",0,D,0,ACCROCHE,54PR33D,54PR34D,SC,SC,SC,SC,6998,7998,1000,54,GE DIRE
12793,02/01/2026,N0004,1000,34,54,N,0,198520,"956081,75","6836405,39",0,35,54,N,0,199520,"957060,56","6836221,34",0,D,0,ACCROCHE,54PR34D,54PR35D,SC,SC,SC,SC,7998,8998,1000,54,GE DIRE
12791,02/01/2026,N0004,999,35,54,N,0,199520,"957060,56","6836221,34",0,36,54,N,0,200519,"957991,91","6835860,3",0,D,0,ACCROCHE,54PR35D,54PR36D,SC,SC,SC,SC,8998,9997,999,54,GE DIRE
12796,02/01/2026,N0004,1005,36,54,N,0,200519,"957991,91","6835860,3",0,37,54,N,0,201524,"958967,18","6835668,62",0,D,0,ACCROCHE,54PR36D,54PR37D,SC,SC,SC,SC,9997,11002,1005,54,GE DIRE
12784,02/01/2026,N0004,1003,37,54,N,0,201524,"958967,18","6835668,62",0,38,54,N,0,202527,"959965,69","6835656,11",0,D,0,ACCROCHE,54PR37D,54PR38D,SC,SC,SC,SC,11002,12005,1003,54,GE DIRE
12777,02/01/2026,N0004,1001,38,54,N,0,202527,"959965,69","6835656,11",0,39,54,N,0,203528,"960955,88","6835590,98",0,D,0,ACCROCHE,54PR38D,54PR39D,SC,SC,SC,SC,12005,13006,1001,54,GE DIRE
12798,02/01/2026,N0004,1009,39,54,N,0,203528,"960955,88","6835590,98",0,40,54,N,0,204537,"961841,02","6835999,28",0,D,0,ACCROCHE,54PR39D,54PR40D,SC,SC,SC,SC,13006,14015,1009,54,GE DIRE
12775,02/01/2026,N0004,998,40,54,N,0,204537,"961841,02","6835999,28",0,41,54,N,0,205535,"962411,49","6836808,32",0,D,0,ACCROCHE,54PR40D,54PR41D,SC,SC,SC,SC,14015,15013,998,54,GE DIRE
12768,02/01/2026,N0004,995,41,54,N,0,205535,"962411,49","6836808,32",0,42,54,N,0,206530,"963198,06","6837397,25",0,D,0,ACCROCHE,54PR41D,54PR42D,SC,SC,SC,SC,15013,16008,995,54,GE DIRE
12767,02/01/2026,N0004,995,42,54,N,0,206530,"963198,06","6837397,25",0,43,54,N,0,207525,"964163,48","6837562,65",0,D,0,ACCROCHE,54PR42D,54PR43D,SC,SC,SC,SC,16008,17003,995,54,GE DIRE
12790,02/01/2026,N0004,995,43,54,N,0,207525,"964163,48","6837562,65",0,44,54,N,0,208520,"965103,93","6837278,4",0,D,0,ACCROCHE,54PR43D,54PR44D,SC,SC,SC,SC,17003,17998,995,54,GE DIRE
12772,02/01/2026,N0004,1001,44,54,N,0,208520,"965103,93","6837278,4",0,45,54,N,0,209521,"965996,45","6836841,82",0,D,0,ACCROCHE,54PR44D,54PR45D,SC,SC,SC,SC,17998,18999,1001,54,GE DIRE
12764,02/01/2026,N0004,1004,45,54,N,0,209521,"965996,45","6836841,82",0,46,54,N,0,210525,"966943,03","6836562,06",0,D,0,ACCROCHE,54PR45D,54PR46D,SC,SC,SC,SC,18999,20003,1004,54,GE DIRE
12788,02/01/2026,N0004,1000,46,54,N,0,210525,"966943,03","6836562,06",0,47,54,N,0,211525,"967937,88","6836634,72",0,D,0,ACCROCHE,54PR46D,54PR47D,SC,SC,SC,SC,20003,21003,1000,54,GE DIRE
12800,02/01/2026,N0004,1000,47,54,N,0,211525,"967937,88","6836634,72",0,48,54,N,0,212525,"968880,57","6836344,48",0,D,0,ACCROCHE,54PR47D,54PR48D,SC,SC,SC,SC,21003,22003,1000,54,GE DIRE
12778,02/01/2026,N0004,1000,48,54,N,0,212525,"968880,57","6836344,48",0,49,54,N,0,213525,"969701,97","6835778,53",0,D,0,ACCROCHE,54PR48D,54PR49D,SC,SC,SC,SC,22003,23003,1000,54,GE DIRE
12789,02/01/2026,N0004,1000,49,54,N,0,213525,"969701,97","6835778,53",0,50,54,N,0,214525,"970662,01","6835525,93",0,D,0,ACCROCHE,54PR49D,54PR50D,SC,SC,SC,SC,23003,24003,1000,54,GE DIRE
12771,02/01/2026,N0004,1000,50,54,N,0,214525,"970662,01","6835525,93",0,51,54,N,0,215525,"971639,59","6835714,96",0,D,0,ACCROCHE,54PR50D,54PR51D,SC,SC,SC,SC,24003,25003,1000,54,GE DIRE
12786,02/01/2026,N0004,1000,51,54,N,0,215525,"971639,59","6835714,96",0,52,54,N,0,216525,"972596,55","6836004,74",0,D,0,ACCROCHE,54PR51D,54PR52D,SC,SC,SC,SC,25003,26003,1000,54,GE DIRE
12792,02/01/2026,N0004,1000,52,54,N,0,216525,"972596,55","6836004,74",0,53,54,N,0,217525,"973470,33","6836483,24",0,D,0,ACCROCHE,54PR52D,54PR53D,SC,SC,SC,SC,26003,27003,1000,54,GE DIRE
12781,02/01/2026,N0004,1000,53,54,N,0,217525,"973470,33","6836483,24",0,54,54,N,0,218525,"974391,55","6836816,02",0,D,0,ACCROCHE,54PR53D,54PR54D,SC,SC,SC,SC,27003,28003,1000,54,GE DIRE
12773,02/01/2026,N0004,1000,54,54,N,0,218525,"974391,55","6836816,02",0,55,54,N,0,219525,"975390,45","6836859,97",0,D,0,ACCROCHE,54PR54D,54PR55D,SC,SC,SC,SC,28003,29003,1000,54,GE DIRE
12780,02/01/2026,N0004,1000,55,54,N,0,219525,"975390,45","6836859,97",0,56,54,N,0,220525,"976326,81","6837197,62",0,D,0,ACCROCHE,54PR55D,54PR56D,SC,SC,SC,SC,29003,30003,1000,54,GE DIRE
12785,02/01/2026,N0004,1000,56,54,N,0,220525,"976326,81","6837197,62",0,57,54,N,0,221525,"977237,39","6837609,94",0,D,0,ACCROCHE,54PR56D,54PR57D,SC,SC,SC,SC,30003,31003,1000,54,GE DIRE
12803,02/01/2026,N0004,1000,57,54,N,0,221525,"977237,39","6837609,94",0,58,54,N,0,222525,"978206,71","6837831,22",0,D,0,ACCROCHE,54PR57D,54PR58D,SC,SC,SC,SC,31003,32003,1000,54,GE DIRE
12776,02/01/2026,N0004,1000,58,54,N,0,222525,"978206,71","6837831,22",0,59,54,N,0,223525,"979143,5","6838158,04",0,D,0,ACCROCHE,54PR58D,54PR59D,SC,SC,SC,SC,32003,33003,1000,54,GE DIRE
12782,02/01/2026,N0004,1000,59,54,N,0,223525,"979143,5","6838158,04",0,60,54,N,0,224525,"979999,65","6838670,95",0,D,0,ACCROCHE,54PR59D,54PR60D,SC,SC,SC,SC,33003,34003,1000,54,GE DIRE
12804,02/01/2026,N0004,1000,60,54,N,0,224525,"979999,65","6838670,95",0,61,54,N,0,225525,"980777,37","6839297,94",0,D,0,ACCROCHE,54PR60D,54PR61D,SC,SC,SC,SC,34003,35003,1000,54,GE DIRE
12779,02/01/2026,N0004,1000,61,54,N,0,225525,"980777,37","6839297,94",0,62,54,N,0,226525,"981707,9","6839648,52",0,D,0,ACCROCHE,54PR61D,54PR62D,SC,SC,SC,SC,35003,36003,1000,54,GE DIRE
12799,02/01/2026,N0004,1000,62,54,N,0,226525,"981707,9","6839648,52",0,63,54,N,0,227525,"982661,84","6839948,43",0,D,0,ACCROCHE,54PR62D,54PR63D,SC,SC,SC,SC,36003,37003,1000,54,GE DIRE
12802,02/01/2026,N0004,1000,63,54,N,0,227525,"982661,84","6839948,43",0,64,54,N,0,228525,"983463,74","6840515,89",0,D,0,ACCROCHE,54PR63D,54PR64D,SC,SC,SC,SC,37003,38003,1000,54,GE DIRE
12794,02/01/2026,N0004,1000,64,54,N,0,228525,"983463,74","6840515,89",0,65,54,N,0,229525,"984313,84","6840999,22",0,D,0,ACCROCHE,54PR64D,54PR65D,SC,SC,SC,SC,38003,39003,1000,54,GE DIRE
12787,02/01/2026,N0004,263,65,54,N,0,229525,"984313,84","6840999,22",0,95,54,N,0,229788,"984560,97","6841088,17",0,D,0,ACCROCHE,54PR65D,54PR95D,SC,SC,SC,SC,39003,39266,263,54,GE DIRE
12765,02/01/2026,N0004,145,95,54,N,0,229788,"984560,97","6841088,17",0,95,54,N,145,229933,"984602,15","6841179,8",0,D,0,ACCROCHE,54PR95D,FF54PR95D,SC,SC,FF,FF,39266,39411,145,54,GE DIRE
13323,02/01/2026,N0004,1003,26,54,N,0,190447,"948732,47","6839183,55",0,27,54,N,0,191450,"949618,93","6838752,92",0,G,0,ACCROCHE,54PR26G,54PR27G,FD,FD,SC,SC,0,1003,1003,54,GE DIRE
12747,02/01/2026,N0004,998,27,54,N,0,191450,"949618,93","6838752,92",0,28,54,N,0,192448,"950417,31","6838154,03",0,G,0,ACCROCHE,54PR27G,54PR28G,SC,SC,SC,SC,1003,2001,998,54,GE DIRE
12758,02/01/2026,N0004,997,28,54,N,0,192448,"950417,31","6838154,03",0,29,54,N,0,193445,"951358,36","6837857,42",0,G,0,ACCROCHE,54PR28G,54PR29G,SC,SC,SC,SC,2001,2998,997,54,GE DIRE
13321,02/01/2026,N0004,1000,29,54,N,0,193445,"951358,36","6837857,42",0,30,54,N,0,194445,"952349,22","6837763,93",0,G,0,ACCROCHE,54PR29G,54PR30G,SC,SC,SC,SC,2998,3998,1000,54,GE DIRE
13332,02/01/2026,N0004,1000,30,54,N,0,194445,"952349,22","6837763,93",0,31,54,N,0,195445,"953291,06","6837434,16",0,G,0,ACCROCHE,54PR30G,54PR31G,SC,SC,SC,SC,3998,4998,1000,54,GE DIRE
12746,02/01/2026,N0004,997,31,54,N,0,195445,"953291,06","6837434,16",0,32,54,N,0,196442,"954260,64","6837206,46",0,G,0,ACCROCHE,54PR31G,54PR32G,SC,SC,SC,SC,4998,5995,997,54,GE DIRE
12761,02/01/2026,N0004,1004,32,54,N,0,196442,"954260,64","6837206,46",0,33,54,N,0,197446,"955170,23","6836802,37",0,G,0,ACCROCHE,54PR32G,54PR33G,SC,SC,SC,SC,5995,6999,1004,54,GE DIRE
13334,02/01/2026,N0004,998,33,54,N,0,197446,"955170,23","6836802,37",0,34,54,N,0,198444,"956084,39","6836415,09",0,G,0,ACCROCHE,54PR33G,54PR34G,SC,SC,SC,SC,6999,7997,998,54,GE DIRE
12753,02/01/2026,N0004,1000,34,54,N,0,198444,"956084,39","6836415,09",0,35,54,N,0,199444,"957063,28",6836231,0,G,0,ACCROCHE,54PR34G,54PR35G,SC,SC,SC,SC,7997,8997,1000,54,GE DIRE
12760,02/01/2026,N0004,1001,35,54,N,0,199444,"957063,28",6836231,0,36,54,N,0,200445,"957995,43","6835869,47",0,G,0,ACCROCHE,54PR35G,54PR36G,SC,SC,SC,SC,8997,9998,1001,54,GE DIRE
13330,02/01/2026,N0004,997,36,54,N,0,200445,"957995,43","6835869,47",0,37,54,N,0,201442,"958967,59","6835679,29",0,G,0,ACCROCHE,54PR36G,54PR37G,SC,SC,SC,SC,9998,10995,997,54,GE DIRE
13320,02/01/2026,N0004,998,37,54,N,0,201442,"958967,59","6835679,29",0,38,54,N,0,202440,"959966,55","6835666,55",0,G,0,ACCROCHE,54PR37G,54PR38G,SC,SC,SC,SC,10995,11993,998,54,GE DIRE
13331,02/01/2026,N0004,1001,38,54,N,0,202440,"959966,55","6835666,55",0,39,54,N,0,203441,"960954,57","6835600,67",0,G,0,ACCROCHE,54PR38G,54PR39G,SC,SC,SC,SC,11993,12994,1001,54,GE DIRE
12756,02/01/2026,N0004,994,39,54,N,0,203441,"960954,57","6835600,67",0,40,54,N,0,204435,"961833,81","6836006,23",0,G,0,ACCROCHE,54PR39G,54PR40G,SC,SC,SC,SC,12994,13988,994,54,GE DIRE
13324,02/01/2026,N0004,997,40,54,N,0,204435,"961833,81","6836006,23",0,41,54,N,0,205432,"962403,9","6836814,63",0,G,0,ACCROCHE,54PR40G,54PR41G,SC,SC,SC,SC,13988,14985,997,54,GE DIRE
12748,02/01/2026,N0004,1004,41,54,N,0,205432,"962403,9","6836814,63",0,42,54,N,0,206436,963194,"6837406,49",0,G,0,ACCROCHE,54PR41G,54PR42G,SC,SC,SC,SC,14985,15989,1004,54,GE DIRE
13329,02/01/2026,N0004,1004,42,54,N,0,206436,963194,"6837406,49",0,43,54,N,0,207440,"964164,26","6837572,88",0,G,0,ACCROCHE,54PR42G,54PR43G,SC,SC,SC,SC,15989,16993,1004,54,GE DIRE
12757,02/01/2026,N0004,1001,43,54,N,0,207440,"964164,26","6837572,88",0,44,54,N,0,208441,"965108,22","6837287,14",0,G,0,ACCROCHE,54PR43G,54PR44G,SC,SC,SC,SC,16993,17994,1001,54,GE DIRE
12755,02/01/2026,N0004,1001,44,54,N,0,208441,"965108,22","6837287,14",0,45,54,N,0,209442,"966000,78","6836850,73",0,G,0,ACCROCHE,54PR44G,54PR45G,SC,SC,SC,SC,17994,18995,1001,54,GE DIRE
13328,02/01/2026,N0004,997,45,54,N,0,209442,"966000,78","6836850,73",0,46,54,N,0,210439,"966943,6","6836572,21",0,G,0,ACCROCHE,54PR45G,54PR46G,SC,SC,SC,SC,18995,19992,997,54,GE DIRE
13325,02/01/2026,N0004,1000,46,54,N,0,210439,"966943,6","6836572,21",0,47,54,N,0,211439,"967938,41","6836644,93",0,G,0,ACCROCHE,54PR46G,54PR47G,SC,SC,SC,SC,19992,20992,1000,54,GE DIRE
12743,02/01/2026,N0004,1000,47,54,N,0,211439,"967938,41","6836644,93",0,48,54,N,0,212439,"968885,86","6836353,16",0,G,0,ACCROCHE,54PR47G,54PR48G,SC,SC,SC,SC,20992,21992,1000,54,GE DIRE
12751,02/01/2026,N0004,1000,48,54,N,0,212439,"968885,86","6836353,16",0,49,54,N,0,213439,"969706,63","6835787,2",0,G,0,ACCROCHE,54PR48G,54PR49G,SC,SC,SC,SC,21992,22992,1000,54,GE DIRE
12752,02/01/2026,N0004,1000,49,54,N,0,213439,"969706,63","6835787,2",0,50,54,N,0,214439,"970662,28","6835535,86",0,G,0,ACCROCHE,54PR49G,54PR50G,SC,SC,SC,SC,22992,23992,1000,54,GE DIRE
13333,02/01/2026,N0004,1000,50,54,N,0,214439,"970662,28","6835535,86",0,51,54,N,0,215439,"971636,71","6835724,44",0,G,0,ACCROCHE,54PR50G,54PR51G,SC,SC,SC,SC,23992,24992,1000,54,GE DIRE
13338,02/01/2026,N0004,1000,51,54,N,0,215439,"971636,71","6835724,44",0,52,54,N,0,216439,"972593,79","6836014,04",0,G,0,ACCROCHE,54PR51G,54PR52G,SC,SC,SC,SC,24992,25992,1000,54,GE DIRE
13326,02/01/2026,N0004,1000,52,54,N,0,216439,"972593,79","6836014,04",0,53,54,N,0,217439,"973465,42","6836490,91",0,G,0,ACCROCHE,54PR52G,54PR53G,SC,SC,SC,SC,25992,26992,1000,54,GE DIRE
12745,02/01/2026,N0004,1000,53,54,N,0,217439,"973465,42","6836490,91",0,54,54,N,0,218439,"974391,13","6836825,49",0,G,0,ACCROCHE,54PR53G,54PR54G,SC,SC,SC,SC,26992,27992,1000,54,GE DIRE
12763,02/01/2026,N0004,1000,54,54,N,0,218439,"974391,13","6836825,49",0,55,54,N,0,219439,"975389,68",6836870,0,G,0,ACCROCHE,54PR54G,54PR55G,SC,SC,SC,SC,27992,28992,1000,54,GE DIRE
12744,02/01/2026,N0004,1000,55,54,N,0,219439,"975389,68",6836870,0,56,54,N,0,220439,"976322,63","6837206,9",0,G,0,ACCROCHE,54PR55G,54PR56G,SC,SC,SC,SC,28992,29992,1000,54,GE DIRE
13337,02/01/2026,N0004,1000,56,54,N,0,220439,"976322,63","6837206,9",0,57,54,N,0,221439,"977232,76","6837619,53",0,G,0,ACCROCHE,54PR56G,54PR57G,SC,SC,SC,SC,29992,30992,1000,54,GE DIRE
13336,02/01/2026,N0004,1000,57,54,N,0,221439,"977232,76","6837619,53",0,58,54,N,0,222439,"978205,06","6837841,5",0,G,0,ACCROCHE,54PR57G,54PR58G,SC,SC,SC,SC,30992,31992,1000,54,GE DIRE
12754,02/01/2026,N0004,1000,58,54,N,0,222439,"978205,06","6837841,5",0,59,54,N,0,223439,"979138,77","6838166,94",0,G,0,ACCROCHE,54PR58G,54PR59G,SC,SC,SC,SC,31992,32992,1000,54,GE DIRE
12759,02/01/2026,N0004,1000,59,54,N,0,223439,"979138,77","6838166,94",0,60,54,N,0,224439,"979993,81","6838678,77",0,G,0,ACCROCHE,54PR59G,54PR60G,SC,SC,SC,SC,32992,33992,1000,54,GE DIRE
13327,02/01/2026,N0004,1000,60,54,N,0,224439,"979993,81","6838678,77",0,61,54,N,0,225439,"980771,74","6839306,34",0,G,0,ACCROCHE,54PR60G,54PR61G,SC,SC,SC,SC,33992,34992,1000,54,GE DIRE
13335,02/01/2026,N0004,1000,61,54,N,0,225439,"980771,74","6839306,34",0,62,54,N,0,226439,"981704,99","6839658,06",0,G,0,ACCROCHE,54PR61G,54PR62G,SC,SC,SC,SC,34992,35992,1000,54,GE DIRE
13322,02/01/2026,N0004,1000,62,54,N,0,226439,"981704,99","6839658,06",0,63,54,N,0,227439,"982658,87","6839957,94",0,G,0,ACCROCHE,54PR62G,54PR63G,SC,SC,SC,SC,35992,36992,1000,54,GE DIRE
12750,02/01/2026,N0004,1000,63,54,N,0,227439,"982658,87","6839957,94",0,64,54,N,0,228439,"983456,21","6840522,25",0,G,0,ACCROCHE,54PR63G,54PR64G,SC,SC,SC,SC,36992,37992,1000,54,GE DIRE
12749,02/01/2026,N0004,1000,64,54,N,0,228439,"983456,21","6840522,25",0,65,54,N,0,229439,"984311,22","6841007,96",0,G,0,ACCROCHE,54PR64G,54PR65G,SC,SC,SC,SC,37992,38992,1000,54,GE DIRE
12762,02/01/2026,N0004,263,65,54,N,0,229439,"984311,22","6841007,96",0,95,54,N,0,229702,"984551,09","6841107,17",0,G,0,ACCROCHE,54PR65G,54PR95G,SC,SC,SC,SC,38992,39255,263,54,GE DIRE
13339,02/01/2026,N0004,95,95,54,N,0,229702,"984551,09","6841107,17",0,95,54,N,95,229797,"984602,15","6841179,8",0,G,0,ACCROCHE,54PR95G,FF54PR95D,SC,SC,FF,FF,39255,39350,95,54,GE DIRE
9564,02/01/2026,N0004,1009,0,54,N,0,179645,"902404,35","6845702,74",0,1,54,N,0,180654,"903342,08","6845333,11",0,D,0,ACCROCHE,54PR0D,54PR1D,CS,CS,SC,SC,0,1009,1009,54,GE DIRE
9565,02/01/2026,N0004,990,1,54,N,0,180654,"903342,08","6845333,11",0,2,54,N,0,181644,"904271,47","6844989,03",0,D,0,ACCROCHE,54PR1D,54PR2D,SC,SC,SC,SC,1009,1999,990,54,GE DIRE
9558,02/01/2026,N0004,1004,2,54,N,0,181644,"904271,47","6844989,03",0,3,54,N,0,182648,"905221,85","6844734,72",0,D,0,ACCROCHE,54PR2D,54PR3D,SC,SC,SC,SC,1999,3003,1004,54,GE DIRE
9567,02/01/2026,N0004,998,3,54,N,0,182648,"905221,85","6844734,72",0,4,54,N,0,183646,"906214,97","6844777,24",0,D,0,ACCROCHE,54PR3D,54PR4D,SC,SC,SC,SC,3003,4001,998,54,GE DIRE
9559,02/01/2026,N0004,1000,4,54,N,0,183646,"906214,97","6844777,24",0,5,54,N,0,184646,"907203,38","6844606,24",0,D,0,ACCROCHE,54PR4D,54PR5D,SC,SC,SC,SC,4001,5001,1000,54,GE DIRE
9566,02/01/2026,N0004,996,5,54,N,0,184646,"907203,38","6844606,24",0,6,54,N,0,185642,"908148,9","6844317,59",0,D,0,ACCROCHE,54PR5D,54PR6D,SC,SC,SC,SC,5001,5997,996,54,GE DIRE
9562,02/01/2026,N0004,999,6,54,N,0,185642,"908148,9","6844317,59",0,7,54,N,0,186641,"908890,11","6843650,68",0,D,0,ACCROCHE,54PR6D,54PR7D,SC,SC,SC,SC,5997,6996,999,54,GE DIRE
9563,02/01/2026,N0004,1006,7,54,N,0,186641,"908890,11","6843650,68",0,8,54,N,0,187647,"909682,73","6843035,05",0,D,0,ACCROCHE,54PR7D,54PR8D,SC,SC,SC,SC,6996,8002,1006,54,GE DIRE
9557,02/01/2026,N0004,995,8,54,N,0,187647,"909682,73","6843035,05",0,9,54,N,0,188642,"910581,31","6842619,89",0,D,0,ACCROCHE,54PR8D,54PR9D,SC,SC,SC,SC,8002,8997,995,54,GE DIRE
9560,02/01/2026,N0004,1001,9,54,N,0,188642,"910581,31","6842619,89",0,10,54,N,0,189643,"911561,23","6842739,47",0,D,0,ACCROCHE,54PR9D,54PR10D,SC,SC,SC,SC,8997,9998,1001,54,GE DIRE
9561,02/01/2026,N0004,879,10,54,N,0,189643,"911561,23","6842739,47",0,10,54,N,879,190522,"912382,2","6843089,75",0,D,0,ACCROCHE,54PR10D,DD54PR10D,SC,SC,DD,DD,9998,10877,879,54,GE DIRE
9526,02/01/2026,N0004,1010,0,54,N,0,179680,"902407,87","6845712,28",0,1,54,N,0,180690,"903345,53","6845342,66",0,G,0,ACCROCHE,54PR0G,54PR1G,CS,CS,SC,SC,0,1010,1010,54,GE DIRE
9525,02/01/2026,N0004,992,1,54,N,0,180690,"903345,53","6845342,66",0,2,54,N,0,181682,"904275,61","6844998,23",0,G,0,ACCROCHE,54PR1G,54PR2G,SC,SC,SC,SC,1010,2002,992,54,GE DIRE
9529,02/01/2026,N0004,997,2,54,N,0,181682,"904275,61","6844998,23",0,3,54,N,0,182679,"905220,74","6844744,71",0,G,0,ACCROCHE,54PR2G,54PR3G,SC,SC,SC,SC,2002,2999,997,54,GE DIRE
9531,02/01/2026,N0004,1001,3,54,N,0,182679,"905220,74","6844744,71",0,4,54,N,0,183680,"906215,93","6844787,1",0,G,0,ACCROCHE,54PR3G,54PR4G,SC,SC,SC,SC,2999,4000,1001,54,GE DIRE
9530,02/01/2026,N0004,1004,4,54,N,0,183680,"906215,93","6844787,1",0,5,54,N,0,184684,"907205,17","6844615,87",0,G,0,ACCROCHE,54PR4G,54PR5G,SC,SC,SC,SC,4000,5004,1004,54,GE DIRE
9527,02/01/2026,N0004,997,5,54,N,0,184684,"907205,17","6844615,87",0,6,54,N,0,185681,"908154,13","6844325,63",0,G,0,ACCROCHE,54PR5G,54PR6G,SC,SC,SC,SC,5004,6001,997,54,GE DIRE
9528,02/01/2026,N0004,999,6,54,N,0,185681,"908154,13","6844325,63",0,7,54,N,0,186680,"908897,05","6843658,01",0,G,0,ACCROCHE,54PR6G,54PR7G,SC,SC,SC,SC,6001,7000,999,54,GE DIRE
9524,02/01/2026,N0004,1008,7,54,N,0,186680,"908897,05","6843658,01",0,8,54,N,0,187688,"909687,89","6843043,97",0,G,0,ACCROCHE,54PR7G,54PR8G,SC,SC,SC,SC,7000,8008,1008,54,GE DIRE
9534,02/01/2026,N0004,993,8,54,N,0,187688,"909687,89","6843043,97",0,9,54,N,0,188681,"910583,35","6842631,35",0,G,0,ACCROCHE,54PR8G,54PR9G,SC,SC,SC,SC,8008,9001,993,54,GE DIRE
9533,02/01/2026,N0004,993,9,54,N,0,188681,"910583,35","6842631,35",0,10,54,N,0,189674,"911557,58","6842751,71",0,G,0,ACCROCHE,54PR9G,54PR10G,SC,SC,SC,SC,9001,9994,993,54,GE DIRE
9532,02/01/2026,N0004,773,10,54,N,0,189674,"911557,58","6842751,71",0,10,54,N,773,190447,"912250,08","6843077,56",0,G,0,ACCROCHE,54PR10G,DD54PR10G,SC,SC,DD,DD,9994,10767,773,54,GE DIRE
50194,02/01/2026,N0019,371,99,70,N,600,152508,"984954,8","6727999,44",0,0,90,N,0,152879,"985330,71","6728105,89",0,I,0,ACCROCHE,FF70PR99D,90PR0U,FF,FF,CS,CS,0,371,371,70,DIRE
42536,02/01/2026,N0019,1030,66,70,N,0,119063,"957578,4","6737041,48",0,67,70,N,0,120093,"958270,41","6737794,78",0,D,0,ACCROCHE,70PR66D,70PR67D,FD,FD,SC,SC,0,1030,1030,70,DIRE
42564,02/01/2026,N0019,1000,67,70,N,0,120093,"958270,41","6737794,78",0,68,70,N,0,121093,"959185,65","6738196,91",0,D,0,ACCROCHE,70PR67D,70PR68D,SC,SC,SC,SC,1030,2030,1000,70,DIRE
42548,02/01/2026,N0019,1000,68,70,N,0,121093,"959185,65","6738196,91",0,69,70,N,0,122093,"960106,2","6738584,36",0,D,0,ACCROCHE,70PR68D,70PR69D,SC,SC,SC,SC,2030,3030,1000,70,DIRE
42556,02/01/2026,N0019,958,69,70,N,0,122093,"960106,2","6738584,36",0,70,70,N,0,123051,"961045,12","6738754,73",0,D,0,ACCROCHE,70PR69D,70PR70D,SC,SC,SC,SC,3030,3988,958,70,DIRE
42566,02/01/2026,N0019,964,70,70,N,0,123051,"961045,12","6738754,73",0,71,70,N,0,124015,"962031,88",6738919,0,D,0,ACCROCHE,70PR70D,70PR71D,SC,SC,SC,SC,3988,4952,964,70,DIRE
42562,02/01/2026,N0019,994,71,70,N,0,124015,"962031,88",6738919,0,72,70,N,0,125009,"962975,36","6738682,07",0,D,0,ACCROCHE,70PR71D,70PR72D,SC,SC,SC,SC,4952,5946,994,70,DIRE
42545,02/01/2026,N0019,995,72,70,N,0,125009,"962975,36","6738682,07",0,73,70,N,0,126004,"963539,77","6737881,81",0,D,0,ACCROCHE,70PR72D,70PR73D,SC,SC,SC,SC,5946,6941,995,70,DIRE
42537,02/01/2026,N0019,1000,73,70,N,0,126004,"963539,77","6737881,81",0,74,70,N,0,127004,"963799,2","6736918,36",0,D,0,ACCROCHE,70PR73D,70PR74D,SC,SC,SC,SC,6941,7941,1000,70,DIRE
42534,02/01/2026,N0019,1241,74,70,N,0,127004,"963799,2","6736918,36",0,75,70,N,0,128245,"964342,7","6735808,65",0,D,0,ACCROCHE,70PR74D,70PR75D,SC,SC,SC,SC,7941,9182,1241,70,DIRE
42535,02/01/2026,N0019,987,75,70,N,0,128245,"964342,7","6735808,65",0,76,70,N,0,129232,"965088,78","6735226,99",0,D,0,ACCROCHE,70PR75D,70PR76D,SC,SC,SC,SC,9182,10169,987,70,DIRE
42552,02/01/2026,N0019,992,76,70,N,0,129232,"965088,78","6735226,99",0,77,70,N,0,130224,"966064,58","6735139,46",0,D,0,ACCROCHE,70PR76D,70PR77D,SC,SC,SC,SC,10169,11161,992,70,DIRE
42550,02/01/2026,N0019,993,77,70,N,0,130224,"966064,58","6735139,46",0,78,70,N,0,131217,"966985,22","6735506,93",0,D,0,ACCROCHE,70PR77D,70PR78D,SC,SC,SC,SC,11161,12154,993,70,DIRE
42554,02/01/2026,N0019,996,78,70,N,0,131217,"966985,22","6735506,93",0,79,70,N,0,132213,"967769,24","6734999,34",0,D,0,ACCROCHE,70PR78D,70PR79D,SC,SC,SC,SC,12154,13150,996,70,DIRE
42560,02/01/2026,N0019,989,79,70,N,0,132213,"967769,24","6734999,34",0,80,70,N,0,133202,"968485,44","6734330,43",0,D,0,ACCROCHE,70PR79D,70PR80D,SC,SC,SC,SC,13150,14139,989,70,DIRE
42551,02/01/2026,N0019,994,80,70,N,0,133202,"968485,44","6734330,43",0,81,70,N,0,134196,"969317,7","6733795,97",0,D,0,ACCROCHE,70PR80D,70PR81D,SC,SC,SC,SC,14139,15133,994,70,DIRE
42544,02/01/2026,N0019,993,81,70,N,0,134196,"969317,7","6733795,97",0,82,70,N,0,135189,"969843,16","6732978,27",0,D,0,ACCROCHE,70PR81D,70PR82D,SC,SC,SC,SC,15133,16126,993,70,DIRE
42561,02/01/2026,N0019,990,82,70,N,0,135189,"969843,16","6732978,27",0,83,70,N,0,136179,"970793,12","6733016,3",0,D,0,ACCROCHE,70PR82D,70PR83D,SC,SC,SC,SC,16126,17116,990,70,DIRE
42557,02/01/2026,N0019,995,83,70,N,0,136179,"970793,12","6733016,3",0,84,70,N,0,137174,"971584,4","6732476,13",0,D,0,ACCROCHE,70PR83D,70PR84D,SC,SC,SC,SC,17116,18111,995,70,DIRE
42565,02/01/2026,N0019,975,84,70,N,0,137174,"971584,4","6732476,13",0,85,70,N,0,138149,"972503,22","6732170,18",0,D,0,ACCROCHE,70PR84D,70PR85D,SC,SC,SC,SC,18111,19086,975,70,DIRE
42546,02/01/2026,N0019,970,85,70,N,0,138149,"972503,22","6732170,18",0,86,70,N,0,139119,"973358,38","6731747,18",0,D,0,ACCROCHE,70PR85D,70PR86D,SC,SC,SC,SC,19086,20056,970,70,DIRE
42539,02/01/2026,N0019,972,86,70,N,0,139119,"973358,38","6731747,18",0,87,70,N,0,140091,"974126,63","6731175,41",0,D,0,ACCROCHE,70PR86D,70PR87D,SC,SC,SC,SC,20056,21028,972,70,DIRE
42563,02/01/2026,N0019,973,87,70,N,0,140091,"974126,63","6731175,41",0,88,70,N,0,141064,"975044,76","6730872,6",0,D,0,ACCROCHE,70PR87D,70PR88D,SC,SC,SC,SC,21028,22001,973,70,DIRE
42542,02/01/2026,N0019,973,88,70,N,0,141064,"975044,76","6730872,6",0,89,70,N,0,142037,"975874,62","6730387,75",0,D,0,ACCROCHE,70PR88D,70PR89D,SC,SC,SC,SC,22001,22974,973,70,DIRE
42558,02/01/2026,N0019,971,89,70,N,0,142037,"975874,62","6730387,75",0,90,70,N,0,143008,"976557,23","6729738,61",0,D,0,ACCROCHE,70PR89D,70PR90D,SC,SC,SC,SC,22974,23945,971,70,DIRE
42567,02/01/2026,N0019,972,90,70,N,0,143008,"976557,23","6729738,61",0,91,70,N,0,143980,"977519,03","6729644,67",0,D,0,ACCROCHE,70PR90D,70PR91D,SC,SC,SC,SC,23945,24917,972,70,DIRE
42547,02/01/2026,N0019,975,91,70,N,0,143980,"977519,03","6729644,67",0,92,70,N,0,144955,"978457,46","6729410,55",0,D,0,ACCROCHE,70PR91D,70PR92D,SC,SC,SC,SC,24917,25892,975,70,DIRE
42541,02/01/2026,N0019,994,92,70,N,0,144955,"978457,46","6729410,55",0,93,70,N,0,145949,"979342,79","6728999,28",0,D,0,ACCROCHE,70PR92D,70PR93D,SC,SC,SC,SC,25892,26886,994,70,DIRE
42553,02/01/2026,N0019,996,93,70,N,0,145949,"979342,79","6728999,28",0,94,70,N,0,146945,"980028,91","6728287,22",0,D,0,ACCROCHE,70PR93D,70PR94D,SC,SC,SC,SC,26886,27882,996,70,DIRE
42538,02/01/2026,N0019,994,94,70,N,0,146945,"980028,91","6728287,22",0,95,70,N,0,147939,"980616,82","6727489,14",0,D,0,ACCROCHE,70PR94D,70PR95D,SC,SC,SC,SC,27882,28876,994,70,DIRE
42555,02/01/2026,N0019,989,95,70,N,0,147939,"980616,82","6727489,14",0,96,70,N,0,148928,"981526,31","6727169,15",0,D,0,ACCROCHE,70PR95D,70PR96D,SC,SC,SC,SC,28876,29865,989,70,DIRE
42543,02/01/2026,N0019,997,96,70,N,0,148928,"981526,31","6727169,15",0,97,70,N,0,149925,"982502,81","6727358,18",0,D,0,ACCROCHE,70PR96D,70PR97D,SC,SC,SC,SC,29865,30862,997,70,DIRE
42559,02/01/2026,N0019,989,97,70,N,0,149925,"982502,81","6727358,18",0,98,70,N,0,150914,"983407,26","6727748,12",0,D,0,ACCROCHE,70PR97D,70PR98D,SC,SC,SC,SC,30862,31851,989,70,DIRE
42549,02/01/2026,N0019,994,98,70,N,0,150914,"983407,26","6727748,12",0,99,70,N,0,151908,"984368,04","6727981,31",0,D,0,ACCROCHE,70PR98D,70PR99D,SC,SC,SC,SC,31851,32845,994,70,DIRE
42540,02/01/2026,N0019,600,99,70,N,0,151908,"984368,04","6727981,31",0,99,70,N,600,152508,"984954,8","6727999,44",0,D,0,ACCROCHE,70PR99D,FF70PR99D,SC,SC,FF,FF,32845,33445,600,70,DIRE
42815,02/01/2026,N0019,334,41,70,N,655,94790,"937071,56","6730711,88",0,42,70,N,0,95124,"937350,92","6730518,39",0,I,0,ACCROCHE,FF70PR41D,70PR42U,FF,FF,SC,SC,0,334,334,70,DIRE
42809,02/01/2026,N0019,1017,42,70,N,0,95124,"937350,92","6730518,39",0,43,70,N,0,96141,"938241,37","6730050,97",0,I,0,ACCROCHE,70PR42U,70PR43U,SC,SC,SC,SC,334,1351,1017,70,DIRE
42825,02/01/2026,N0019,1018,43,70,N,0,96141,"938241,37","6730050,97",0,44,70,N,0,97159,"939177,42","6729771,78",0,I,0,ACCROCHE,70PR43U,70PR44U,SC,SC,SC,SC,1351,2369,1018,70,DIRE
42817,02/01/2026,N0019,1009,44,70,N,0,97159,"939177,42","6729771,78",0,45,70,N,0,98168,"940148,95","6729682,56",0,I,0,ACCROCHE,70PR44U,70PR45U,SC,SC,SC,SC,2369,3378,1009,70,DIRE
42807,02/01/2026,N0019,1009,45,70,N,0,98168,"940148,95","6729682,56",0,46,70,N,0,99177,"941141,89","6729882,18",0,I,0,ACCROCHE,70PR45U,70PR46U,SC,SC,SC,SC,3378,4387,1009,70,DIRE
42827,02/01/2026,N0019,964,46,70,N,0,99177,"941141,89","6729882,18",0,47,70,N,0,100141,"942076,98","6730098,34",0,I,0,ACCROCHE,70PR46U,70PR47U,SC,SC,SC,SC,4387,5351,964,70,DIRE
42818,02/01/2026,N0019,1030,47,70,N,0,100141,"942076,98","6730098,34",0,48,70,N,0,101171,"943021,19","6730428,42",0,I,0,ACCROCHE,70PR47U,70PR48U,SC,SC,SC,SC,5351,6381,1030,70,DIRE
42806,02/01/2026,N0019,993,48,70,N,0,101171,"943021,19","6730428,42",0,49,70,N,0,102164,"943781,41","6731053,59",0,I,0,ACCROCHE,70PR48U,70PR49U,SC,SC,SC,SC,6381,7374,993,70,DIRE
42812,02/01/2026,N0019,998,49,70,N,0,102164,"943781,41","6731053,59",0,50,70,N,0,103162,"944363,01","6731855,56",0,I,0,ACCROCHE,70PR49U,70PR50U,SC,SC,SC,SC,7374,8372,998,70,DIRE
42819,02/01/2026,N0019,980,50,70,N,0,103162,"944363,01","6731855,56",0,51,70,N,0,104142,"945272,79","6731820,89",0,I,0,ACCROCHE,70PR50U,70PR51U,SC,SC,SC,SC,8372,9352,980,70,DIRE
42814,02/01/2026,N0019,1002,51,70,N,0,104142,"945272,79","6731820,89",0,52,70,N,0,105144,"946218,41","6731916,2",0,I,0,ACCROCHE,70PR51U,70PR52U,SC,SC,SC,SC,9352,10354,1002,70,DIRE
42822,02/01/2026,N0019,983,52,70,N,0,105144,"946218,41","6731916,2",0,53,70,N,0,106127,"947087,03","6732314,6",0,I,0,ACCROCHE,70PR52U,70PR53U,SC,SC,SC,SC,10354,11337,983,70,DIRE
42823,02/01/2026,N0019,994,53,70,N,0,106127,"947087,03","6732314,6",0,54,70,N,0,107121,"947890,21","6732883,9",0,I,0,ACCROCHE,70PR53U,70PR54U,SC,SC,SC,SC,11337,12331,994,70,DIRE
42804,02/01/2026,N0019,1011,54,70,N,0,107121,"947890,21","6732883,9",0,55,70,N,0,108132,"948742,15","6733392,73",0,I,0,ACCROCHE,70PR54U,70PR55U,SC,SC,SC,SC,12331,13342,1011,70,DIRE
42810,02/01/2026,N0019,991,55,70,N,0,108132,"948742,15","6733392,73",0,56,70,N,0,109123,"949627,23","6733778,71",0,I,0,ACCROCHE,70PR55U,70PR56U,SC,SC,SC,SC,13342,14333,991,70,DIRE
42813,02/01/2026,N0019,992,56,70,N,0,109123,"949627,23","6733778,71",0,57,70,N,0,110115,"950472,03","6734296,87",0,I,0,ACCROCHE,70PR56U,70PR57U,SC,SC,SC,SC,14333,15325,992,70,DIRE
42824,02/01/2026,N0019,992,57,70,N,0,110115,"950472,03","6734296,87",0,58,70,N,0,111107,"951354,37","6734736,35",0,I,0,ACCROCHE,70PR57U,70PR58U,SC,SC,SC,SC,15325,16317,992,70,DIRE
42811,02/01/2026,N0019,986,58,70,N,0,111107,"951354,37","6734736,35",0,59,70,N,0,112093,"951949,75","6734081,53",0,I,0,ACCROCHE,70PR58U,70PR59U,SC,SC,SC,SC,16317,17303,986,70,DIRE
42805,02/01/2026,N0019,996,59,70,N,0,112093,"951949,75","6734081,53",0,60,70,N,0,113089,"952751,87","6734275,94",0,I,0,ACCROCHE,70PR59U,70PR60U,SC,SC,SC,SC,17303,18299,996,70,DIRE
42821,02/01/2026,N0019,997,60,70,N,0,113089,"952751,87","6734275,94",0,61,70,N,0,114086,"953467,41","6734897,85",0,I,0,ACCROCHE,70PR60U,70PR61U,SC,SC,SC,SC,18299,19296,997,70,DIRE
42826,02/01/2026,N0019,990,61,70,N,0,114086,"953467,41","6734897,85",0,62,70,N,0,115076,"953822,64","6735629,87",0,I,0,ACCROCHE,70PR61U,70PR62U,SC,SC,SC,SC,19296,20286,990,70,DIRE
42828,02/01/2026,N0019,990,62,70,N,0,115076,"953822,64","6735629,87",0,63,70,N,0,116066,"954719,25","6736024,89",0,I,0,ACCROCHE,70PR62U,70PR63U,SC,SC,SC,SC,20286,21276,990,70,DIRE
42808,02/01/2026,N0019,991,63,70,N,0,116066,"954719,25","6736024,89",0,64,70,N,0,117057,"955661,33","6736329,01",0,I,0,ACCROCHE,70PR63U,70PR64U,SC,SC,SC,SC,21276,22267,991,70,DIRE
42816,02/01/2026,N0019,991,64,70,N,0,117057,"955661,33","6736329,01",0,65,70,N,0,118048,"956597,71","6736663,71",0,I,0,ACCROCHE,70PR64U,70PR65U,SC,SC,SC,SC,22267,23258,991,70,DIRE
42820,02/01/2026,N0019,1015,65,70,N,0,118048,"956597,71","6736663,71",0,65,70,N,1015,119063,"957536,34","6737019,47",0,I,0,ACCROCHE,70PR65U,DD70PR65U,SC,SC,DD,DD,23258,24273,1015,70,DIRE
42782,02/01/2026,N0019,1039,66,70,N,0,119008,"957556,43","6737053,86",0,67,70,N,0,120047,"958265,4","6737803,29",0,G,0,ACCROCHE,70PR66G,70PR67G,FD,FD,SC,SC,0,1039,1039,70,DIRE
42787,02/01/2026,N0019,1002,67,70,N,0,120047,"958265,4","6737803,29",0,68,70,N,0,121049,"959181,86","6738205,93",0,G,0,ACCROCHE,70PR67G,70PR68G,SC,SC,SC,SC,1039,2041,1002,70,DIRE
42774,02/01/2026,N0019,1000,68,70,N,0,121049,"959181,86","6738205,93",0,69,70,N,0,122049,"960102,25","6738593,85",0,G,0,ACCROCHE,70PR68G,70PR69G,SC,SC,SC,SC,2041,3041,1000,70,DIRE
42780,02/01/2026,N0019,963,69,70,N,0,122049,"960102,25","6738593,85",0,70,70,N,0,123012,"961044,13","6738764,59",0,G,0,ACCROCHE,70PR69G,70PR70G,SC,SC,SC,SC,3041,4004,963,70,DIRE
42778,02/01/2026,N0019,1000,70,70,N,0,123012,"961044,13","6738764,59",0,71,70,N,0,124012,"962030,46","6738929,74",0,G,0,ACCROCHE,70PR70G,70PR71G,SC,SC,SC,SC,4004,5004,1000,70,DIRE
42797,02/01/2026,N0019,1005,71,70,N,0,124012,"962030,46","6738929,74",0,72,70,N,0,125017,"962981,53","6738690,85",0,G,0,ACCROCHE,70PR71G,70PR72G,SC,SC,SC,SC,5004,6009,1005,70,DIRE
42772,02/01/2026,N0019,1005,72,70,N,0,125017,"962981,53","6738690,85",0,73,70,N,0,126022,963549,"6737885,26",0,G,0,ACCROCHE,70PR72G,70PR73G,SC,SC,SC,SC,6009,7014,1005,70,DIRE
42776,02/01/2026,N0019,1000,73,70,N,0,126022,963549,"6737885,26",0,74,70,N,0,127022,"963808,97","6736921,23",0,G,0,ACCROCHE,70PR73G,70PR74G,SC,SC,SC,SC,7014,8014,1000,70,DIRE
42791,02/01/2026,N0019,1237,74,70,N,0,127022,"963808,97","6736921,23",0,75,70,N,0,128259,"964351,24","6735813,09",0,G,0,ACCROCHE,70PR74G,70PR75G,SC,SC,SC,SC,8014,9251,1237,70,DIRE
42777,02/01/2026,N0019,977,75,70,N,0,128259,"964351,24","6735813,09",0,76,70,N,0,129236,"965090,65","6735237,05",0,G,0,ACCROCHE,70PR75G,70PR76G,SC,SC,SC,SC,9251,10228,977,70,DIRE
42789,02/01/2026,N0019,987,76,70,N,0,129236,"965090,65","6735237,05",0,77,70,N,0,130223,"966061,6","6735148,94",0,G,0,ACCROCHE,70PR76G,70PR77G,SC,SC,SC,SC,10228,11215,987,70,DIRE
42798,02/01/2026,N0019,995,77,70,N,0,130223,"966061,6","6735148,94",0,78,70,N,0,131218,"966984,15","6735516,67",0,G,0,ACCROCHE,70PR77G,70PR78G,SC,SC,SC,SC,11215,12210,995,70,DIRE
42783,02/01/2026,N0019,1008,78,70,N,0,131218,"966984,15","6735516,67",0,79,70,N,0,132226,"967777,2","6735005,41",0,G,0,ACCROCHE,70PR78G,70PR79G,SC,SC,SC,SC,12210,13218,1008,70,DIRE
42771,02/01/2026,N0019,987,79,70,N,0,132226,"967777,2","6735005,41",0,80,70,N,0,133213,"968490,57","6734339,08",0,G,0,ACCROCHE,70PR79G,70PR80G,SC,SC,SC,SC,13218,14205,987,70,DIRE
42795,02/01/2026,N0019,999,80,70,N,0,133213,"968490,57","6734339,08",0,81,70,N,0,134212,"969325,37","6733802,57",0,G,0,ACCROCHE,70PR80G,70PR81G,SC,SC,SC,SC,14205,15204,999,70,DIRE
42803,02/01/2026,N0019,985,81,70,N,0,134212,"969325,37","6733802,57",0,82,70,N,0,135197,"969848,39","6732987,2",0,G,0,ACCROCHE,70PR81G,70PR82G,SC,SC,SC,SC,15204,16189,985,70,DIRE
42785,02/01/2026,N0019,978,82,70,N,0,135197,"969848,39","6732987,2",0,83,70,N,0,136175,"970791,88","6733038,57",0,G,0,ACCROCHE,70PR82G,70PR83G,SC,SC,SC,SC,16189,17167,978,70,DIRE
42779,02/01/2026,N0019,1038,83,70,N,0,136175,"970791,88","6733038,57",0,84,70,N,0,137213,"971590,56","6732490,96",0,G,0,ACCROCHE,70PR83G,70PR84G,SC,SC,SC,SC,17167,18205,1038,70,DIRE
42773,02/01/2026,N0019,970,84,70,N,0,137213,"971590,56","6732490,96",0,85,70,N,0,138183,"972507,45","6732179,5",0,G,0,ACCROCHE,70PR84G,70PR85G,SC,SC,SC,SC,18205,19175,970,70,DIRE
42796,02/01/2026,N0019,970,85,70,N,0,138183,"972507,45","6732179,5",0,86,70,N,0,139153,"973362,03","6731756,2",0,G,0,ACCROCHE,70PR85G,70PR86G,SC,SC,SC,SC,19175,20145,970,70,DIRE
42799,02/01/2026,N0019,972,86,70,N,0,139153,"973362,03","6731756,2",0,87,70,N,0,140125,"974130,11","6731186,39",0,G,0,ACCROCHE,70PR86G,70PR87G,SC,SC,SC,SC,20145,21117,972,70,DIRE
42790,02/01/2026,N0019,974,87,70,N,0,140125,"974130,11","6731186,39",0,88,70,N,0,141099,"975050,59","6730882,05",0,G,0,ACCROCHE,70PR87G,70PR88G,SC,SC,SC,SC,21117,22091,974,70,DIRE
42786,02/01/2026,N0019,975,88,70,N,0,141099,"975050,59","6730882,05",0,89,70,N,0,142074,"975882,51","6730393,86",0,G,0,ACCROCHE,70PR88G,70PR89G,SC,SC,SC,SC,22091,23066,975,70,DIRE
42793,02/01/2026,N0019,962,89,70,N,0,142074,"975882,51","6730393,86",0,90,70,N,0,143036,"976560,14","6729748,07",0,G,0,ACCROCHE,70PR89G,70PR90G,SC,SC,SC,SC,23066,24028,962,70,DIRE
42792,02/01/2026,N0019,971,90,70,N,0,143036,"976560,14","6729748,07",0,91,70,N,0,144007,"977520,28","6729654,65",0,G,0,ACCROCHE,70PR90G,70PR91G,SC,SC,SC,SC,24028,24999,971,70,DIRE
42788,02/01/2026,N0019,978,91,70,N,0,144007,"977520,28","6729654,65",0,92,70,N,0,144985,"978460,18","6729420,67",0,G,0,ACCROCHE,70PR91G,70PR92G,SC,SC,SC,SC,24999,25977,978,70,DIRE
42800,02/01/2026,N0019,998,92,70,N,0,144985,"978460,18","6729420,67",0,93,70,N,0,145983,"979348,8","6729007,53",0,G,0,ACCROCHE,70PR92G,70PR93G,SC,SC,SC,SC,25977,26975,998,70,DIRE
42794,02/01/2026,N0019,1000,93,70,N,0,145983,"979348,8","6729007,53",0,94,70,N,0,146983,"980036,34","6728293,55",0,G,0,ACCROCHE,70PR93G,70PR94G,SC,SC,SC,SC,26975,27975,1000,70,DIRE
42781,02/01/2026,N0019,994,94,70,N,0,146983,"980036,34","6728293,55",0,95,70,N,0,147977,"980624,58","6727497,45",0,G,0,ACCROCHE,70PR94G,70PR95G,SC,SC,SC,SC,27975,28969,994,70,DIRE
42770,02/01/2026,N0019,975,95,70,N,0,147977,"980624,58","6727497,45",0,96,70,N,0,148952,"981526,47","6727179,74",0,G,0,ACCROCHE,70PR95G,70PR96G,SC,SC,SC,SC,28969,29944,975,70,DIRE
42775,02/01/2026,N0019,995,96,70,N,0,148952,"981526,47","6727179,74",0,97,70,N,0,149947,"982499,77","6727367,61",0,G,0,ACCROCHE,70PR96G,70PR97G,SC,SC,SC,SC,29944,30939,995,70,DIRE
42784,02/01/2026,N0019,989,97,70,N,0,149947,"982499,77","6727367,61",0,98,70,N,0,150936,"983404,8","6727757,63",0,G,0,ACCROCHE,70PR97G,70PR98G,SC,SC,SC,SC,30939,31928,989,70,DIRE
42802,02/01/2026,N0019,997,98,70,N,0,150936,"983404,8","6727757,63",0,99,70,N,0,151933,"984367,26","6727991,36",0,G,0,ACCROCHE,70PR98G,70PR99G,SC,SC,SC,SC,31928,32925,997,70,DIRE
42801,02/01/2026,N0019,600,99,70,N,0,151933,"984367,26","6727991,36",0,99,70,N,600,152533,"984954,8","6727999,44",0,G,0,ACCROCHE,70PR99G,FF70PR99D,SC,SC,FF,FF,32925,33525,600,70,DIRE
33212,02/01/2026,N0019,1077,0,90,N,0,152879,"985330,71","6728105,89",0,1,90,N,0,153956,"986022,45","6728909,61",0,I,0,ACCROCHE,90PR0U,90PR1U,CS,CS,SC,SC,0,1077,1077,90,DIRE
33213,02/01/2026,N0019,989,1,90,N,0,153956,"986022,45","6728909,61",0,2,90,N,0,154945,"986976,22","6728947,64",0,I,0,ACCROCHE,90PR1U,90PR2U,SC,SC,SC,SC,1077,2066,989,90,DIRE
33215,02/01/2026,N0019,993,2,90,N,0,154945,"986976,22","6728947,64",0,3,90,N,0,155938,"987938,16","6728939,7",0,I,0,ACCROCHE,90PR2U,90PR3U,SC,SC,SC,SC,2066,3059,993,90,DIRE
33214,02/01/2026,N0019,690,3,90,N,0,155938,"987938,16","6728939,7",0,3,90,N,690,156628,"988584,09","6728835,35",0,I,0,ACCROCHE,90PR3U,DF90PR3U,SC,SC,DF,DF,3059,3749,690,90,DIRE
33208,02/01/2026,N0019,304,3,90,N,690,156628,"988584,09","6728835,35",0,4,90,N,0,156932,"988761,21","6728608,45",0,D,0,ACCROCHE,DF90PR3U,90PR4D,DF,DF,SC,SC,0,304,304,90,DIRE
33206,02/01/2026,N0019,992,4,90,N,0,156932,"988761,21","6728608,45",0,5,90,N,0,157924,"989341,35","6727861,07",0,D,0,ACCROCHE,90PR4D,90PR5D,SC,SC,SC,SC,304,1296,992,90,DIRE
33207,02/01/2026,N0019,921,5,90,N,0,157924,"989341,35","6727861,07",0,6,90,N,0,158845,"990185,23","6727499,87",0,D,0,ACCROCHE,90PR5D,90PR6D,SC,SC,SC,SC,1296,2217,921,90,DIRE
33210,02/01/2026,N0019,984,6,90,N,0,158845,"990185,23","6727499,87",0,7,90,N,0,159829,"991172,45","6727357,54",0,D,0,ACCROCHE,90PR6D,90PR7D,SC,SC,SC,SC,2217,3201,984,90,DIRE
33211,02/01/2026,N0019,979,7,90,N,0,159829,"991172,45","6727357,54",0,8,90,N,0,160808,"992088,34","6727655,5",0,D,0,ACCROCHE,90PR7D,90PR8D,SC,SC,SC,SC,3201,4180,979,90,DIRE
33209,02/01/2026,N0019,978,8,90,N,0,160808,"992088,34","6727655,5",0,8,90,N,978,161786,"992731,48","6727380,77",0,D,0,ACCROCHE,90PR8D,FF90PR8D,SC,SC,FF,FF,4180,5158,978,90,DIRE
33201,02/01/2026,N0019,305,3,90,N,690,156653,"988584,09","6728835,35",0,4,90,N,0,156958,"988769,55","6728614,91",0,G,0,ACCROCHE,DF90PR3U,90PR4G,DF,DF,SC,SC,0,305,305,90,DIRE
33204,02/01/2026,N0019,989,4,90,N,0,156958,"988769,55","6728614,91",0,5,90,N,0,157947,"989348,09","6727868,55",0,G,0,ACCROCHE,90PR4G,90PR5G,SC,SC,SC,SC,305,1294,989,90,DIRE
33203,02/01/2026,N0019,914,5,90,N,0,157947,"989348,09","6727868,55",0,6,90,N,0,158861,"990188,56","6727508,01",0,G,0,ACCROCHE,90PR5G,90PR6G,SC,SC,SC,SC,1294,2208,914,90,DIRE
33202,02/01/2026,N0019,972,6,90,N,0,158861,"990188,56","6727508,01",0,7,90,N,0,159833,"991169,25","6727366,9",0,G,0,ACCROCHE,90PR6G,90PR7G,SC,SC,SC,SC,2208,3180,972,90,DIRE
33200,02/01/2026,N0019,984,7,90,N,0,159833,"991169,25","6727366,9",0,8,90,N,0,160817,"992087,64","6727671,43",0,G,0,ACCROCHE,90PR7G,90PR8G,SC,SC,SC,SC,3180,4164,984,90,DIRE
33205,02/01/2026,N0019,978,8,90,N,0,160817,"992087,64","6727671,43",0,8,90,N,978,161795,"992731,48","6727380,77",0,G,0,ACCROCHE,90PR8G,FF90PR8D,SC,SC,FF,FF,4164,5142,978,90,DIRE
27686,02/01/2026,N0019,992,0,70,N,0,52121,"900695,4","6744488,14",0,1,70,N,0,53113,"901648,01","6744500,2",0,I,0,ACCROCHE,70PR0U,70PR1U,CS,CS,SC,SC,0,992,992,70,DIRE
27684,02/01/2026,N0019,996,1,70,N,0,53113,"901648,01","6744500,2",0,2,70,N,0,54109,"902609,84","6744435,9",0,I,0,ACCROCHE,70PR1U,70PR2U,SC,SC,SC,SC,992,1988,996,70,DIRE
27701,02/01/2026,N0019,1010,2,70,N,0,54109,"902609,84","6744435,9",0,3,70,N,0,55119,"903269,81","6743680,42",0,I,0,ACCROCHE,70PR2U,70PR3U,SC,SC,SC,SC,1988,2998,1010,70,DIRE
27703,02/01/2026,N0019,988,3,70,N,0,55119,"903269,81","6743680,42",0,4,70,N,0,56107,"904092,99","6743145,52",0,I,0,ACCROCHE,70PR3U,70PR4U,SC,SC,SC,SC,2998,3986,988,70,DIRE
27678,02/01/2026,N0019,996,4,70,N,0,56107,"904092,99","6743145,52",0,5,70,N,0,57103,"905042,41","6742860,96",0,I,0,ACCROCHE,70PR4U,70PR5U,SC,SC,SC,SC,3986,4982,996,70,DIRE
27690,02/01/2026,N0019,998,5,70,N,0,57103,"905042,41","6742860,96",0,6,70,N,0,58101,"906000,2","6742618,18",0,I,0,ACCROCHE,70PR5U,70PR6U,SC,SC,SC,SC,4982,5980,998,70,DIRE
27696,02/01/2026,N0019,995,6,70,N,0,58101,"906000,2","6742618,18",0,7,70,N,0,59096,"906929,17","6742590,59",0,I,0,ACCROCHE,70PR6U,70PR7U,SC,SC,SC,SC,5980,6975,995,70,DIRE
27694,02/01/2026,N0019,985,7,70,N,0,59096,"906929,17","6742590,59",0,8,70,N,0,60081,"907677,19","6742038,72",0,I,0,ACCROCHE,70PR7U,70PR8U,SC,SC,SC,SC,6975,7960,985,70,DIRE
27681,02/01/2026,N0019,972,8,70,N,0,60081,"907677,19","6742038,72",0,9,70,N,0,61053,"908198,25","6741246,1",0,I,0,ACCROCHE,70PR8U,70PR9U,SC,SC,SC,SC,7960,8932,972,70,DIRE
27677,02/01/2026,N0019,1006,9,70,N,0,61053,"908198,25","6741246,1",0,10,70,N,0,62059,"909087,89","6741100,32",0,I,0,ACCROCHE,70PR9U,70PR10U,SC,SC,SC,SC,8932,9938,1006,70,DIRE
27683,02/01/2026,N0019,1002,10,70,N,0,62059,"909087,89","6741100,32",0,11,70,N,0,63061,"910055,68","6740907,84",0,I,0,ACCROCHE,70PR10U,70PR11U,SC,SC,SC,SC,9938,10940,1002,70,DIRE
27676,02/01/2026,N0019,1001,11,70,N,0,63061,"910055,68","6740907,84",0,12,70,N,0,64062,"910901,22","6740391,63",0,I,0,ACCROCHE,70PR11U,70PR12U,SC,SC,SC,SC,10940,11941,1001,70,DIRE
27695,02/01/2026,N0019,1003,12,70,N,0,64062,"910901,22","6740391,63",0,13,70,N,0,65065,"911821,01","6740001,32",0,I,0,ACCROCHE,70PR12U,70PR13U,SC,SC,SC,SC,11941,12944,1003,70,DIRE
27693,02/01/2026,N0019,998,13,70,N,0,65065,"911821,01","6740001,32",0,14,70,N,0,66063,"912739,47","6739623,53",0,I,0,ACCROCHE,70PR13U,70PR14U,SC,SC,SC,SC,12944,13942,998,70,DIRE
27687,02/01/2026,N0019,999,14,70,N,0,66063,"912739,47","6739623,53",0,15,70,N,0,67062,"913676,92","6739481,59",0,I,0,ACCROCHE,70PR14U,70PR15U,SC,SC,SC,SC,13942,14941,999,70,DIRE
27688,02/01/2026,N0019,996,15,70,N,0,67062,"913676,92","6739481,59",0,16,70,N,0,68058,"914665,93","6739431,74",0,I,0,ACCROCHE,70PR15U,70PR16U,SC,SC,SC,SC,14941,15937,996,70,DIRE
27675,02/01/2026,N0019,998,16,70,N,0,68058,"914665,93","6739431,74",0,17,70,N,0,69056,"915618,19","6739141,92",0,I,0,ACCROCHE,70PR16U,70PR17U,SC,SC,SC,SC,15937,16935,998,70,DIRE
27704,02/01/2026,N0019,1001,17,70,N,0,69056,"915618,19","6739141,92",0,18,70,N,0,70057,"916467,2","6738627,5",0,I,0,ACCROCHE,70PR17U,70PR18U,SC,SC,SC,SC,16935,17936,1001,70,DIRE
27702,02/01/2026,N0019,1004,18,70,N,0,70057,"916467,2","6738627,5",0,19,70,N,0,71061,"917329,94","6738244,88",0,I,0,ACCROCHE,70PR18U,70PR19U,SC,SC,SC,SC,17936,18940,1004,70,DIRE
27679,02/01/2026,N0019,997,19,70,N,0,71061,"917329,94","6738244,88",0,20,70,N,0,72058,"918310,43","6738320,96",0,I,0,ACCROCHE,70PR19U,70PR20U,SC,SC,SC,SC,18940,19937,997,70,DIRE
27680,02/01/2026,N0019,1000,20,70,N,0,72058,"918310,43","6738320,96",0,21,70,N,0,73058,"919309,05","6738278,41",0,I,0,ACCROCHE,70PR20U,70PR21U,SC,SC,SC,SC,19937,20937,1000,70,DIRE
27697,02/01/2026,N0019,998,21,70,N,0,73058,"919309,05","6738278,41",0,22,70,N,0,74056,"920187,21","6737841,01",0,I,0,ACCROCHE,70PR21U,70PR22U,SC,SC,SC,SC,20937,21935,998,70,DIRE
27691,02/01/2026,N0019,1008,22,70,N,0,74056,"920187,21","6737841,01",0,23,70,N,0,75064,"921120,97","6737457,25",0,I,0,ACCROCHE,70PR22U,70PR23U,SC,SC,SC,SC,21935,22943,1008,70,DIRE
27698,02/01/2026,N0019,984,23,70,N,0,75064,"921120,97","6737457,25",0,24,70,N,0,76048,"922040,86","6737110,34",0,I,0,ACCROCHE,70PR23U,70PR24U,SC,SC,SC,SC,22943,23927,984,70,DIRE
27685,02/01/2026,N0019,958,24,70,N,0,76048,"922040,86","6737110,34",0,25,70,N,0,77006,"922971,36","6736892,05",0,I,0,ACCROCHE,70PR24U,70PR25U,SC,SC,SC,SC,23927,24885,958,70,DIRE
27682,02/01/2026,N0019,994,25,70,N,0,77006,"922971,36","6736892,05",0,26,70,N,0,78000,"923938,49","6736696,79",0,I,0,ACCROCHE,70PR25U,70PR26U,SC,SC,SC,SC,24885,25879,994,70,DIRE
27689,02/01/2026,N0019,1003,26,70,N,0,78000,"923938,49","6736696,79",0,27,70,N,0,79003,"924831,2","6736275,76",0,I,0,ACCROCHE,70PR26U,70PR27U,SC,SC,SC,SC,25879,26882,1003,70,DIRE
27700,02/01/2026,N0019,978,27,70,N,0,79003,"924831,2","6736275,76",0,28,70,N,0,79981,"925737,49","6736539,43",0,I,0,ACCROCHE,70PR27U,70PR28U,SC,SC,SC,SC,26882,27860,978,70,DIRE
27692,02/01/2026,N0019,999,28,70,N,0,79981,"925737,49","6736539,43",0,29,70,N,0,80980,"926731,44","6736631,85",0,I,0,ACCROCHE,70PR28U,70PR29U,SC,SC,SC,SC,27860,28859,999,70,DIRE
27699,02/01/2026,N0019,105,29,70,N,0,80980,"926731,44","6736631,85",0,29,70,N,105,81085,"926836,14","6736640,7",0,I,0,ACCROCHE,70PR29U,DF70PR29U,SC,SC,DF,DF,28859,28964,105,70,DIRE
27674,02/01/2026,N0019,906,29,70,N,105,81085,"926836,14","6736640,7",0,30,70,N,0,81991,"927399,66","6737191,21",0,D,0,ACCROCHE,DF70PR29U,70PR30D,DF,DF,SC,SC,0,906,906,70,DIRE
27666,02/01/2026,N0019,1170,30,70,N,0,81991,"927399,66","6737191,21",0,31,70,N,0,83161,"928536,74","6737427,01",0,D,0,ACCROCHE,70PR30D,70PR31D,SC,SC,SC,SC,906,2076,1170,70,DIRE
27669,02/01/2026,N0019,1170,31,70,N,0,83161,"928536,74","6737427,01",0,32,70,N,0,84331,"929701,31","6737373,97",0,D,0,ACCROCHE,70PR31D,70PR32D,SC,SC,SC,SC,2076,3246,1170,70,DIRE
27670,02/01/2026,N0019,1170,32,70,N,0,84331,"929701,31","6737373,97",0,33,70,N,0,85501,"930789,95","6737024,02",0,D,0,ACCROCHE,70PR32D,70PR33D,SC,SC,SC,SC,3246,4416,1170,70,DIRE
27668,02/01/2026,N0019,1170,33,70,N,0,85501,"930789,95","6737024,02",0,34,70,N,0,86671,"931540,41","6736140,87",0,D,0,ACCROCHE,70PR33D,70PR34D,SC,SC,SC,SC,4416,5586,1170,70,DIRE
27671,02/01/2026,N0019,1170,34,70,N,0,86671,"931540,41","6736140,87",0,35,70,N,0,87841,"932144,9","6735143,8",0,D,0,ACCROCHE,70PR34D,70PR35D,SC,SC,SC,SC,5586,6756,1170,70,DIRE
27673,02/01/2026,N0019,1170,35,70,N,0,87841,"932144,9","6735143,8",0,36,70,N,0,89011,"932741,99","6734109,16",0,D,0,ACCROCHE,70PR35D,70PR36D,SC,SC,SC,SC,6756,7926,1170,70,DIRE
27663,02/01/2026,N0019,999,36,70,N,0,89011,"932741,99","6734109,16",0,37,70,N,0,90010,"933269,43","6733295,43",0,D,0,ACCROCHE,70PR36D,70PR37D,SC,SC,SC,SC,7926,8925,999,70,DIRE
27662,02/01/2026,N0019,994,37,70,N,0,90010,"933269,43","6733295,43",0,38,70,N,0,91004,"933976,4","6732591,79",0,D,0,ACCROCHE,70PR37D,70PR38D,SC,SC,SC,SC,8925,9919,994,70,DIRE
27672,02/01/2026,N0019,1001,38,70,N,0,91004,"933976,4","6732591,79",0,39,70,N,0,92005,"934828,25","6732120,28",0,D,0,ACCROCHE,70PR38D,70PR39D,SC,SC,SC,SC,9919,10920,1001,70,DIRE
27664,02/01/2026,N0019,1130,39,70,N,0,92005,"934828,25","6732120,28",0,40,70,N,0,93135,"935781,58","6731867,99",0,D,0,ACCROCHE,70PR39D,70PR40D,SC,SC,SC,SC,10920,12050,1130,70,DIRE
27667,02/01/2026,N0019,1000,40,70,N,0,93135,"935781,58","6731867,99",0,41,70,N,0,94135,"936577,61","6731127,58",0,D,0,ACCROCHE,70PR40D,70PR41D,SC,SC,SC,SC,12050,13050,1000,70,DIRE
27665,02/01/2026,N0019,655,41,70,N,0,94135,"936577,61","6731127,58",0,41,70,N,655,94790,"937071,56","6730711,88",0,D,0,ACCROCHE,70PR41D,FF70PR41D,SC,SC,FF,FF,13050,13705,655,70,DIRE
27652,02/01/2026,N0019,856,29,70,N,105,81061,"926836,14","6736640,7",0,30,70,N,0,81917,"927398,26","6737197,37",0,G,0,ACCROCHE,DF70PR29U,70PR30G,DF,DF,SC,SC,0,856,856,70,DIRE
27650,02/01/2026,N0019,1175,30,70,N,0,81917,"927398,26","6737197,37",0,31,70,N,0,83092,"928537,36","6737436,99",0,G,0,ACCROCHE,70PR30G,70PR31G,SC,SC,SC,SC,856,2031,1175,70,DIRE
27653,02/01/2026,N0019,1169,31,70,N,0,83092,"928537,36","6737436,99",0,32,70,N,0,84261,"929701,42","6737384,03",0,G,0,ACCROCHE,70PR31G,70PR32G,SC,SC,SC,SC,2031,3200,1169,70,DIRE
27658,02/01/2026,N0019,1182,32,70,N,0,84261,"929701,42","6737384,03",0,33,70,N,0,85443,"930796,49","6737031,7",0,G,0,ACCROCHE,70PR32G,70PR33G,SC,SC,SC,SC,3200,4382,1182,70,DIRE
27649,02/01/2026,N0019,1175,33,70,N,0,85443,"930796,49","6737031,7",0,34,70,N,0,86618,"931548,77","6736146,3",0,G,0,ACCROCHE,70PR33G,70PR34G,SC,SC,SC,SC,4382,5557,1175,70,DIRE
27654,02/01/2026,N0019,1170,34,70,N,0,86618,"931548,77","6736146,3",0,35,70,N,0,87788,"932153,23","6735149,4",0,G,0,ACCROCHE,70PR34G,70PR35G,SC,SC,SC,SC,5557,6727,1170,70,DIRE
27661,02/01/2026,N0019,1176,35,70,N,0,87788,"932153,23","6735149,4",0,36,70,N,0,88964,"932751,88","6734111,73",0,G,0,ACCROCHE,70PR35G,70PR36G,SC,SC,SC,SC,6727,7903,1176,70,DIRE
27656,02/01/2026,N0019,990,36,70,N,0,88964,"932751,88","6734111,73",0,37,70,N,0,89954,"933276,39","6733302,43",0,G,0,ACCROCHE,70PR36G,70PR37G,SC,SC,SC,SC,7903,8893,990,70,DIRE
27657,02/01/2026,N0019,994,37,70,N,0,89954,"933276,39","6733302,43",0,38,70,N,0,90948,"933983,42","6732598,85",0,G,0,ACCROCHE,70PR37G,70PR38G,SC,SC,SC,SC,8893,9887,994,70,DIRE
27659,02/01/2026,N0019,1001,38,70,N,0,90948,"933983,42","6732598,85",0,39,70,N,0,91949,"934829,69","6732130,37",0,G,0,ACCROCHE,70PR38G,70PR39G,SC,SC,SC,SC,9887,10888,1001,70,DIRE
27651,02/01/2026,N0019,1130,39,70,N,0,91949,"934829,69","6732130,37",0,40,70,N,0,93079,"935786,81","6731876,58",0,G,0,ACCROCHE,70PR39G,70PR40G,SC,SC,SC,SC,10888,12018,1130,70,DIRE
27660,02/01/2026,N0019,1001,40,70,N,0,93079,"935786,81","6731876,58",0,41,70,N,0,94080,"936582,55","6731136,47",0,G,0,ACCROCHE,70PR40G,70PR41G,SC,SC,SC,SC,12018,13019,1001,70,DIRE
27655,02/01/2026,N0019,655,41,70,N,0,94080,"936582,55","6731136,47",0,41,70,N,655,94735,"937071,56","6730711,88",0,G,0,ACCROCHE,70PR41G,FF70PR41D,SC,SC,FF,FF,13019,13674,655,70,DIRE
13204,02/01/2026,N0019,19,8,90,N,978,161786,"992731,48","6727380,77",0,9,90,N,0,161805,"992907,92","6727159,79",0,I,0,ACCROCHE,FF90PR8D,90PR9U,FF,FF,SC,SC,0,19,19,90,DIRE
13205,02/01/2026,N0019,1000,9,90,N,0,161805,"992907,92","6727159,79",0,10,90,N,0,162805,"993562,62","6726496,42",0,I,0,ACCROCHE,90PR9U,90PR10U,SC,SC,SC,SC,19,1019,1000,90,DIRE
13208,02/01/2026,N0019,1000,10,90,N,0,162805,"993562,62","6726496,42",0,11,90,N,0,163805,"994531,36","6726275,14",0,I,0,ACCROCHE,90PR10U,90PR11U,SC,SC,SC,SC,1019,2019,1000,90,DIRE
13210,02/01/2026,N0019,998,11,90,N,0,163805,"994531,36","6726275,14",0,12,90,N,0,164803,"995255,71","6725600,64",0,I,0,ACCROCHE,90PR11U,90PR12U,SC,SC,SC,SC,2019,3017,998,90,DIRE
13209,02/01/2026,N0019,999,12,90,N,0,164803,"995255,71","6725600,64",0,13,90,N,0,165802,"995921,39","6724857,19",0,I,0,ACCROCHE,90PR12U,90PR13U,SC,SC,SC,SC,3017,4016,999,90,DIRE
13207,02/01/2026,N0019,998,13,90,N,0,165802,"995921,39","6724857,19",0,14,90,N,0,166800,"996545,82","6724078,08",0,I,0,ACCROCHE,90PR13U,90PR14U,SC,SC,SC,SC,4016,5014,998,90,DIRE
13206,02/01/2026,N0019,562,14,90,N,0,166800,"996545,82","6724078,08",0,14,90,N,562,167362,"996812,78","6723583,56",0,I,0,ACCROCHE,90PR14U,DF90PR14U,SC,SC,DF,DF,5014,5576,562,90,DIRE
12529,02/01/2026,N0019,438,14,90,N,562,167362,"996812,78","6723583,56",0,15,90,N,0,167800,"996971,67","6723193,69",0,D,0,ACCROCHE,DF90PR14U,90PR15D,DF,DF,SC,SC,0,438,438,90,DIRE
12527,02/01/2026,N0019,1000,15,90,N,0,167800,"996971,67","6723193,69",0,16,90,N,0,168800,"997316,17","6722255,95",0,D,0,ACCROCHE,90PR15D,90PR16D,SC,SC,SC,SC,438,1438,1000,90,DIRE
12528,02/01/2026,N0019,1000,16,90,N,0,168800,"997316,17","6722255,95",0,17,90,N,0,169800,"997738,01","6721361,82",0,D,0,ACCROCHE,90PR16D,90PR17D,SC,SC,SC,SC,1438,2438,1000,90,DIRE
13200,02/01/2026,N0019,1000,17,90,N,0,169800,"997738,01","6721361,82",0,18,90,N,0,170800,"998244,14","6720503,07",0,D,0,ACCROCHE,90PR17D,90PR18D,SC,SC,SC,SC,2438,3438,1000,90,DIRE
13201,02/01/2026,N0019,1000,18,90,N,0,170800,"998244,14","6720503,07",0,19,90,N,0,171800,"998700,38","6719616,15",0,D,0,ACCROCHE,90PR18D,90PR19D,SC,SC,SC,SC,3438,4438,1000,90,DIRE
13202,02/01/2026,N0019,1000,19,90,N,0,171800,"998700,38","6719616,15",0,20,90,N,0,172800,"999123,77","6718712,8",0,D,0,ACCROCHE,90PR19D,90PR20D,SC,SC,SC,SC,4438,5438,1000,90,DIRE
13203,02/01/2026,N0019,1200,20,90,N,0,172800,"999123,77","6718712,8",0,20,90,N,1200,174000,"999961,39","6717911,78",0,D,0,ACCROCHE,90PR20D,FRD,SC,SC,FR,FR,5438,6638,1200,90,DIRE
12523,02/01/2026,N0019,438,14,90,N,562,167371,"996812,78","6723583,56",0,15,90,N,0,167809,"996975,25","6723195,2",0,G,0,ACCROCHE,DF90PR14U,90PR15G,DF,DF,SC,SC,0,438,438,90,DIRE
12524,02/01/2026,N0019,1000,15,90,N,0,167809,"996975,25","6723195,2",0,16,90,N,0,168809,"997321,98","6722257,65",0,G,0,ACCROCHE,90PR15G,90PR16G,SC,SC,SC,SC,438,1438,1000,90,DIRE
12525,02/01/2026,N0019,1000,16,90,N,0,168809,"997321,98","6722257,65",0,17,90,N,0,169809,"997742,66","6721365,18",0,G,0,ACCROCHE,90PR16G,90PR17G,SC,SC,SC,SC,1438,2438,1000,90,DIRE
12521,02/01/2026,N0019,1000,17,90,N,0,169809,"997742,66","6721365,18",0,18,90,N,0,170809,"998253,39","6720507,81",0,G,0,ACCROCHE,90PR17G,90PR18G,SC,SC,SC,SC,2438,3438,1000,90,DIRE
12522,02/01/2026,N0019,1000,18,90,N,0,170809,"998253,39","6720507,81",0,19,90,N,0,171809,"998709,06","6719620,38",0,G,0,ACCROCHE,90PR18G,90PR19G,SC,SC,SC,SC,3438,4438,1000,90,DIRE
12526,02/01/2026,N0019,1000,19,90,N,0,171809,"998709,06","6719620,38",0,20,90,N,0,172809,"999129,2","6718716,39",0,G,0,ACCROCHE,90PR19G,90PR20G,SC,SC,SC,SC,4438,5438,1000,90,DIRE
12520,02/01/2026,N0019,1200,20,90,N,0,172809,"999129,2","6718716,39",0,20,90,N,1200,174009,"999997,26","6717905,91",0,G,0,ACCROCHE,90PR20G,FRG,SC,SC,FR,FR,5438,6638,1200,90,DIRE
12419,02/01/2026,N0019,842,67,52,N,262,23164,"875542,56","6753102,02",0,68,52,N,0,24006,876302,6753438,0,I,0,ACCROCHE,FF52PR67D,52PR68U,FF,FF,SC,SC,0,842,842,52,DIRE
12412,02/01/2026,N0019,1011,68,52,N,0,24006,876302,6753438,0,69,52,N,0,25017,"877272,05","6753453,76",0,I,0,ACCROCHE,52PR68U,52PR69U,SC,SC,SC,SC,842,1853,1011,52,DIRE
12476,02/01/2026,N0019,990,69,52,N,0,25017,"877272,05","6753453,76",0,70,52,N,0,26007,"878264,06","6753458,16",0,I,0,ACCROCHE,52PR69U,52PR70U,SC,SC,SC,SC,1853,2843,990,52,DIRE
12417,02/01/2026,N0019,1001,70,52,N,0,26007,"878264,06","6753458,16",0,71,52,N,0,27008,"879112,92","6753273,48",0,I,0,ACCROCHE,52PR70U,52PR71U,SC,SC,SC,SC,2843,3844,1001,52,DIRE
12416,02/01/2026,N0019,1001,71,52,N,0,27008,"879112,92","6753273,48",0,72,52,N,0,28009,"880042,72","6752916,88",0,I,0,ACCROCHE,52PR71U,52PR72U,SC,SC,SC,SC,3844,4845,1001,52,DIRE
12415,02/01/2026,N0019,1010,72,52,N,0,28009,"880042,72","6752916,88",0,73,52,N,0,29019,"880987,74","6752606,57",0,I,0,ACCROCHE,52PR72U,52PR73U,SC,SC,SC,SC,4845,5855,1010,52,DIRE
12400,02/01/2026,N0019,989,73,52,N,0,29019,"880987,74","6752606,57",0,74,52,N,0,30008,"881884,56","6752406,26",0,I,0,ACCROCHE,52PR73U,52PR74U,SC,SC,SC,SC,5855,6844,989,52,DIRE
12397,02/01/2026,N0019,1000,74,52,N,0,30008,"881884,56","6752406,26",0,75,52,N,0,31008,"882853,51","6752329,79",0,I,0,ACCROCHE,52PR74U,52PR75U,SC,SC,SC,SC,6844,7844,1000,52,DIRE
12479,02/01/2026,N0019,1002,75,52,N,0,31008,"882853,51","6752329,79",0,76,52,N,0,32010,"883871,66","6752109,04",0,I,0,ACCROCHE,52PR75U,52PR76U,SC,SC,SC,SC,7844,8846,1002,52,DIRE
12407,02/01/2026,N0019,999,76,52,N,0,32010,"883871,66","6752109,04",0,77,52,N,0,33009,"884602,22","6751525,1",0,I,0,ACCROCHE,52PR76U,52PR77U,SC,SC,SC,SC,8846,9845,999,52,DIRE
12477,02/01/2026,N0019,1010,77,52,N,0,33009,"884602,22","6751525,1",0,78,52,N,0,34019,"885260,3","6750640,68",0,I,0,ACCROCHE,52PR77U,52PR78U,SC,SC,SC,SC,9845,10855,1010,52,DIRE
12410,02/01/2026,N0019,962,78,52,N,0,34019,"885260,3","6750640,68",0,79,52,N,0,34981,"885655,71","6749868,37",0,I,0,ACCROCHE,52PR78U,52PR79U,SC,SC,SC,SC,10855,11817,962,52,DIRE
12473,02/01/2026,N0019,991,79,52,N,0,34981,"885655,71","6749868,37",0,80,52,N,0,35972,"886373,14","6749294,27",0,I,0,ACCROCHE,52PR79U,52PR80U,SC,SC,SC,SC,11817,12808,991,52,DIRE
12401,02/01/2026,N0019,1001,80,52,N,0,35972,"886373,14","6749294,27",0,81,52,N,0,36973,"887347,19","6749058,22",0,I,0,ACCROCHE,52PR80U,52PR81U,SC,SC,SC,SC,12808,13809,1001,52,DIRE
12402,02/01/2026,N0019,1000,81,52,N,0,36973,"887347,19","6749058,22",0,82,52,N,0,37973,"888318,17","6748815,91",0,I,0,ACCROCHE,52PR81U,52PR82U,SC,SC,SC,SC,13809,14809,1000,52,DIRE
12405,02/01/2026,N0019,999,82,52,N,0,37973,"888318,17","6748815,91",0,83,52,N,0,38972,"889289,08","6748583,61",0,I,0,ACCROCHE,52PR82U,52PR83U,SC,SC,SC,SC,14809,15808,999,52,DIRE
12478,02/01/2026,N0019,1001,83,52,N,0,38972,"889289,08","6748583,61",0,84,52,N,0,39973,"890286,24","6748523,01",0,I,0,ACCROCHE,52PR83U,52PR84U,SC,SC,SC,SC,15808,16809,1001,52,DIRE
12408,02/01/2026,N0019,1000,84,52,N,0,39973,"890286,24","6748523,01",0,85,52,N,0,40973,"891229,09","6748317,61",0,I,0,ACCROCHE,52PR84U,52PR85U,SC,SC,SC,SC,16809,17809,1000,52,DIRE
12404,02/01/2026,N0019,999,85,52,N,0,40973,"891229,09","6748317,61",0,86,52,N,0,41972,"891733,61","6747503,66",0,I,0,ACCROCHE,52PR85U,52PR86U,SC,SC,SC,SC,17809,18808,999,52,DIRE
12411,02/01/2026,N0019,1000,86,52,N,0,41972,"891733,61","6747503,66",0,87,52,N,0,42972,"892492,69","6746871,49",0,I,0,ACCROCHE,52PR86U,52PR87U,SC,SC,SC,SC,18808,19808,1000,52,DIRE
12409,02/01/2026,N0019,1000,87,52,N,0,42972,"892492,69","6746871,49",0,88,52,N,0,43972,"893394,5","6746452,34",0,I,0,ACCROCHE,52PR87U,52PR88U,SC,SC,SC,SC,19808,20808,1000,52,DIRE
12413,02/01/2026,N0019,1010,88,52,N,0,43972,"893394,5","6746452,34",0,89,52,N,0,44982,"894181,8","6745878,04",0,I,0,ACCROCHE,52PR88U,52PR89U,SC,SC,SC,SC,20808,21818,1010,52,DIRE
12414,02/01/2026,N0019,990,89,52,N,0,44982,"894181,8","6745878,04",0,90,52,N,0,45972,"895021,02","6745671,46",0,I,0,ACCROCHE,52PR89U,52PR90U,SC,SC,SC,SC,21818,22808,990,52,DIRE
12475,02/01/2026,N0019,1003,90,52,N,0,45972,"895021,02","6745671,46",0,91,52,N,0,46975,"895971,85","6745969,22",0,I,0,ACCROCHE,52PR90U,52PR91U,SC,SC,SC,SC,22808,23811,1003,52,DIRE
12403,02/01/2026,N0019,1001,91,52,N,0,46975,"895971,85","6745969,22",0,92,52,N,0,47976,"896941,44","6746046,97",0,I,0,ACCROCHE,52PR91U,52PR92U,SC,SC,SC,SC,23811,24812,1001,52,DIRE
12398,02/01/2026,N0019,1000,92,52,N,0,47976,"896941,44","6746046,97",0,93,52,N,0,48976,"897793,54","6745541,67",0,I,0,ACCROCHE,52PR92U,52PR93U,SC,SC,SC,SC,24812,25812,1000,52,DIRE
12418,02/01/2026,N0019,992,93,52,N,0,48976,"897793,54","6745541,67",0,94,52,N,0,49968,"898687,67","6745088,1",0,I,0,ACCROCHE,52PR93U,52PR94U,SC,SC,SC,SC,25812,26804,992,52,DIRE
12474,02/01/2026,N0019,1008,94,52,N,0,49968,"898687,67","6745088,1",0,95,52,N,0,50976,"899579,57","6744726,2",0,I,0,ACCROCHE,52PR94U,52PR95U,SC,SC,SC,SC,26804,27812,1008,52,DIRE
12399,02/01/2026,N0019,1006,95,52,N,0,50976,"899579,57","6744726,2",0,96,52,N,0,51982,"900556,33",6744523,0,I,0,ACCROCHE,52PR95U,52PR96U,SC,SC,SC,SC,27812,28818,1006,52,DIRE
12406,02/01/2026,N0019,139,96,52,N,0,51982,"900556,33",6744523,0,0,70,N,0,52121,"900695,4","6744488,14",0,I,0,ACCROCHE,52PR96U,70PR0U,SC,SC,CS,CS,28818,28957,139,52,DIRE
12396,02/01/2026,N0019,18,66,52,N,994,22847,"875307,47","6752975,62",0,67,52,N,0,22865,"875320,47","6752986,54",0,G,0,ACCROCHE,DF52PR66U,52PR67G,DF,DF,SC,SC,0,18,18,52,DIRE
12395,02/01/2026,N0019,275,67,52,N,0,22865,"875320,47","6752986,54",0,67,52,N,275,23140,"875542,56","6753102,02",0,G,0,ACCROCHE,52PR67G,FF52PR67D,SC,SC,FF,FF,18,293,275,52,DIRE
12391,02/01/2026,N0019,85,54,52,N,0,10872,"870915,55","6762064,89",0,55,52,N,0,10957,"870907,92","6761978,06",0,I,0,ACCROCHE,52PR54U,52PR55U,FD,FD,SC,SC,0,85,85,52,DIRE
12387,02/01/2026,N0019,941,55,52,N,0,10957,"870907,92","6761978,06",0,56,52,N,0,11898,"871003,31","6760992,55",0,I,0,ACCROCHE,52PR55U,52PR56U,SC,SC,SC,SC,85,1026,941,52,DIRE
12386,02/01/2026,N0019,990,56,52,N,0,11898,"871003,31","6760992,55",0,57,52,N,0,12888,"871088,98","6760062,16",0,I,0,ACCROCHE,52PR56U,52PR57U,SC,SC,SC,SC,1026,2016,990,52,DIRE
12393,02/01/2026,N0019,1006,57,52,N,0,12888,"871088,98","6760062,16",0,58,52,N,0,13894,"871195,55","6759125,27",0,I,0,ACCROCHE,52PR57U,52PR58U,SC,SC,SC,SC,2016,3022,1006,52,DIRE
12385,02/01/2026,N0019,981,58,52,N,0,13894,"871195,55","6759125,27",0,59,52,N,0,14875,"871946,44","6758520,53",0,I,0,ACCROCHE,52PR58U,52PR59U,SC,SC,SC,SC,3022,4003,981,52,DIRE
12390,02/01/2026,N0019,996,59,52,N,0,14875,"871946,44","6758520,53",0,60,52,N,0,15871,"872570,5","6757766,77",0,I,0,ACCROCHE,52PR59U,52PR60U,SC,SC,SC,SC,4003,4999,996,52,DIRE
12392,02/01/2026,N0019,992,60,52,N,0,15871,"872570,5","6757766,77",0,61,52,N,0,16863,"873061,68","6756882,43",0,I,0,ACCROCHE,52PR60U,52PR61U,SC,SC,SC,SC,4999,5991,992,52,DIRE
12384,02/01/2026,N0019,988,61,52,N,0,16863,"873061,68","6756882,43",0,62,52,N,0,17851,"873448,25","6755977,32",0,I,0,ACCROCHE,52PR61U,52PR62U,SC,SC,SC,SC,5991,6979,988,52,DIRE
12389,02/01/2026,N0019,1002,62,52,N,0,17851,"873448,25","6755977,32",0,63,52,N,0,18853,"873660,75","6755057,74",0,I,0,ACCROCHE,52PR62U,52PR63U,SC,SC,SC,SC,6979,7981,1002,52,DIRE
12388,02/01/2026,N0019,152,63,52,N,0,18853,"873660,75","6755057,74",0,63,52,N,152,19005,"873798,99","6754978,54",0,I,0,ACCROCHE,52PR63U,DF52PR63U,SC,SC,DF,DF,7981,8133,152,52,DIRE
12383,02/01/2026,N0019,126,63,52,N,152,18991,"873798,99","6754978,54",0,63,52,N,278,19117,"873889,73","6754914,47",0,G,0,ACCROCHE,DF52PR63U,FF52PR63U,DF,DF,FF,FF,0,126,126,52,DIRE
12382,02/01/2026,N0019,119,63,52,N,152,19005,"873798,99","6754978,54",0,63,52,N,271,19124,"873889,73","6754914,47",0,D,0,ACCROCHE,DF52PR63U,FF52PR63U,DF,DF,FF,FF,0,119,119,52,DIRE
12367,02/01/2026,N0019,19,66,52,N,994,22883,"875307,47","6752975,62",0,67,52,N,0,22902,"875323,24","6752981,94",0,D,0,ACCROCHE,DF52PR66U,52PR67D,DF,DF,SC,SC,0,19,19,52,DIRE
12368,02/01/2026,N0019,262,67,52,N,0,22902,"875323,24","6752981,94",0,67,52,N,262,23164,"875542,56","6753102,02",0,D,0,ACCROCHE,52PR67D,FF52PR67D,SC,SC,FF,FF,19,281,262,52,DIRE
9856,02/01/2026,N0019,734,63,52,N,271,19124,"873889,73","6754914,47",0,64,52,N,0,19858,"874382,02","6754602,06",0,I,0,ACCROCHE,FF52PR63U,52PR64U,FF,FF,SC,SC,0,734,734,52,DIRE
9857,02/01/2026,N0019,1007,64,52,N,0,19858,"874382,02","6754602,06",0,65,52,N,0,20865,"874145,48","6753780,25",0,I,0,ACCROCHE,52PR64U,52PR65U,SC,SC,SC,SC,734,1741,1007,52,DIRE
9858,02/01/2026,N0019,549,65,52,N,0,20865,"874145,48","6753780,25",0,65,52,N,549,21414,"874307,24","6753432,45",0,I,0,ACCROCHE,52PR65U,DF52PR65U,SC,SC,DF,DF,1741,2290,549,52,DIRE
9855,02/01/2026,N0019,182,65,52,N,549,21414,"874307,24","6753432,45",0,65,52,N,731,21596,"874454,85","6753432,7",0,D,0,ACCROCHE,DF52PR65U,FF52PR65U,DF,DF,FF,FF,0,182,182,52,DIRE
9853,02/01/2026,N0019,153,65,52,N,549,21407,"874307,24","6753432,45",0,65,52,N,702,21560,"874454,85","6753432,7",0,G,0,ACCROCHE,DF52PR65U,FF52PR65U,DF,DF,FF,FF,0,153,153,52,DIRE
9843,02/01/2026,N0019,293,65,52,N,731,21596,"874454,85","6753432,7",0,66,52,N,0,21889,"874585,97","6753383,28",0,I,0,ACCROCHE,FF52PR65U,52PR66U,FF,FF,SC,SC,0,293,293,52,DIRE
9842,02/01/2026,N0019,994,66,52,N,0,21889,"874585,97","6753383,28",0,66,52,N,994,22883,"875307,47","6752975,62",0,I,0,ACCROCHE,52PR66U,DF52PR66U,SC,SC,DF,DF,293,1287,994,52,DIRE
54910,02/01/2026,N0059,378,0,88,N,0,29959,"982699,22","6818260,84",0,1,88,N,0,30337,"982979,48","6818013,29",0,D,0,ACCROCHE,88PR0D,88PR1D,CS,CS,SC,SC,0,378,378,88,DIRE
54897,02/01/2026,N0059,1008,1,88,N,0,30337,"982979,48","6818013,29",0,2,88,N,0,31345,"983869,8","6817567,2",0,D,0,ACCROCHE,88PR1D,88PR2D,SC,SC,SC,SC,378,1386,1008,88,DIRE
54909,02/01/2026,N0059,1001,2,88,N,0,31345,"983869,8","6817567,2",0,3,88,N,0,32346,"984836,19","6817446,09",0,D,0,ACCROCHE,88PR2D,88PR3D,SC,SC,SC,SC,1386,2387,1001,88,DIRE
54907,02/01/2026,N0059,998,3,88,N,0,32346,"984836,19","6817446,09",0,4,88,N,0,33344,"985766,35","6817109,05",0,D,0,ACCROCHE,88PR3D,88PR4D,SC,SC,SC,SC,2387,3385,998,88,DIRE
54896,02/01/2026,N0059,987,4,88,N,0,33344,"985766,35","6817109,05",0,5,88,N,0,34331,"986314,57","6816296,41",0,D,0,ACCROCHE,88PR4D,88PR5D,SC,SC,SC,SC,3385,4372,987,88,DIRE
54906,02/01/2026,N0059,993,5,88,N,0,34331,"986314,57","6816296,41",0,6,88,N,0,35324,"986856,41","6815468,76",0,D,0,ACCROCHE,88PR5D,88PR6D,SC,SC,SC,SC,4372,5365,993,88,DIRE
54898,02/01/2026,N0059,992,6,88,N,0,35324,"986856,41","6815468,76",0,7,88,N,0,36316,"987411,42","6814693,59",0,D,0,ACCROCHE,88PR6D,88PR7D,SC,SC,SC,SC,5365,6357,992,88,DIRE
54911,02/01/2026,N0059,992,7,88,N,0,36316,"987411,42","6814693,59",0,8,88,N,0,37308,"987636,18","6813727,8",0,D,0,ACCROCHE,88PR7D,88PR8D,SC,SC,SC,SC,6357,7349,992,88,DIRE
54894,02/01/2026,N0059,996,8,88,N,0,37308,"987636,18","6813727,8",0,9,88,N,0,38304,"987646,75","6812758,5",0,D,0,ACCROCHE,88PR8D,88PR9D,SC,SC,SC,SC,7349,8345,996,88,DIRE
54895,02/01/2026,N0059,987,9,88,N,0,38304,"987646,75","6812758,5",0,10,88,N,0,39291,"988101,21","6811900,36",0,D,0,ACCROCHE,88PR9D,88PR10D,SC,SC,SC,SC,8345,9332,987,88,DIRE
54918,02/01/2026,N0059,1000,10,88,N,0,39291,"988101,21","6811900,36",0,11,88,N,0,40291,"988475,18","6810976,42",0,D,0,ACCROCHE,88PR10D,88PR11D,SC,SC,SC,SC,9332,10332,1000,88,DIRE
54908,02/01/2026,N0059,689,11,88,N,0,40291,"988475,18","6810976,42",0,12,88,N,0,40980,"988891,52","6810430,72",0,D,0,ACCROCHE,88PR11D,88PR12D,SC,SC,SC,SC,10332,11021,689,88,DIRE
54915,02/01/2026,N0059,972,12,88,N,0,40980,"988891,52","6810430,72",0,13,88,N,0,41952,"989613,17","6809780,98",0,D,0,ACCROCHE,88PR12D,88PR13D,SC,SC,SC,SC,11021,11993,972,88,DIRE
54905,02/01/2026,N0059,995,13,88,N,0,41952,"989613,17","6809780,98",0,14,88,N,0,42947,"990257,55","6809046,35",0,D,0,ACCROCHE,88PR13D,88PR14D,SC,SC,SC,SC,11993,12988,995,88,DIRE
54913,02/01/2026,N0059,1002,14,88,N,0,42947,"990257,55","6809046,35",0,15,88,N,0,43949,"990650,68","6808127,69",0,D,0,ACCROCHE,88PR14D,88PR15D,SC,SC,SC,SC,12988,13990,1002,88,DIRE
54903,02/01/2026,N0059,1008,15,88,N,0,43949,"990650,68","6808127,69",0,16,88,N,0,44957,"991143,74","6807257,22",0,D,0,ACCROCHE,88PR15D,88PR16D,SC,SC,SC,SC,13990,14998,1008,88,DIRE
54901,02/01/2026,N0059,992,16,88,N,0,44957,"991143,74","6807257,22",0,17,88,N,0,45949,"991425,16","6806338,9",0,D,0,ACCROCHE,88PR16D,88PR17D,SC,SC,SC,SC,14998,15990,992,88,DIRE
54899,02/01/2026,N0059,1008,17,88,N,0,45949,"991425,16","6806338,9",0,18,88,N,0,46957,"991757,35","6805422,39",0,D,0,ACCROCHE,88PR17D,88PR18D,SC,SC,SC,SC,15990,16998,1008,88,DIRE
54916,02/01/2026,N0059,1007,18,88,N,0,46957,"991757,35","6805422,39",0,19,88,N,0,47964,"992348,73","6804651,12",0,D,0,ACCROCHE,88PR18D,88PR19D,SC,SC,SC,SC,16998,18005,1007,88,DIRE
54904,02/01/2026,N0059,1001,19,88,N,0,47964,"992348,73","6804651,12",0,20,88,N,0,48965,"992459,22","6803801,42",0,D,0,ACCROCHE,88PR19D,88PR20D,SC,SC,SC,SC,18005,19006,1001,88,DIRE
54902,02/01/2026,N0059,1015,20,88,N,0,48965,"992459,22","6803801,42",0,21,88,N,0,49980,"992912,64","6803194,74",0,D,0,ACCROCHE,88PR20D,88PR21D,SC,SC,SC,SC,19006,20021,1015,88,DIRE
54914,02/01/2026,N0059,1000,21,88,N,0,49980,"992912,64","6803194,74",0,22,88,N,0,50980,"993892,69","6803141,28",0,D,0,ACCROCHE,88PR21D,88PR22D,SC,SC,SC,SC,20021,21021,1000,88,DIRE
54917,02/01/2026,N0059,1005,22,88,N,0,50980,"993892,69","6803141,28",0,23,88,N,0,51985,"994901,32","6803117,83",0,D,0,ACCROCHE,88PR22D,88PR23D,SC,SC,SC,SC,21021,22026,1005,88,DIRE
54912,02/01/2026,N0059,1000,23,88,N,0,51985,"994901,32","6803117,83",0,24,88,N,0,52985,"995867,37","6803146,52",0,D,0,ACCROCHE,88PR23D,88PR24D,SC,SC,SC,SC,22026,23026,1000,88,DIRE
54900,02/01/2026,N0059,855,24,88,N,0,52985,"995867,37","6803146,52",0,24,88,N,855,53840,"996673,01","6803193,39",0,D,0,ACCROCHE,88PR24D,FF88PR24D,SC,SC,FF,FF,23026,23881,855,88,DIRE
54880,02/01/2026,N0059,378,0,88,N,0,29944,"982705,71","6818268,54",0,1,88,N,0,30322,"982985,67","6818021,31",0,G,0,ACCROCHE,88PR0G,88PR1G,CS,CS,SC,SC,0,378,378,88,DIRE
54884,02/01/2026,N0059,995,1,88,N,0,30322,"982985,67","6818021,31",0,2,88,N,0,31317,"983856,69","6817580,01",0,G,0,ACCROCHE,88PR1G,88PR2G,SC,SC,SC,SC,378,1373,995,88,DIRE
54890,02/01/2026,N0059,1004,2,88,N,0,31317,"983856,69","6817580,01",0,3,88,N,0,32321,"984827,59","6817458,87",0,G,0,ACCROCHE,88PR2G,88PR3G,SC,SC,SC,SC,1373,2377,1004,88,DIRE
54870,02/01/2026,N0059,1003,3,88,N,0,32321,"984827,59","6817458,87",0,4,88,N,0,33324,985767,"6817121,52",0,G,0,ACCROCHE,88PR3G,88PR4G,SC,SC,SC,SC,2377,3380,1003,88,DIRE
54887,02/01/2026,N0059,993,4,88,N,0,33324,985767,"6817121,52",0,5,88,N,0,34317,"986321,37","6816305,77",0,G,0,ACCROCHE,88PR4G,88PR5G,SC,SC,SC,SC,3380,4373,993,88,DIRE
54875,02/01/2026,N0059,992,5,88,N,0,34317,"986321,37","6816305,77",0,6,88,N,0,35309,"986863,46","6815477,63",0,G,0,ACCROCHE,88PR5G,88PR6G,SC,SC,SC,SC,4373,5365,992,88,DIRE
54873,02/01/2026,N0059,997,6,88,N,0,35309,"986863,46","6815477,63",0,7,88,N,0,36306,"987422,89","6814696,95",0,G,0,ACCROCHE,88PR6G,88PR7G,SC,SC,SC,SC,5365,6362,997,88,DIRE
54882,02/01/2026,N0059,998,7,88,N,0,36306,"987422,89","6814696,95",0,8,88,N,0,37304,"987649,45","6813737,52",0,G,0,ACCROCHE,88PR7G,88PR8G,SC,SC,SC,SC,6362,7360,998,88,DIRE
54878,02/01/2026,N0059,986,8,88,N,0,37304,"987649,45","6813737,52",0,9,88,N,0,38290,"987651,22","6812776,33",0,G,0,ACCROCHE,88PR8G,88PR9G,SC,SC,SC,SC,7360,8346,986,88,DIRE
54883,02/01/2026,N0059,990,9,88,N,0,38290,"987651,22","6812776,33",0,10,88,N,0,39280,"988113,49","6811896,99",0,G,0,ACCROCHE,88PR9G,88PR10G,SC,SC,SC,SC,8346,9336,990,88,DIRE
54891,02/01/2026,N0059,1000,10,88,N,0,39280,"988113,49","6811896,99",0,11,88,N,0,40280,"988489,53","6810971,02",0,G,0,ACCROCHE,88PR10G,88PR11G,SC,SC,SC,SC,9336,10336,1000,88,DIRE
54871,02/01/2026,N0059,674,11,88,N,0,40280,"988489,53","6810971,02",0,12,88,N,0,40954,"988899,48","6810437,06",0,G,0,ACCROCHE,88PR11G,88PR12G,SC,SC,SC,SC,10336,11010,674,88,DIRE
54881,02/01/2026,N0059,975,12,88,N,0,40954,"988899,48","6810437,06",0,13,88,N,0,41929,"989609,13","6809798,77",0,G,0,ACCROCHE,88PR12G,88PR13G,SC,SC,SC,SC,11010,11985,975,88,DIRE
54892,02/01/2026,N0059,1002,13,88,N,0,41929,"989609,13","6809798,77",0,14,88,N,0,42931,"990262,23","6809064,95",0,G,0,ACCROCHE,88PR13G,88PR14G,SC,SC,SC,SC,11985,12987,1002,88,DIRE
54888,02/01/2026,N0059,999,14,88,N,0,42931,"990262,23","6809064,95",0,15,88,N,0,43930,"990652,19","6808147,48",0,G,0,ACCROCHE,88PR14G,88PR15G,SC,SC,SC,SC,12987,13986,999,88,DIRE
54893,02/01/2026,N0059,1003,15,88,N,0,43930,"990652,19","6808147,48",0,16,88,N,0,44933,"991138,68","6807280,43",0,G,0,ACCROCHE,88PR15G,88PR16G,SC,SC,SC,SC,13986,14989,1003,88,DIRE
54869,02/01/2026,N0059,1003,16,88,N,0,44933,"991138,68","6807280,43",0,17,88,N,0,45936,"991435,33","6806340,93",0,G,0,ACCROCHE,88PR16G,88PR17G,SC,SC,SC,SC,14989,15992,1003,88,DIRE
54879,02/01/2026,N0059,999,17,88,N,0,45936,"991435,33","6806340,93",0,18,88,N,0,46935,"991766,94","6805423,81",0,G,0,ACCROCHE,88PR17G,88PR18G,SC,SC,SC,SC,15992,16991,999,88,DIRE
54889,02/01/2026,N0059,1002,18,88,N,0,46935,"991766,94","6805423,81",0,19,88,N,0,47937,"992362,46","6804658,59",0,G,0,ACCROCHE,88PR18G,88PR19G,SC,SC,SC,SC,16991,17993,1002,88,DIRE
54872,02/01/2026,N0059,1003,19,88,N,0,47937,"992362,46","6804658,59",0,20,88,N,0,48940,"992476,02","6803799,79",0,G,0,ACCROCHE,88PR19G,88PR20G,SC,SC,SC,SC,17993,18996,1003,88,DIRE
54874,02/01/2026,N0059,997,20,88,N,0,48940,"992476,02","6803799,79",0,21,88,N,0,49937,"992917,44","6803202,97",0,G,0,ACCROCHE,88PR20G,88PR21G,SC,SC,SC,SC,18996,19993,997,88,DIRE
54877,02/01/2026,N0059,1000,21,88,N,0,49937,"992917,44","6803202,97",0,22,88,N,0,50937,"993901,56","6803151,07",0,G,0,ACCROCHE,88PR21G,88PR22G,SC,SC,SC,SC,19993,20993,1000,88,DIRE
54886,02/01/2026,N0059,1004,22,88,N,0,50937,"993901,56","6803151,07",0,23,88,N,0,51941,"994896,94","6803126,72",0,G,0,ACCROCHE,88PR22G,88PR23G,SC,SC,SC,SC,20993,21997,1004,88,DIRE
54876,02/01/2026,N0059,1000,23,88,N,0,51941,"994896,94","6803126,72",0,24,88,N,0,52941,"995870,7","6803156,16",0,G,0,ACCROCHE,88PR23G,88PR24G,SC,SC,SC,SC,21997,22997,1000,88,DIRE
54885,02/01/2026,N0059,855,24,88,N,0,52941,"995870,7","6803156,16",0,24,88,N,855,53796,"996673,01","6803193,39",0,G,0,ACCROCHE,88PR24G,FF88PR24D,SC,SC,FF,FF,22997,23852,855,88,DIRE
9974,02/01/2026,N0059,138,24,88,N,855,53840,"996673,01","6803193,39",0,25,88,N,0,53978,"996809,18","6803251,68",0,I,0,ACCROCHE,FF88PR24D,88PR25U,FF,FF,SC,SC,0,138,138,88,DIRE
9975,02/01/2026,N0059,75,25,88,N,0,53978,"996809,18","6803251,68",0,25,88,N,75,54053,996870,"6803263,77",0,I,0,ACCROCHE,88PR25U,DF88PR25U,SC,SC,DF,DF,138,213,75,88,DIRE
9939,02/01/2026,N0059,210,25,88,N,75,54053,996870,"6803263,77",0,25,88,N,285,54263,"997062,69","6803320,37",0,D,0,ACCROCHE,DF88PR25U,FF88PR25U,DF,DF,FF,FF,0,210,210,88,DIRE
9938,02/01/2026,N0059,258,25,88,N,75,54009,996870,"6803263,77",0,25,88,N,333,54267,"997062,69","6803320,37",0,G,0,ACCROCHE,DF88PR25U,FF88PR25U,DF,DF,FF,FF,0,258,258,88,DIRE
9242,02/01/2026,N0059,695,3,54,N,0,0,"960683,01","6835743,06",0,4,54,N,0,695,"961136,91","6835270,47",0,D,0,ACCROCHE,54PR3D,54PR4D,DR,DR,SC,SC,0,695,695,54,DIRE
9253,02/01/2026,N0059,1009,4,54,N,0,695,"961136,91","6835270,47",0,5,54,N,0,1704,"961886,72","6834608,21",0,D,0,ACCROCHE,54PR4D,54PR5D,SC,SC,SC,SC,695,1704,1009,54,DIRE
9247,02/01/2026,N0059,1004,5,54,N,0,1704,"961886,72","6834608,21",0,6,54,N,0,2708,"962448,49","6833823,63",0,D,0,ACCROCHE,54PR5D,54PR6D,SC,SC,SC,SC,1704,2708,1004,54,DIRE
9246,02/01/2026,N0059,1001,6,54,N,0,2708,"962448,49","6833823,63",0,7,54,N,0,3709,"963123,92","6833128,95",0,D,0,ACCROCHE,54PR6D,54PR7D,SC,SC,SC,SC,2708,3709,1001,54,DIRE
9236,02/01/2026,N0059,1000,7,54,N,0,3709,"963123,92","6833128,95",0,8,54,N,0,4709,"963856,39","6832470,33",0,D,0,ACCROCHE,54PR7D,54PR8D,SC,SC,SC,SC,3709,4709,1000,54,DIRE
9237,02/01/2026,N0059,1000,8,54,N,0,4709,"963856,39","6832470,33",0,9,54,N,0,5709,"964506,17","6831728,78",0,D,0,ACCROCHE,54PR8D,54PR9D,SC,SC,SC,SC,4709,5709,1000,54,DIRE
9263,02/01/2026,N0059,1000,9,54,N,0,5709,"964506,17","6831728,78",0,10,54,N,0,6709,"965421,27","6831341,26",0,D,0,ACCROCHE,54PR9D,54PR10D,SC,SC,SC,SC,5709,6709,1000,54,DIRE
9261,02/01/2026,N0059,1000,10,54,N,0,6709,"965421,27","6831341,26",0,11,54,N,0,7709,"966365,8","6831067,64",0,D,0,ACCROCHE,54PR10D,54PR11D,SC,SC,SC,SC,6709,7709,1000,54,DIRE
9257,02/01/2026,N0059,1000,11,54,N,0,7709,"966365,8","6831067,64",0,12,54,N,0,8709,"967322,14","6831352,15",0,D,0,ACCROCHE,54PR11D,54PR12D,SC,SC,SC,SC,7709,8709,1000,54,DIRE
9260,02/01/2026,N0059,1000,12,54,N,0,8709,"967322,14","6831352,15",0,13,54,N,0,9709,"968289,91","6831249,52",0,D,0,ACCROCHE,54PR12D,54PR13D,SC,SC,SC,SC,8709,9709,1000,54,DIRE
9239,02/01/2026,N0059,1000,13,54,N,0,9709,"968289,91","6831249,52",0,14,54,N,0,10709,"969075,6","6830636,31",0,D,0,ACCROCHE,54PR13D,54PR14D,SC,SC,SC,SC,9709,10709,1000,54,DIRE
9254,02/01/2026,N0059,1000,14,54,N,0,10709,"969075,6","6830636,31",0,15,54,N,0,11709,"969902,74","6830080,66",0,D,0,ACCROCHE,54PR14D,54PR15D,SC,SC,SC,SC,10709,11709,1000,54,DIRE
9240,02/01/2026,N0059,1000,15,54,N,0,11709,"969902,74","6830080,66",0,16,54,N,0,12709,"970784,55","6829613,76",0,D,0,ACCROCHE,54PR15D,54PR16D,SC,SC,SC,SC,11709,12709,1000,54,DIRE
9243,02/01/2026,N0059,1000,16,54,N,0,12709,"970784,55","6829613,76",0,17,54,N,0,13709,"971558,57","6828988,78",0,D,0,ACCROCHE,54PR16D,54PR17D,SC,SC,SC,SC,12709,13709,1000,54,DIRE
9241,02/01/2026,N0059,1000,17,54,N,0,13709,"971558,57","6828988,78",0,18,54,N,0,14709,"972503,84","6828662,69",0,D,0,ACCROCHE,54PR17D,54PR18D,SC,SC,SC,SC,13709,14709,1000,54,DIRE
9235,02/01/2026,N0059,1000,18,54,N,0,14709,"972503,84","6828662,69",0,19,54,N,0,15709,"973295,66","6828065,54",0,D,0,ACCROCHE,54PR18D,54PR19D,SC,SC,SC,SC,14709,15709,1000,54,DIRE
9262,02/01/2026,N0059,1000,19,54,N,0,15709,"973295,66","6828065,54",0,20,54,N,0,16709,"973901,36","6827279,43",0,D,0,ACCROCHE,54PR19D,54PR20D,SC,SC,SC,SC,15709,16709,1000,54,DIRE
9258,02/01/2026,N0059,1000,20,54,N,0,16709,"973901,36","6827279,43",0,21,54,N,0,17709,"974418,44","6826426,76",0,D,0,ACCROCHE,54PR20D,54PR21D,SC,SC,SC,SC,16709,17709,1000,54,DIRE
9245,02/01/2026,N0059,1000,21,54,N,0,17709,"974418,44","6826426,76",0,22,54,N,0,18709,"975120,85","6825715,56",0,D,0,ACCROCHE,54PR21D,54PR22D,SC,SC,SC,SC,17709,18709,1000,54,DIRE
9249,02/01/2026,N0059,1680,22,54,N,0,18709,"975120,85","6825715,56",0,23,54,N,0,20389,"976511,22","6824825,19",0,D,0,ACCROCHE,54PR22D,54PR23D,SC,SC,SC,SC,18709,20389,1680,54,DIRE
9256,02/01/2026,N0059,1000,23,54,N,0,20389,"976511,22","6824825,19",0,24,54,N,0,21389,"977153,05","6824092,95",0,D,0,ACCROCHE,54PR23D,54PR24D,SC,SC,SC,SC,20389,21389,1000,54,DIRE
9244,02/01/2026,N0059,1000,24,54,N,0,21389,"977153,05","6824092,95",0,25,54,N,0,22389,"977461,09","6823149,82",0,D,0,ACCROCHE,54PR24D,54PR25D,SC,SC,SC,SC,21389,22389,1000,54,DIRE
9250,02/01/2026,N0059,1000,25,54,N,0,22389,"977461,09","6823149,82",0,26,54,N,0,23389,"978045,02","6822355,3",0,D,0,ACCROCHE,54PR25D,54PR26D,SC,SC,SC,SC,22389,23389,1000,54,DIRE
9255,02/01/2026,N0059,1000,26,54,N,0,23389,"978045,02","6822355,3",0,27,54,N,0,24389,"978901,88","6821912,64",0,D,0,ACCROCHE,54PR26D,54PR27D,SC,SC,SC,SC,23389,24389,1000,54,DIRE
9234,02/01/2026,N0059,1000,27,54,N,0,24389,"978901,88","6821912,64",0,28,54,N,0,25389,"979734,66","6821445,02",0,D,0,ACCROCHE,54PR27D,54PR28D,SC,SC,SC,SC,24389,25389,1000,54,DIRE
9238,02/01/2026,N0059,1000,28,54,N,0,25389,"979734,66","6821445,02",0,29,54,N,0,26389,"980333,5","6820657,15",0,D,0,ACCROCHE,54PR28D,54PR29D,SC,SC,SC,SC,25389,26389,1000,54,DIRE
9252,02/01/2026,N0059,1000,29,54,N,0,26389,"980333,5","6820657,15",0,30,54,N,0,27389,"980737,4","6819756,52",0,D,0,ACCROCHE,54PR29D,54PR30D,SC,SC,SC,SC,26389,27389,1000,54,DIRE
9251,02/01/2026,N0059,1000,30,54,N,0,27389,"980737,4","6819756,52",0,31,54,N,0,28389,"981313,37","6818971,7",0,D,0,ACCROCHE,54PR30D,54PR31D,SC,SC,SC,SC,27389,28389,1000,54,DIRE
9248,02/01/2026,N0059,1000,31,54,N,0,28389,"981313,37","6818971,7",0,32,54,N,0,29389,"982206,99","6818538,29",0,D,0,ACCROCHE,54PR31D,54PR32D,SC,SC,SC,SC,28389,29389,1000,54,DIRE
9259,02/01/2026,N0059,570,32,54,N,0,29389,"982206,99","6818538,29",0,0,88,N,0,29959,"982699,22","6818260,84",0,D,0,ACCROCHE,54PR32D,88PR0D,SC,SC,CS,CS,29389,29959,570,54,DIRE
9184,02/01/2026,N0059,686,3,54,N,0,0,"960690,16","6835749,8",0,4,54,N,0,686,"961144,96","6835278,24",0,G,0,ACCROCHE,54PR3G,54PR4G,DR,DR,SC,SC,0,686,686,54,DIRE
9201,02/01/2026,N0059,1004,4,54,N,0,686,"961144,96","6835278,24",0,5,54,N,0,1690,"961892,9","6834615,28",0,G,0,ACCROCHE,54PR4G,54PR5G,SC,SC,SC,SC,686,1690,1004,54,DIRE
9205,02/01/2026,N0059,1017,5,54,N,0,1690,"961892,9","6834615,28",0,6,54,N,0,2707,"962457,69","6833826,59",0,G,0,ACCROCHE,54PR5G,54PR6G,SC,SC,SC,SC,1690,2707,1017,54,DIRE
9198,02/01/2026,N0059,987,6,54,N,0,2707,"962457,69","6833826,59",0,7,54,N,0,3694,"963129,3","6833136,76",0,G,0,ACCROCHE,54PR6G,54PR7G,SC,SC,SC,SC,2707,3694,987,54,DIRE
9197,02/01/2026,N0059,1000,7,54,N,0,3694,"963129,3","6833136,76",0,8,54,N,0,4694,"963865,01","6832475,42",0,G,0,ACCROCHE,54PR7G,54PR8G,SC,SC,SC,SC,3694,4694,1000,54,DIRE
9207,02/01/2026,N0059,1000,8,54,N,0,4694,"963865,01","6832475,42",0,9,54,N,0,5694,964511,"6831737,52",0,G,0,ACCROCHE,54PR8G,54PR9G,SC,SC,SC,SC,4694,5694,1000,54,DIRE
9189,02/01/2026,N0059,1000,9,54,N,0,5694,964511,"6831737,52",0,10,54,N,0,6694,"965426,82","6831349,58",0,G,0,ACCROCHE,54PR9G,54PR10G,SC,SC,SC,SC,5694,6694,1000,54,DIRE
9193,02/01/2026,N0059,1000,10,54,N,0,6694,"965426,82","6831349,58",0,11,54,N,0,7694,"966364,98","6831077,54",0,G,0,ACCROCHE,54PR10G,54PR11G,SC,SC,SC,SC,6694,7694,1000,54,DIRE
9194,02/01/2026,N0059,1000,11,54,N,0,7694,"966364,98","6831077,54",0,12,54,N,0,8694,"967319,62","6831361,85",0,G,0,ACCROCHE,54PR11G,54PR12G,SC,SC,SC,SC,7694,8694,1000,54,DIRE
9185,02/01/2026,N0059,1000,12,54,N,0,8694,"967319,62","6831361,85",0,13,54,N,0,9694,"968294,37","6831258,47",0,G,0,ACCROCHE,54PR12G,54PR13G,SC,SC,SC,SC,8694,9694,1000,54,DIRE
9180,02/01/2026,N0059,1000,13,54,N,0,9694,"968294,37","6831258,47",0,14,54,N,0,10694,"969082,06","6830643,91",0,G,0,ACCROCHE,54PR13G,54PR14G,SC,SC,SC,SC,9694,10694,1000,54,DIRE
9188,02/01/2026,N0059,1000,14,54,N,0,10694,"969082,06","6830643,91",0,15,54,N,0,11694,"969907,22","6830089,62",0,G,0,ACCROCHE,54PR14G,54PR15G,SC,SC,SC,SC,10694,11694,1000,54,DIRE
9199,02/01/2026,N0059,1000,15,54,N,0,11694,"969907,22","6830089,62",0,16,54,N,0,12694,"970790,35","6829621,91",0,G,0,ACCROCHE,54PR15G,54PR16G,SC,SC,SC,SC,11694,12694,1000,54,DIRE
9206,02/01/2026,N0059,1000,16,54,N,0,12694,"970790,35","6829621,91",0,17,54,N,0,13694,"971562,83","6828997,8",0,G,0,ACCROCHE,54PR16G,54PR17G,SC,SC,SC,SC,12694,13694,1000,54,DIRE
9196,02/01/2026,N0059,1000,17,54,N,0,13694,"971562,83","6828997,8",0,18,54,N,0,14694,"972507,74","6828671,89",0,G,0,ACCROCHE,54PR17G,54PR18G,SC,SC,SC,SC,13694,14694,1000,54,DIRE
9187,02/01/2026,N0059,1000,18,54,N,0,14694,"972507,74","6828671,89",0,19,54,N,0,15694,"973302,35","6828072,95",0,G,0,ACCROCHE,54PR18G,54PR19G,SC,SC,SC,SC,14694,15694,1000,54,DIRE
9203,02/01/2026,N0059,1000,19,54,N,0,15694,"973302,35","6828072,95",0,20,54,N,0,16694,"973910,27","6827283,33",0,G,0,ACCROCHE,54PR19G,54PR20G,SC,SC,SC,SC,15694,16694,1000,54,DIRE
9178,02/01/2026,N0059,1000,20,54,N,0,16694,"973910,27","6827283,33",0,21,54,N,0,17694,"974426,06","6826433,33",0,G,0,ACCROCHE,54PR20G,54PR21G,SC,SC,SC,SC,16694,17694,1000,54,DIRE
9181,02/01/2026,N0059,1000,21,54,N,0,17694,"974426,06","6826433,33",0,22,54,N,0,18694,"975128,22","6825722,4",0,G,0,ACCROCHE,54PR21G,54PR22G,SC,SC,SC,SC,17694,18694,1000,54,DIRE
9202,02/01/2026,N0059,1680,22,54,N,0,18694,"975128,22","6825722,4",0,23,54,N,0,20374,"976516,69","6824833,71",0,G,0,ACCROCHE,54PR22G,54PR23G,SC,SC,SC,SC,18694,20374,1680,54,DIRE
9190,02/01/2026,N0059,1000,23,54,N,0,20374,"976516,69","6824833,71",0,24,54,N,0,21374,"977162,2","6824096,33",0,G,0,ACCROCHE,54PR23G,54PR24G,SC,SC,SC,SC,20374,21374,1000,54,DIRE
9204,02/01/2026,N0059,1000,24,54,N,0,21374,"977162,2","6824096,33",0,25,54,N,0,22374,"977470,55","6823152,98",0,G,0,ACCROCHE,54PR24G,54PR25G,SC,SC,SC,SC,21374,22374,1000,54,DIRE
9186,02/01/2026,N0059,1000,25,54,N,0,22374,"977470,55","6823152,98",0,26,54,N,0,23374,"978052,49","6822361,83",0,G,0,ACCROCHE,54PR25G,54PR26G,SC,SC,SC,SC,22374,23374,1000,54,DIRE
9192,02/01/2026,N0059,1000,26,54,N,0,23374,"978052,49","6822361,83",0,27,54,N,0,24374,"978903,65","6821922,76",0,G,0,ACCROCHE,54PR26G,54PR27G,SC,SC,SC,SC,23374,24374,1000,54,DIRE
9191,02/01/2026,N0059,1000,27,54,N,0,24374,"978903,65","6821922,76",0,28,54,N,0,25374,"979742,55","6821451,69",0,G,0,ACCROCHE,54PR27G,54PR28G,SC,SC,SC,SC,24374,25374,1000,54,DIRE
9179,02/01/2026,N0059,1000,28,54,N,0,25374,"979742,55","6821451,69",0,29,54,N,0,26374,"980342,64","6820662,27",0,G,0,ACCROCHE,54PR28G,54PR29G,SC,SC,SC,SC,25374,26374,1000,54,DIRE
9195,02/01/2026,N0059,1000,29,54,N,0,26374,"980342,64","6820662,27",0,30,54,N,0,27374,"980747,06","6819760,07",0,G,0,ACCROCHE,54PR29G,54PR30G,SC,SC,SC,SC,26374,27374,1000,54,DIRE
9182,02/01/2026,N0059,1000,30,54,N,0,27374,"980747,06","6819760,07",0,31,54,N,0,28374,"981318,82","6818980,51",0,G,0,ACCROCHE,54PR30G,54PR31G,SC,SC,SC,SC,27374,28374,1000,54,DIRE
9200,02/01/2026,N0059,1000,31,54,N,0,28374,"981318,82","6818980,51",0,32,54,N,0,29374,"982210,84","6818547,74",0,G,0,ACCROCHE,54PR31G,54PR32G,SC,SC,SC,SC,28374,29374,1000,54,DIRE
9183,02/01/2026,N0059,570,32,54,N,0,29374,"982210,84","6818547,74",0,0,88,N,0,29944,"982705,71","6818268,54",0,G,0,ACCROCHE,54PR32G,88PR0G,SC,SC,CS,CS,29374,29944,570,54,DIRE
9292,02/01/2026,N0059,721,25,88,N,285,54263,"997062,69","6803320,37",0,26,88,N,0,54984,"997765,64","6803480,15",0,I,0,ACCROCHE,FF88PR25U,88PR26U,FF,FF,SC,SC,0,721,721,88,DIRE
9290,02/01/2026,N0059,988,26,88,N,0,54984,"997765,64","6803480,15",0,27,88,N,0,55972,998719,"6803704,3",0,I,0,ACCROCHE,88PR26U,88PR27U,SC,SC,SC,SC,721,1709,988,88,DIRE
9293,02/01/2026,N0059,1006,27,88,N,0,55972,998719,"6803704,3",0,28,88,N,0,56978,"999683,23","6804011,94",0,I,0,ACCROCHE,88PR27U,88PR28U,SC,SC,SC,SC,1709,2715,1006,88,DIRE
9291,02/01/2026,N0059,32,28,88,N,0,56978,"999683,23","6804011,94",0,28,88,N,32,57010,"999712,02","6804026,64",0,I,0,ACCROCHE,88PR28U,FRU,SC,SC,FR,FR,2715,2747,32,88,DIRE
9635,02/01/2026,A0033,1287,0,54,N,0,0,"929584,27","6848798,07",0,1,54,N,0,1287,"929380,13","6847597,64",0,D,0,ACCROCHE,54PR0D,54PR1D,DR,DR,SC,SC,0,1287,1287,54,GE DIRE
9653,02/01/2026,A0033,1001,1,54,N,0,1287,"929380,13","6847597,64",0,2,54,N,0,2288,"929615,6","6846624,06",0,D,0,ACCROCHE,54PR1D,54PR2D,SC,SC,SC,SC,1287,2288,1001,54,GE DIRE
9634,02/01/2026,A0033,1005,2,54,N,0,2288,"929615,6","6846624,06",0,3,54,N,0,3293,"929856,24","6845645,4",0,D,0,ACCROCHE,54PR2D,54PR3D,SC,SC,SC,SC,2288,3293,1005,54,GE DIRE
9632,02/01/2026,A0033,1005,3,54,N,0,3293,"929856,24","6845645,4",0,4,54,N,0,4298,"930094,35","6844671,34",0,D,0,ACCROCHE,54PR3D,54PR4D,SC,SC,SC,SC,3293,4298,1005,54,GE DIRE
9630,02/01/2026,A0033,1010,4,54,N,0,4298,"930094,35","6844671,34",0,5,54,N,0,5308,"930466,54","6843740,43",0,D,0,ACCROCHE,54PR4D,54PR5D,SC,SC,SC,SC,4298,5308,1010,54,GE DIRE
9637,02/01/2026,A0033,1015,5,54,N,0,5308,"930466,54","6843740,43",0,6,54,N,0,6323,"931235,56","6843091,73",0,D,0,ACCROCHE,54PR5D,54PR6D,SC,SC,SC,SC,5308,6323,1015,54,GE DIRE
9644,02/01/2026,A0033,1014,6,54,N,0,6323,"931235,56","6843091,73",0,7,54,N,0,7337,"932207,3","6842837,05",0,D,0,ACCROCHE,54PR6D,54PR7D,SC,SC,SC,SC,6323,7337,1014,54,GE DIRE
9640,02/01/2026,A0033,1001,7,54,N,0,7337,"932207,3","6842837,05",0,8,54,N,0,8338,"933193,61","6842641,91",0,D,0,ACCROCHE,54PR7D,54PR8D,SC,SC,SC,SC,7337,8338,1001,54,GE DIRE
9647,02/01/2026,A0033,987,8,54,N,0,8338,"933193,61","6842641,91",0,9,54,N,0,9325,"933724,26","6841932,08",0,D,0,ACCROCHE,54PR8D,54PR9D,SC,SC,SC,SC,8338,9325,987,54,GE DIRE
9650,02/01/2026,A0033,973,9,54,N,0,9325,"933724,26","6841932,08",0,10,54,N,0,10298,"934383,81","6841174,68",0,D,0,ACCROCHE,54PR9D,54PR10D,SC,SC,SC,SC,9325,10298,973,54,GE DIRE
9649,02/01/2026,A0033,1027,10,54,N,0,10298,"934383,81","6841174,68",0,11,54,N,0,11325,"935038,27","6840419,18",0,D,0,ACCROCHE,54PR10D,54PR11D,SC,SC,SC,SC,10298,11325,1027,54,GE DIRE
9631,02/01/2026,A0033,997,11,54,N,0,11325,"935038,27","6840419,18",0,12,54,N,0,12322,"935963,24","6840109,92",0,D,0,ACCROCHE,54PR11D,54PR12D,SC,SC,SC,SC,11325,12322,997,54,GE DIRE
9652,02/01/2026,A0033,998,12,54,N,0,12322,"935963,24","6840109,92",0,13,54,N,0,13320,"936950,88","6840156,58",0,D,0,ACCROCHE,54PR12D,54PR13D,SC,SC,SC,SC,12322,13320,998,54,GE DIRE
9642,02/01/2026,A0033,995,13,54,N,0,13320,"936950,88","6840156,58",0,14,54,N,0,14315,"937942,94","6840212,35",0,D,0,ACCROCHE,54PR13D,54PR14D,SC,SC,SC,SC,13320,14315,995,54,GE DIRE
9648,02/01/2026,A0033,999,14,54,N,0,14315,"937942,94","6840212,35",0,15,54,N,0,15314,"938940,62","6840265,17",0,D,0,ACCROCHE,54PR14D,54PR15D,SC,SC,SC,SC,14315,15314,999,54,GE DIRE
9645,02/01/2026,A0033,998,15,54,N,0,15314,"938940,62","6840265,17",0,16,54,N,0,16312,"939941,85","6840317,29",0,D,0,ACCROCHE,54PR15D,54PR16D,SC,SC,SC,SC,15314,16312,998,54,GE DIRE
9633,02/01/2026,A0033,1004,16,54,N,0,16312,"939941,85","6840317,29",0,17,54,N,0,17316,"940935,51","6840366,83",0,D,0,ACCROCHE,54PR16D,54PR17D,SC,SC,SC,SC,16312,17316,1004,54,GE DIRE
9654,02/01/2026,A0033,992,17,54,N,0,17316,"940935,51","6840366,83",0,18,54,N,0,18308,"941901,92","6840196,98",0,D,0,ACCROCHE,54PR17D,54PR18D,SC,SC,SC,SC,17316,18308,992,54,GE DIRE
9639,02/01/2026,A0033,996,18,54,N,0,18308,"941901,92","6840196,98",0,19,54,N,0,19304,"942874,95","6840450,27",0,D,0,ACCROCHE,54PR18D,54PR19D,SC,SC,SC,SC,18308,19304,996,54,GE DIRE
9636,02/01/2026,A0033,999,19,54,N,0,19304,"942874,95","6840450,27",0,20,54,N,0,20303,"943868,04","6840389,46",0,D,0,ACCROCHE,54PR19D,54PR20D,SC,SC,SC,SC,19304,20303,999,54,GE DIRE
9641,02/01/2026,A0033,998,20,54,N,0,20303,"943868,04","6840389,46",0,21,54,N,0,21301,"944855,42","6840292,64",0,D,0,ACCROCHE,54PR20D,54PR21D,SC,SC,SC,SC,20303,21301,998,54,GE DIRE
9646,02/01/2026,A0033,1001,21,54,N,0,21301,"944855,42","6840292,64",0,22,54,N,0,22302,"945493,15","6839558,58",0,D,0,ACCROCHE,54PR21D,54PR22D,SC,SC,SC,SC,21301,22302,1001,54,GE DIRE
9651,02/01/2026,A0033,995,22,54,N,0,22302,"945493,15","6839558,58",0,23,54,N,0,23297,"945855,97","6838649,98",0,D,0,ACCROCHE,54PR22D,54PR23D,SC,SC,SC,SC,22302,23297,995,54,GE DIRE
9638,02/01/2026,A0033,992,23,54,N,0,23297,"945855,97","6838649,98",0,24,54,N,0,24289,"946802,65","6838756,89",0,D,0,ACCROCHE,54PR23D,54PR24D,SC,SC,SC,SC,23297,24289,992,54,GE DIRE
9629,02/01/2026,A0033,998,24,54,N,0,24289,"946802,65","6838756,89",0,25,54,N,0,25287,"947747,17","6839073,97",0,D,0,ACCROCHE,54PR24D,54PR25D,SC,SC,SC,SC,24289,25287,998,54,GE DIRE
9643,02/01/2026,A0033,998,25,54,N,0,25287,"947747,17","6839073,97",0,25,54,N,998,26285,"948731,41","6839173,49",0,D,0,ACCROCHE,54PR25D,FRD,SC,SC,FR,FR,25287,26285,998,54,GE DIRE
9956,02/01/2026,A0033,1375,0,54,N,0,0,"929659,67","6848853,07",0,1,54,N,0,1375,"929391,11","6847600,23",0,G,0,ACCROCHE,54PR0G,54PR1G,DR,DR,SC,SC,0,1375,1375,54,GE DIRE
9947,02/01/2026,A0033,1002,1,54,N,0,1375,"929391,11","6847600,23",0,2,54,N,0,2377,"929624,38","6846626,23",0,G,0,ACCROCHE,54PR1G,54PR2G,SC,SC,SC,SC,1375,2377,1002,54,GE DIRE
9949,02/01/2026,A0033,1004,2,54,N,0,2377,"929624,38","6846626,23",0,3,54,N,0,3381,"929864,99","6845647,58",0,G,0,ACCROCHE,54PR2G,54PR3G,SC,SC,SC,SC,2377,3381,1004,54,GE DIRE
9965,02/01/2026,A0033,1003,3,54,N,0,3381,"929864,99","6845647,58",0,4,54,N,0,4384,"930103,23","6844673,51",0,G,0,ACCROCHE,54PR3G,54PR4G,SC,SC,SC,SC,3381,4384,1003,54,GE DIRE
9966,02/01/2026,A0033,1007,4,54,N,0,4384,"930103,23","6844673,51",0,5,54,N,0,5391,"930473,84","6843745,64",0,G,0,ACCROCHE,54PR4G,54PR5G,SC,SC,SC,SC,4384,5391,1007,54,GE DIRE
9960,02/01/2026,A0033,1010,5,54,N,0,5391,"930473,84","6843745,64",0,6,54,N,0,6401,"931240,37","6843102,86",0,G,0,ACCROCHE,54PR5G,54PR6G,SC,SC,SC,SC,5391,6401,1010,54,GE DIRE
9957,02/01/2026,A0033,1005,6,54,N,0,6401,"931240,37","6843102,86",0,7,54,N,0,7406,"932209,27","6842847,22",0,G,0,ACCROCHE,54PR6G,54PR7G,SC,SC,SC,SC,6401,7406,1005,54,GE DIRE
9959,02/01/2026,A0033,1006,7,54,N,0,7406,"932209,27","6842847,22",0,8,54,N,0,8412,"933195,64","6842652,21",0,G,0,ACCROCHE,54PR7G,54PR8G,SC,SC,SC,SC,7406,8412,1006,54,GE DIRE
9961,02/01/2026,A0033,1000,8,54,N,0,8412,"933195,64","6842652,21",0,9,54,N,0,9412,"933733,48","6841937,7",0,G,0,ACCROCHE,54PR8G,54PR9G,SC,SC,SC,SC,8412,9412,1000,54,GE DIRE
9955,02/01/2026,A0033,1001,9,54,N,0,9412,"933733,48","6841937,7",0,10,54,N,0,10413,"934392,49","6841181,9",0,G,0,ACCROCHE,54PR9G,54PR10G,SC,SC,SC,SC,9412,10413,1001,54,GE DIRE
9954,02/01/2026,A0033,1003,10,54,N,0,10413,"934392,49","6841181,9",0,11,54,N,0,11416,"935045,63","6840426,19",0,G,0,ACCROCHE,54PR10G,54PR11G,SC,SC,SC,SC,10413,11416,1003,54,GE DIRE
9971,02/01/2026,A0033,994,11,54,N,0,11416,"935045,63","6840426,19",0,12,54,N,0,12410,"935962,67","6840120,67",0,G,0,ACCROCHE,54PR11G,54PR12G,SC,SC,SC,SC,11416,12410,994,54,GE DIRE
9952,02/01/2026,A0033,998,12,54,N,0,12410,"935962,67","6840120,67",0,13,54,N,0,13408,"936948,98","6840172,08",0,G,0,ACCROCHE,54PR12G,54PR13G,SC,SC,SC,SC,12410,13408,998,54,GE DIRE
9963,02/01/2026,A0033,997,13,54,N,0,13408,"936948,98","6840172,08",0,14,54,N,0,14405,"937942,38","6840223,45",0,G,0,ACCROCHE,54PR13G,54PR14G,SC,SC,SC,SC,13408,14405,997,54,GE DIRE
9970,02/01/2026,A0033,999,14,54,N,0,14405,"937942,38","6840223,45",0,15,54,N,0,15404,"938940,05","6840275,7",0,G,0,ACCROCHE,54PR14G,54PR15G,SC,SC,SC,SC,14405,15404,999,54,GE DIRE
9958,02/01/2026,A0033,999,15,54,N,0,15404,"938940,05","6840275,7",0,16,54,N,0,16403,"939941,32","6840327,69",0,G,0,ACCROCHE,54PR15G,54PR16G,SC,SC,SC,SC,15404,16403,999,54,GE DIRE
9950,02/01/2026,A0033,1002,16,54,N,0,16403,"939941,32","6840327,69",0,17,54,N,0,17405,"940935,3","6840377,39",0,G,0,ACCROCHE,54PR16G,54PR17G,SC,SC,SC,SC,16403,17405,1002,54,GE DIRE
9972,02/01/2026,A0033,995,17,54,N,0,17405,"940935,3","6840377,39",0,18,54,N,0,18400,"941901,55","6840208,27",0,G,0,ACCROCHE,54PR17G,54PR18G,SC,SC,SC,SC,17405,18400,995,54,GE DIRE
9969,02/01/2026,A0033,997,18,54,N,0,18400,"941901,55","6840208,27",0,19,54,N,0,19397,"942873,55","6840461,07",0,G,0,ACCROCHE,54PR18G,54PR19G,SC,SC,SC,SC,18400,19397,997,54,GE DIRE
9964,02/01/2026,A0033,999,19,54,N,0,19397,"942873,55","6840461,07",0,20,54,N,0,20396,"943868,25","6840401,18",0,G,0,ACCROCHE,54PR19G,54PR20G,SC,SC,SC,SC,19397,20396,999,54,GE DIRE
9948,02/01/2026,A0033,1000,20,54,N,0,20396,"943868,25","6840401,18",0,21,54,N,0,21396,"944859,22","6840304,03",0,G,0,ACCROCHE,54PR20G,54PR21G,SC,SC,SC,SC,20396,21396,1000,54,GE DIRE
9968,02/01/2026,A0033,1006,21,54,N,0,21396,"944859,22","6840304,03",0,22,54,N,0,22402,"945505,54","6839561,33",0,G,0,ACCROCHE,54PR21G,54PR22G,SC,SC,SC,SC,21396,22402,1006,54,GE DIRE
9953,02/01/2026,A0033,994,22,54,N,0,22402,"945505,54","6839561,33",0,23,54,N,0,23396,945863,"6838659,91",0,G,0,ACCROCHE,54PR22G,54PR23G,SC,SC,SC,SC,22402,23396,994,54,GE DIRE
9967,02/01/2026,A0033,990,23,54,N,0,23396,945863,"6838659,91",0,24,54,N,0,24386,"946798,76","6838767,04",0,G,0,ACCROCHE,54PR23G,54PR24G,SC,SC,SC,SC,23396,24386,990,54,GE DIRE
9951,02/01/2026,A0033,998,24,54,N,0,24386,"946798,76","6838767,04",0,25,54,N,0,25384,"947744,71","6839083,85",0,G,0,ACCROCHE,54PR24G,54PR25G,SC,SC,SC,SC,24386,25384,998,54,GE DIRE
9962,02/01/2026,A0033,997,25,54,N,0,25384,"947744,71","6839083,85",0,25,54,N,997,26381,"948732,47","6839183,55",0,G,0,ACCROCHE,54PR25G,FRG,SC,SC,FR,FR,25384,26381,997,54,GE DIRE
9942,02/01/2026,A0313,1000,0,54,N,0,0,"926677,96","6869580,31",0,1,54,N,0,1000,"925857,66","6870075,61",0,D,0,ACCROCHE,54PR0D,54PR1D,DR,DR,SC,SC,0,1000,1000,54,GE DIRE
9943,02/01/2026,A0313,700,1,54,N,0,1000,"925857,66","6870075,61",0,1,54,N,700,1700,"925348,88","6870556,03",0,D,0,ACCROCHE,54PR1D,FRD,SC,SC,FR,FR,1000,1700,700,54,GE DIRE
9622,02/01/2026,A0313,1000,0,54,N,0,0,"926684,56","6869568,14",0,1,54,N,0,1000,"925850,42","6870068,29",0,G,0,ACCROCHE,54PR0G,54PR1G,DR,DR,SC,SC,0,1000,1000,54,GE DIRE
9621,02/01/2026,A0313,700,1,54,N,0,1000,"925850,42","6870068,29",0,1,54,N,700,1700,"925342,81","6870545,7",0,G,0,ACCROCHE,54PR1G,FRG,SC,SC,FR,FR,1000,1700,700,54,GE DIRE
9501,02/01/2026,N0052,992,0,54,N,0,0,"911770,25","6927922,9",0,1,54,N,0,992,"911357,97","6928772,85",0,D,0,ACCROCHE,54PR0D,54PR1D,DR,DR,SC,SC,0,992,992,54,GE DIRE
9508,02/01/2026,N0052,1008,1,54,N,0,992,"911357,97","6928772,85",0,2,54,N,0,2000,"911127,4","6929700,57",0,D,0,ACCROCHE,54PR1D,54PR2D,SC,SC,SC,SC,992,2000,1008,54,GE DIRE
9509,02/01/2026,N0052,996,2,54,N,0,2000,"911127,4","6929700,57",0,3,54,N,0,2996,"910735,7","6930586,16",0,D,0,ACCROCHE,54PR2D,54PR3D,SC,SC,SC,SC,2000,2996,996,54,GE DIRE
9499,02/01/2026,N0052,1076,3,54,N,0,2996,"910735,7","6930586,16",0,4,54,N,0,4072,"909929,75","6931298,18",0,D,0,ACCROCHE,54PR3D,54PR4D,SC,SC,SC,SC,2996,4072,1076,54,GE DIRE
9502,02/01/2026,N0052,871,4,54,N,0,4072,"909929,75","6931298,18",0,5,54,N,0,4943,"909152,27","6931697,23",0,D,0,ACCROCHE,54PR4D,54PR5D,SC,SC,SC,SC,4072,4943,871,54,GE DIRE
9505,02/01/2026,N0052,992,5,54,N,0,4943,"909152,27","6931697,23",0,6,54,N,0,5935,"908274,67","6932158,73",0,D,0,ACCROCHE,54PR5D,54PR6D,SC,SC,SC,SC,4943,5935,992,54,GE DIRE
9506,02/01/2026,N0052,1029,6,54,N,0,5935,"908274,67","6932158,73",0,7,54,N,0,6964,"907369,18","6932648,76",0,D,0,ACCROCHE,54PR6D,54PR7D,SC,SC,SC,SC,5935,6964,1029,54,GE DIRE
9497,02/01/2026,N0052,951,7,54,N,0,6964,"907369,18","6932648,76",0,8,54,N,0,7915,"906564,45","6933155,89",0,D,0,ACCROCHE,54PR7D,54PR8D,SC,SC,SC,SC,6964,7915,951,54,GE DIRE
9511,02/01/2026,N0052,988,8,54,N,0,7915,"906564,45","6933155,89",0,9,54,N,0,8903,"905764,84",6933739,0,D,0,ACCROCHE,54PR8D,54PR9D,SC,SC,SC,SC,7915,8903,988,54,GE DIRE
9507,02/01/2026,N0052,1116,9,54,N,0,8903,"905764,84",6933739,0,10,54,N,0,10019,"904949,94","6934450,08",0,D,0,ACCROCHE,54PR9D,54PR10D,SC,SC,SC,SC,8903,10019,1116,54,GE DIRE
9503,02/01/2026,N0052,1008,10,54,N,0,10019,"904949,94","6934450,08",0,11,54,N,0,11027,"904190,84","6935096,24",0,D,0,ACCROCHE,54PR10D,54PR11D,SC,SC,SC,SC,10019,11027,1008,54,GE DIRE
9500,02/01/2026,N0052,1058,11,54,N,0,11027,"904190,84","6935096,24",0,12,54,N,0,12085,"903761,14","6936052,31",0,D,0,ACCROCHE,54PR11D,54PR12D,SC,SC,SC,SC,11027,12085,1058,54,GE DIRE
9504,02/01/2026,N0052,920,12,54,N,0,12085,"903761,14","6936052,31",0,13,54,N,0,13005,"903224,93","6936783,51",0,D,0,ACCROCHE,54PR12D,54PR13D,SC,SC,SC,SC,12085,13005,920,54,GE DIRE
9510,02/01/2026,N0052,1002,13,54,N,0,13005,"903224,93","6936783,51",0,14,54,N,0,14007,"902336,66",6937239,0,D,0,ACCROCHE,54PR13D,54PR14D,SC,SC,SC,SC,13005,14007,1002,54,GE DIRE
9498,02/01/2026,N0052,193,14,54,N,0,14007,"902336,66",6937239,0,14,54,N,193,14200,"902189,32","6937288,08",0,D,0,ACCROCHE,54PR14D,FF54PR14D,SC,SC,FF,FF,14007,14200,193,54,GE DIRE
9485,02/01/2026,N0052,986,0,54,N,0,0,"911758,33","6927922,32",0,1,54,N,0,986,"911351,03","6928765,32",0,G,0,ACCROCHE,54PR0G,54PR1G,DR,DR,SC,SC,0,986,986,54,GE DIRE
9484,02/01/2026,N0052,1011,1,54,N,0,986,"911351,03","6928765,32",0,2,54,N,0,1997,"911117,23","6929700,26",0,G,0,ACCROCHE,54PR1G,54PR2G,SC,SC,SC,SC,986,1997,1011,54,GE DIRE
9483,02/01/2026,N0052,981,2,54,N,0,1997,"911117,23","6929700,26",0,3,54,N,0,2978,"910727,02","6930577,43",0,G,0,ACCROCHE,54PR2G,54PR3G,SC,SC,SC,SC,1997,2978,981,54,GE DIRE
9489,02/01/2026,N0052,1070,3,54,N,0,2978,"910727,02","6930577,43",0,4,54,N,0,4048,"909924,06","6931289,53",0,G,0,ACCROCHE,54PR3G,54PR4G,SC,SC,SC,SC,2978,4048,1070,54,GE DIRE
9478,02/01/2026,N0052,870,4,54,N,0,4048,"909924,06","6931289,53",0,5,54,N,0,4918,"909146,02","6931685,55",0,G,0,ACCROCHE,54PR4G,54PR5G,SC,SC,SC,SC,4048,4918,870,54,GE DIRE
9477,02/01/2026,N0052,991,5,54,N,0,4918,"909146,02","6931685,55",0,6,54,N,0,5909,"908270,21","6932150,29",0,G,0,ACCROCHE,54PR5G,54PR6G,SC,SC,SC,SC,4918,5909,991,54,GE DIRE
9487,02/01/2026,N0052,1035,6,54,N,0,5909,"908270,21","6932150,29",0,7,54,N,0,6944,"907364,24","6932639,49",0,G,0,ACCROCHE,54PR6G,54PR7G,SC,SC,SC,SC,5909,6944,1035,54,GE DIRE
9476,02/01/2026,N0052,955,7,54,N,0,6944,"907364,24","6932639,49",0,8,54,N,0,7899,"906556,62","6933145,01",0,G,0,ACCROCHE,54PR7G,54PR8G,SC,SC,SC,SC,6944,7899,955,54,GE DIRE
9488,02/01/2026,N0052,990,8,54,N,0,7899,"906556,62","6933145,01",0,9,54,N,0,8889,"905755,89","6933729,4",0,G,0,ACCROCHE,54PR8G,54PR9G,SC,SC,SC,SC,7899,8889,990,54,GE DIRE
9490,02/01/2026,N0052,1111,9,54,N,0,8889,"905755,89","6933729,4",0,10,54,N,0,10000,"904945,27","6934437,83",0,G,0,ACCROCHE,54PR9G,54PR10G,SC,SC,SC,SC,8889,10000,1111,54,GE DIRE
9482,02/01/2026,N0052,1013,10,54,N,0,10000,"904945,27","6934437,83",0,11,54,N,0,11013,"904181,64","6935086,79",0,G,0,ACCROCHE,54PR10G,54PR11G,SC,SC,SC,SC,10000,11013,1013,54,GE DIRE
9480,02/01/2026,N0052,1066,11,54,N,0,11013,"904181,64","6935086,79",0,12,54,N,0,12079,"903749,11","6936047,12",0,G,0,ACCROCHE,54PR11G,54PR12G,SC,SC,SC,SC,11013,12079,1066,54,GE DIRE
9486,02/01/2026,N0052,912,12,54,N,0,12079,"903749,11","6936047,12",0,13,54,N,0,12991,"903216,21","6936773,48",0,G,0,ACCROCHE,54PR12G,54PR13G,SC,SC,SC,SC,12079,12991,912,54,GE DIRE
9481,02/01/2026,N0052,997,13,54,N,0,12991,"903216,21","6936773,48",0,14,54,N,0,13988,"902332,68","6937228,26",0,G,0,ACCROCHE,54PR13G,54PR14G,SC,SC,SC,SC,12991,13988,997,54,GE DIRE
9479,02/01/2026,N0052,193,14,54,N,0,13988,"902332,68","6937228,26",0,14,54,N,193,14181,"902189,32","6937288,08",0,G,0,ACCROCHE,54PR14G,FF54PR14D,SC,SC,FF,FF,13988,14181,193,54,GE DIRE
9466,02/01/2026,N0052,800,14,54,N,193,14200,"902189,32","6937288,08",0,15,54,N,0,15000,"901425,35","6937602,25",0,I,0,ACCROCHE,FF54PR14D,54PR15U,FF,FF,SC,SC,0,800,800,54,GE DIRE
9467,02/01/2026,N0052,997,15,54,N,0,15000,"901425,35","6937602,25",0,16,54,N,0,15997,"900444,08","6937561,88",0,I,0,ACCROCHE,54PR15U,54PR16U,SC,SC,SC,SC,800,1797,997,54,GE DIRE
9468,02/01/2026,N0052,998,16,54,N,0,15997,"900444,08","6937561,88",0,17,54,N,0,16995,"899494,45",6937683,0,I,0,ACCROCHE,54PR16U,54PR17U,SC,SC,SC,SC,1797,2795,998,54,GE DIRE
9465,02/01/2026,N0052,996,17,54,N,0,16995,"899494,45",6937683,0,18,54,N,0,17991,"899131,89","6938563,23",0,I,0,ACCROCHE,54PR17U,54PR18U,SC,SC,SC,SC,2795,3791,996,54,GE DIRE
9464,02/01/2026,N0052,185,18,54,N,0,17991,"899131,89","6938563,23",0,18,54,N,185,18176,"899181,74","6938724,27",0,I,0,ACCROCHE,54PR18U,DF54PR18U,SC,SC,DF,DF,3791,3976,185,54,GE DIRE
9459,02/01/2026,N0052,815,18,54,N,185,18176,"899181,74","6938724,27",0,19,54,N,0,18991,"899427,6","6939509,6",0,D,0,ACCROCHE,DF54PR18U,54PR19D,DF,DF,SC,SC,0,815,815,54,GE DIRE
9458,02/01/2026,N0052,1000,19,54,N,0,18991,"899427,6","6939509,6",0,20,54,N,0,19991,"899656,05","6940476,66",0,D,0,ACCROCHE,54PR19D,54PR20D,SC,SC,SC,SC,815,1815,1000,54,GE DIRE
9460,02/01/2026,N0052,520,20,54,N,0,19991,"899656,05","6940476,66",0,20,54,N,520,20511,"899562,99","6940980,11",0,D,0,ACCROCHE,54PR20D,FF54PR20D,SC,SC,FF,FF,1815,2335,520,54,GE DIRE
9451,02/01/2026,N0052,815,18,54,N,185,18157,"899181,74","6938724,27",0,19,54,N,0,18972,"899417,65","6939511,31",0,G,0,ACCROCHE,DF54PR18U,54PR19G,DF,DF,SC,SC,0,815,815,54,GE DIRE
9450,02/01/2026,N0052,1000,19,54,N,0,18972,"899417,65","6939511,31",0,20,54,N,0,19972,"899646,26","6940477,52",0,G,0,ACCROCHE,54PR19G,54PR20G,SC,SC,SC,SC,815,1815,1000,54,GE DIRE
9452,02/01/2026,N0052,520,20,54,N,0,19972,"899646,26","6940477,52",0,20,54,N,520,20492,"899562,99","6940980,11",0,G,0,ACCROCHE,54PR20G,FF54PR20D,SC,SC,FF,FF,1815,2335,520,54,GE DIRE
9749,02/01/2026,N0052,502,20,54,N,520,20511,"899562,99","6940980,11",0,21,54,N,0,21013,"899679,39","6941460,69",0,I,0,ACCROCHE,FF54PR20D,54PR21U,FF,FF,SC,SC,0,502,502,54,GE DIRE
9747,02/01/2026,N0052,1022,21,54,N,0,21013,"899679,39","6941460,69",0,22,54,N,0,22035,"900460,75","6942056,52",0,I,0,ACCROCHE,54PR21U,54PR22U,SC,SC,SC,SC,502,1524,1022,54,GE DIRE
9750,02/01/2026,N0052,1022,22,54,N,0,22035,"900460,75","6942056,52",0,23,54,N,0,23057,"901259,49","6942631,01",0,I,0,ACCROCHE,54PR22U,54PR23U,SC,SC,SC,SC,1524,2546,1022,54,GE DIRE
9748,02/01/2026,N0052,854,23,54,N,0,23057,"901259,49","6942631,01",0,23,54,N,854,23911,"902066,08","6942536,95",0,I,0,ACCROCHE,54PR23U,DF54PR23U,SC,SC,DF,DF,2546,3400,854,54,GE DIRE
9746,02/01/2026,N0052,166,23,54,N,854,23911,"902066,08","6942536,95",0,24,54,N,0,24077,"902231,2","6942457,8",0,D,0,ACCROCHE,DF54PR23U,54PR24D,DF,DF,SC,SC,0,166,166,54,GE DIRE
9745,02/01/2026,N0052,1112,24,54,N,0,24077,"902231,2","6942457,8",0,24,54,N,1112,25189,"903184,8","6942618,72",0,D,0,ACCROCHE,54PR24D,FRD,SC,SC,FR,FR,166,1278,1112,54,GE DIRE
9743,02/01/2026,N0052,166,23,54,N,854,23892,"902066,08","6942536,95",0,24,54,N,0,24058,"902235,62","6942467,92",0,G,0,ACCROCHE,DF54PR23U,54PR24G,DF,DF,SC,SC,0,166,166,54,GE DIRE
9744,02/01/2026,N0052,1076,24,54,N,0,24058,"902235,62","6942467,92",0,24,54,N,1076,25134,"903145,77","6942624,95",0,G,0,ACCROCHE,54PR24G,FRG,SC,SC,FR,FR,166,1242,1076,54,GE DIRE
9595,02/01/2026,A0330,978,0,54,N,0,0,"934739,67","6844995,55",0,1,54,N,0,978,"934409,83",6844085,0,D,0,ACCROCHE,54PR0D,54PR1D,DR,DR,SC,SC,0,978,978,54,DIRE
9601,02/01/2026,A0330,990,1,54,N,0,978,"934409,83",6844085,0,2,54,N,0,1968,"934297,08","6843108,45",0,D,0,ACCROCHE,54PR1D,54PR2D,SC,SC,SC,SC,978,1968,990,54,DIRE
9600,02/01/2026,A0330,1008,2,54,N,0,1968,"934297,08","6843108,45",0,3,54,N,0,2976,"934359,88","6842103,91",0,D,0,ACCROCHE,54PR2D,54PR3D,SC,SC,SC,SC,1968,2976,1008,54,DIRE
9597,02/01/2026,A0330,998,3,54,N,0,2976,"934359,88","6842103,91",0,4,54,N,0,3974,934536,"6841125,7",0,D,0,ACCROCHE,54PR3D,54PR4D,SC,SC,SC,SC,2976,3974,998,54,DIRE
9598,02/01/2026,A0330,1037,4,54,N,0,3974,934536,"6841125,7",0,5,54,N,0,5011,"934375,2","6840114,51",0,D,0,ACCROCHE,54PR4D,54PR5D,SC,SC,SC,SC,3974,5011,1037,54,DIRE
9596,02/01/2026,A0330,997,5,54,N,0,5011,"934375,2","6840114,51",0,6,54,N,0,6008,"934079,71","6839166,36",0,D,0,ACCROCHE,54PR5D,54PR6D,SC,SC,SC,SC,5011,6008,997,54,DIRE
9603,02/01/2026,A0330,993,6,54,N,0,6008,"934079,71","6839166,36",0,7,54,N,0,7001,"933843,37","6838196,08",0,D,0,ACCROCHE,54PR6D,54PR7D,SC,SC,SC,SC,6008,7001,993,54,DIRE
9604,02/01/2026,A0330,1001,7,54,N,0,7001,"933843,37","6838196,08",0,8,54,N,0,8002,933843,"6837210,1",0,D,0,ACCROCHE,54PR7D,54PR8D,SC,SC,SC,SC,7001,8002,1001,54,DIRE
9602,02/01/2026,A0330,997,8,54,N,0,8002,933843,"6837210,1",0,9,54,N,0,8999,"934269,51","6836325,73",0,D,0,ACCROCHE,54PR8D,54PR9D,SC,SC,SC,SC,8002,8999,997,54,DIRE
9599,02/01/2026,A0330,1000,9,54,N,0,8999,"934269,51","6836325,73",0,9,54,N,1000,9999,"934109,12","6835339,27",0,D,0,ACCROCHE,54PR9D,FRD,SC,SC,FR,FR,8999,9999,1000,54,DIRE
9588,02/01/2026,A0330,978,0,54,N,0,0,"934749,78","6844991,85",0,1,54,N,0,978,"934421,18","6844080,59",0,G,0,ACCROCHE,54PR0G,54PR1G,DR,DR,SC,SC,0,978,978,54,DIRE
9587,02/01/2026,A0330,985,1,54,N,0,978,"934421,18","6844080,59",0,2,54,N,0,1963,"934316,04","6843108,38",0,G,0,ACCROCHE,54PR1G,54PR2G,SC,SC,SC,SC,978,1963,985,54,DIRE
9593,02/01/2026,A0330,1002,2,54,N,0,1963,"934316,04","6843108,38",0,3,54,N,0,2965,"934378,71","6842106,34",0,G,0,ACCROCHE,54PR2G,54PR3G,SC,SC,SC,SC,1963,2965,1002,54,DIRE
9589,02/01/2026,A0330,997,3,54,N,0,2965,"934378,71","6842106,34",0,4,54,N,0,3962,"934547,85","6841128,18",0,G,0,ACCROCHE,54PR3G,54PR4G,SC,SC,SC,SC,2965,3962,997,54,DIRE
9586,02/01/2026,A0330,1045,4,54,N,0,3962,"934547,85","6841128,18",0,5,54,N,0,5007,"934386,79","6840110,86",0,G,0,ACCROCHE,54PR4G,54PR5G,SC,SC,SC,SC,3962,5007,1045,54,DIRE
9590,02/01/2026,A0330,998,5,54,N,0,5007,"934386,79","6840110,86",0,6,54,N,0,6005,"934091,24","6839162,75",0,G,0,ACCROCHE,54PR5G,54PR6G,SC,SC,SC,SC,5007,6005,998,54,DIRE
9592,02/01/2026,A0330,992,6,54,N,0,6005,"934091,24","6839162,75",0,7,54,N,0,6997,"933854,99","6838194,47",0,G,0,ACCROCHE,54PR6G,54PR7G,SC,SC,SC,SC,6005,6997,992,54,DIRE
9585,02/01/2026,A0330,993,7,54,N,0,6997,"933854,99","6838194,47",0,8,54,N,0,7990,"933854,42","6837213,37",0,G,0,ACCROCHE,54PR7G,54PR8G,SC,SC,SC,SC,6997,7990,993,54,DIRE
9591,02/01/2026,A0330,998,8,54,N,0,7990,"933854,42","6837213,37",0,9,54,N,0,8988,"934281,32","6836327,21",0,G,0,ACCROCHE,54PR8G,54PR9G,SC,SC,SC,SC,7990,8988,998,54,DIRE
9594,02/01/2026,A0330,1000,9,54,N,0,8988,"934281,32","6836327,21",0,9,54,N,1000,9988,"934119,8","6835339,43",0,G,0,ACCROCHE,54PR9G,FRG,SC,SC,FR,FR,8988,9988,1000,54,DIRE
33960,02/01/2026,N0135,221,14,55,N,522,14967,"870658,22","6845470,41",0,15,55,N,0,15188,"870466,14","6845361,99",0,I,0,ACCROCHE,FD55PR14U,55PR15U,FD,FD,SC,SC,0,221,221,55,DIRE
33961,02/01/2026,N0135,1249,15,55,N,0,15188,"870466,14","6845361,99",0,15,55,N,1249,16437,"869585,67","6844567,23",0,I,0,ACCROCHE,55PR15U,FRU,SC,SC,FR,FR,221,1470,1249,55,DIRE
19941,02/01/2026,N0135,107,11,55,N,209,11624,"868315,67","6848177,12",0,11,55,N,316,11731,"868363,07","6848086,25",0,D,0,ACCROCHE,DF55PR11U,FF55PR11U,DF,DF,FF,FF,0,107,107,55,DIRE
19940,02/01/2026,N0135,185,11,55,N,209,11638,"868315,67","6848177,12",0,11,55,N,394,11823,"868363,07","6848086,25",0,G,0,ACCROCHE,DF55PR11U,FF55PR11U,DF,DF,FF,FF,0,185,185,55,DIRE
19021,02/01/2026,N0135,717,11,55,N,316,11731,"868363,07","6848086,25",0,12,55,N,0,12448,"868855,08","6847576,46",0,I,0,ACCROCHE,FF55PR11U,55PR12U,FF,FF,SC,SC,0,717,717,55,DIRE
19020,02/01/2026,N0135,1002,12,55,N,0,12448,"868855,08","6847576,46",0,13,55,N,0,13450,"869582,82","6846890,91",0,I,0,ACCROCHE,55PR12U,55PR13U,SC,SC,SC,SC,717,1719,1002,55,DIRE
19022,02/01/2026,N0135,995,13,55,N,0,13450,"869582,82","6846890,91",0,14,55,N,0,14445,"870327,77","6846228,66",0,I,0,ACCROCHE,55PR13U,55PR14U,SC,SC,SC,SC,1719,2714,995,55,DIRE
19019,02/01/2026,N0135,195,14,55,N,0,14445,"870327,77","6846228,66",0,14,55,N,195,14640,"870476,54","6846096,85",0,I,0,ACCROCHE,55PR14U,DF55PR14U,SC,SC,DF,DF,2714,2909,195,55,DIRE
19547,02/01/2026,N0135,60,14,55,N,195,14640,"870476,54","6846096,85",0,14,55,N,255,14700,"870520,68","6846064,44",0,D,0,ACCROCHE,DF55PR14U,FF55PR14U,DF,DF,FF,FF,0,60,60,55,DIRE
19546,02/01/2026,N0135,267,14,55,N,255,14700,"870520,68","6846064,44",0,14,55,N,522,14967,"870712,92","6845883,41",0,I,0,ACCROCHE,FF55PR14U,DD55PR14U,FF,FF,DD,DD,0,267,267,55,DIRE
19428,02/01/2026,N0135,140,1,55,N,320,1297,"860485,44","6853787,8",0,1,55,N,460,1437,"860572,44","6853689,39",0,D,0,ACCROCHE,DF55PR1U,FF55PR1U,DF,DF,FF,FF,0,140,140,55,DIRE
19425,02/01/2026,N0135,540,1,55,N,460,1437,"860572,44","6853689,39",0,2,55,N,0,1977,"860866,13","6853234,86",0,I,0,ACCROCHE,FF55PR1U,55PR2U,FF,FF,SC,SC,0,540,540,55,DIRE
19427,02/01/2026,N0135,1000,2,55,N,0,1977,"860866,13","6853234,86",0,3,55,N,0,2977,"861599,05","6852616,22",0,I,0,ACCROCHE,55PR2U,55PR3U,SC,SC,SC,SC,540,1540,1000,55,DIRE
19426,02/01/2026,N0135,364,3,55,N,0,2977,"861599,05","6852616,22",0,3,55,N,364,3341,"861953,57","6852528,46",0,I,0,ACCROCHE,55PR3U,DF55PR3U,SC,SC,DF,DF,1540,1904,364,55,DIRE
19424,02/01/2026,N0135,161,3,55,N,364,3341,"861953,57","6852528,46",0,3,55,N,525,3502,"862096,89","6852489,14",0,D,0,ACCROCHE,DF55PR3U,FF55PR3U,DF,DF,FF,FF,0,161,161,55,DIRE
19423,02/01/2026,N0135,475,3,55,N,525,3502,"862096,89","6852489,14",0,4,55,N,0,3977,"862532,11","6852347,04",0,I,0,ACCROCHE,FF55PR3U,55PR4U,FF,FF,SC,SC,0,475,475,55,DIRE
19421,02/01/2026,N0135,1000,4,55,N,0,3977,"862532,11","6852347,04",0,5,55,N,0,4977,"863285,23","6851693,62",0,I,0,ACCROCHE,55PR4U,55PR5U,SC,SC,SC,SC,475,1475,1000,55,DIRE
19422,02/01/2026,N0135,935,5,55,N,0,4977,"863285,23","6851693,62",0,5,55,N,935,5912,"863286,26","6850778,92",0,I,0,ACCROCHE,55PR5U,DD55PR5U,SC,SC,DD,DD,1475,2410,935,55,DIRE
19420,02/01/2026,N0135,166,3,55,N,364,3354,"861953,57","6852528,46",0,3,55,N,530,3520,"862096,89","6852489,14",0,G,0,ACCROCHE,DF55PR3U,FF55PR3U,DF,DF,FF,FF,0,166,166,55,DIRE
19412,02/01/2026,N0135,977,0,55,N,0,0,"859600,33","6854712,81",0,1,55,N,0,977,"860285,26","6854038,5",0,I,0,ACCROCHE,55PR0U,55PR1U,DR,DR,SC,SC,0,977,977,55,DIRE
19413,02/01/2026,N0135,320,1,55,N,0,977,"860285,26","6854038,5",0,1,55,N,320,1297,"860485,44","6853787,8",0,I,0,ACCROCHE,55PR1U,DF55PR1U,SC,SC,DF,DF,977,1297,320,55,DIRE
18962,02/01/2026,N0135,482,5,55,N,935,5912,"863303,61","6850733,67",0,6,55,N,0,6394,"863694,08","6850428,17",0,I,0,ACCROCHE,FD55PR5U,55PR6U,FD,FD,SC,SC,0,482,482,55,DIRE
18961,02/01/2026,N0135,586,6,55,N,0,6394,"863694,08","6850428,17",0,6,55,N,586,6980,"864201,43","6850142,77",0,I,0,ACCROCHE,55PR6U,DF55PR6U,SC,SC,DF,DF,482,1068,586,55,DIRE
18960,02/01/2026,N0135,434,6,55,N,586,6980,"864201,43","6850142,77",0,7,55,N,0,7414,"864576,45","6849942,28",0,D,0,ACCROCHE,DF55PR6U,55PR7D,DF,DF,SC,SC,0,434,434,55,DIRE
18959,02/01/2026,N0135,1007,7,55,N,0,7414,"864576,45","6849942,28",0,8,55,N,0,8421,"865477,78","6849493,44",0,D,0,ACCROCHE,55PR7D,55PR8U,SC,SC,FF,FF,434,1441,1007,55,DIRE
18958,02/01/2026,N0135,153,1,55,N,320,1297,"860485,44","6853787,8",0,1,55,N,473,1450,"860572,44","6853689,39",0,G,0,ACCROCHE,DF55PR1U,FF55PR1U,DF,DF,FF,FF,0,153,153,55,DIRE
19188,02/01/2026,N0135,431,6,55,N,586,6998,"864201,43","6850142,77",0,7,55,N,0,7429,"864580,92","6849950,91",0,G,0,ACCROCHE,DF55PR6U,55PR7G,DF,DF,SC,SC,0,431,431,55,DIRE
19189,02/01/2026,N0135,1006,7,55,N,0,7429,"864580,92","6849950,91",0,8,55,N,0,8435,"865477,78","6849493,44",0,G,0,ACCROCHE,55PR7G,55PR8U,SC,SC,FF,FF,431,1437,1006,55,DIRE
19175,02/01/2026,N0135,980,8,55,N,0,8421,"865477,78","6849493,44",0,9,55,N,0,9401,"866423,92","6849229,02",0,I,0,ACCROCHE,55PR8U,55PR9U,FF,FF,SC,SC,0,980,980,55,DIRE
19176,02/01/2026,N0135,1010,9,55,N,0,9401,"866423,92","6849229,02",0,10,55,N,0,10411,"867397,48","6848949,47",0,I,0,ACCROCHE,55PR9U,55PR10U,SC,SC,SC,SC,980,1990,1010,55,DIRE
19174,02/01/2026,N0135,1004,10,55,N,0,10411,"867397,48","6848949,47",0,11,55,N,0,11415,"868130,28","6848273,11",0,I,0,ACCROCHE,55PR10U,55PR11U,SC,SC,SC,SC,1990,2994,1004,55,DIRE
19177,02/01/2026,N0135,209,11,55,N,0,11415,"868130,28","6848273,11",0,11,55,N,209,11624,"868315,67","6848177,12",0,I,0,ACCROCHE,55PR11U,DF55PR11U,SC,SC,DF,DF,2994,3203,209,55,DIRE
19160,02/01/2026,N0135,94,14,55,N,195,14732,"870476,54","6846096,85",0,14,55,N,289,14826,"870520,68","6846064,44",0,G,0,ACCROCHE,DF55PR14U,FF55PR14U,DF,DF,FF,FF,0,94,94,55,DIRE
7374,02/01/2026,N0431,866,0,57,N,0,0,"936056,83","6895877,59",0,1,57,N,0,866,"936153,31","6895015,32",0,D,0,ACCROCHE,57PR0D,57PR1D,DR,DR,SC,SC,0,866,866,57,GE DIRE
7382,02/01/2026,N0431,988,1,57,N,0,866,"936153,31","6895015,32",0,2,57,N,0,1854,"936250,74","6894030,47",0,D,0,ACCROCHE,57PR1D,57PR2D,SC,SC,SC,SC,866,1854,988,57,GE DIRE
7378,02/01/2026,N0431,1000,2,57,N,0,1854,"936250,74","6894030,47",0,3,57,N,0,2854,"935990,63","6893081,38",0,D,0,ACCROCHE,57PR2D,57PR3D,SC,SC,SC,SC,1854,2854,1000,57,GE DIRE
7375,02/01/2026,N0431,1000,3,57,N,0,2854,"935990,63","6893081,38",0,4,57,N,0,3854,"935286,16","6892414,99",0,D,0,ACCROCHE,57PR3D,57PR4D,SC,SC,SC,SC,2854,3854,1000,57,GE DIRE
7380,02/01/2026,N0431,1000,4,57,N,0,3854,"935286,16","6892414,99",0,5,57,N,0,4854,"934468,6","6891853,69",0,D,0,ACCROCHE,57PR4D,57PR5D,SC,SC,SC,SC,3854,4854,1000,57,GE DIRE
7376,02/01/2026,N0431,1000,5,57,N,0,4854,"934468,6","6891853,69",0,6,57,N,0,5854,"934196,44","6890906,7",0,D,0,ACCROCHE,57PR5D,57PR6D,SC,SC,SC,SC,4854,5854,1000,57,GE DIRE
7387,02/01/2026,N0431,1000,6,57,N,0,5854,"934196,44","6890906,7",0,7,57,N,0,6854,"934001,28","6889961,9",0,D,0,ACCROCHE,57PR6D,57PR7D,SC,SC,SC,SC,5854,6854,1000,57,GE DIRE
7385,02/01/2026,N0431,1000,7,57,N,0,6854,"934001,28","6889961,9",0,8,57,N,0,7854,"933218,21","6889343,48",0,D,0,ACCROCHE,57PR7D,57PR8D,SC,SC,SC,SC,6854,7854,1000,57,GE DIRE
7381,02/01/2026,N0431,1000,8,57,N,0,7854,"933218,21","6889343,48",0,9,57,N,0,8854,"932415,51","6888743,42",0,D,0,ACCROCHE,57PR8D,57PR9D,SC,SC,SC,SC,7854,8854,1000,57,GE DIRE
7388,02/01/2026,N0431,1000,9,57,N,0,8854,"932415,51","6888743,42",0,10,57,N,0,9854,"931576,86","6888207,31",0,D,0,ACCROCHE,57PR9D,57PR10D,SC,SC,SC,SC,8854,9854,1000,57,GE DIRE
7377,02/01/2026,N0431,1000,10,57,N,0,9854,"931576,86","6888207,31",0,11,57,N,0,10854,"930596,98","6888115,13",0,D,0,ACCROCHE,57PR10D,57PR11D,SC,SC,SC,SC,9854,10854,1000,57,GE DIRE
7384,02/01/2026,N0431,1000,11,57,N,0,10854,"930596,98","6888115,13",0,12,57,N,0,11854,"929669,27","6887824,15",0,D,0,ACCROCHE,57PR11D,57PR12D,SC,SC,SC,SC,10854,11854,1000,57,GE DIRE
7379,02/01/2026,N0431,1000,12,57,N,0,11854,"929669,27","6887824,15",0,13,57,N,0,12854,"929200,58","6886940,12",0,D,0,ACCROCHE,57PR12D,57PR13D,SC,SC,SC,SC,11854,12854,1000,57,GE DIRE
7383,02/01/2026,N0431,1000,13,57,N,0,12854,"929200,58","6886940,12",0,14,57,N,0,13854,"928329,43","6886508,67",0,D,0,ACCROCHE,57PR13D,57PR14D,SC,SC,SC,SC,12854,13854,1000,57,GE DIRE
7386,02/01/2026,N0431,700,14,57,N,0,13854,"928329,43","6886508,67",0,14,57,N,700,14554,"927660,94","6886374,35",0,D,0,ACCROCHE,57PR14D,FRD,SC,SC,FR,FR,13854,14554,700,57,GE DIRE
7362,02/01/2026,N0431,866,0,57,N,0,0,"936067,5","6895878,6",0,1,57,N,0,866,"936163,26","6895016,47",0,G,0,ACCROCHE,57PR0G,57PR1G,DR,DR,SC,SC,0,866,866,57,GE DIRE
7355,02/01/2026,N0431,988,1,57,N,0,866,"936163,26","6895016,47",0,2,57,N,0,1854,"936260,61","6894030,28",0,G,0,ACCROCHE,57PR1G,57PR2G,SC,SC,SC,SC,866,1854,988,57,GE DIRE
7371,02/01/2026,N0431,1000,2,57,N,0,1854,"936260,61","6894030,28",0,3,57,N,0,2854,"936000,26","6893077,34",0,G,0,ACCROCHE,57PR2G,57PR3G,SC,SC,SC,SC,1854,2854,1000,57,GE DIRE
7367,02/01/2026,N0431,1000,3,57,N,0,2854,"936000,26","6893077,34",0,4,57,N,0,3854,"935290,67","6892406,37",0,G,0,ACCROCHE,57PR3G,57PR4G,SC,SC,SC,SC,2854,3854,1000,57,GE DIRE
7373,02/01/2026,N0431,1000,4,57,N,0,3854,"935290,67","6892406,37",0,5,57,N,0,4854,"934476,5","6891847,5",0,G,0,ACCROCHE,57PR4G,57PR5G,SC,SC,SC,SC,3854,4854,1000,57,GE DIRE
7354,02/01/2026,N0431,1000,5,57,N,0,4854,"934476,5","6891847,5",0,6,57,N,0,5854,"934206,45","6890906,86",0,G,0,ACCROCHE,57PR5G,57PR6G,SC,SC,SC,SC,4854,5854,1000,57,GE DIRE
7368,02/01/2026,N0431,1000,6,57,N,0,5854,"934206,45","6890906,86",0,7,57,N,0,6854,"934008,82","6889955,63",0,G,0,ACCROCHE,57PR6G,57PR7G,SC,SC,SC,SC,5854,6854,1000,57,GE DIRE
7369,02/01/2026,N0431,1000,7,57,N,0,6854,"934008,82","6889955,63",0,8,57,N,0,7854,"933224,29","6889335,36",0,G,0,ACCROCHE,57PR7G,57PR8G,SC,SC,SC,SC,6854,7854,1000,57,GE DIRE
7363,02/01/2026,N0431,1000,8,57,N,0,7854,"933224,29","6889335,36",0,9,57,N,0,8854,"932421,54","6888735,35",0,G,0,ACCROCHE,57PR8G,57PR9G,SC,SC,SC,SC,7854,8854,1000,57,GE DIRE
7361,02/01/2026,N0431,1000,9,57,N,0,8854,"932421,54","6888735,35",0,10,57,N,0,9854,"931581,04","6888198,35",0,G,0,ACCROCHE,57PR9G,57PR10G,SC,SC,SC,SC,8854,9854,1000,57,GE DIRE
7364,02/01/2026,N0431,1000,10,57,N,0,9854,"931581,04","6888198,35",0,11,57,N,0,10854,"930595,78","6888105,18",0,G,0,ACCROCHE,57PR10G,57PR11G,SC,SC,SC,SC,9854,10854,1000,57,GE DIRE
7372,02/01/2026,N0431,1000,11,57,N,0,10854,"930595,78","6888105,18",0,12,57,N,0,11854,"929676,57","6887817,27",0,G,0,ACCROCHE,57PR11G,57PR12G,SC,SC,SC,SC,10854,11854,1000,57,GE DIRE
7365,02/01/2026,N0431,1000,12,57,N,0,11854,"929676,57","6887817,27",0,13,57,N,0,12854,"929209,12","6886934,26",0,G,0,ACCROCHE,57PR12G,57PR13G,SC,SC,SC,SC,11854,12854,1000,57,GE DIRE
7370,02/01/2026,N0431,1000,13,57,N,0,12854,"929209,12","6886934,26",0,14,57,N,0,13854,"928331,52",6886499,0,G,0,ACCROCHE,57PR13G,57PR14G,SC,SC,SC,SC,12854,13854,1000,57,GE DIRE
7366,02/01/2026,N0431,700,14,57,N,0,13854,"928331,52",6886499,0,14,57,N,700,14554,"927668,89","6886349,35",0,G,0,ACCROCHE,57PR14G,FRG,SC,SC,FR,FR,13854,14554,700,57,GE DIRE
33251,02/01/2026,A0030,1070,0,57,N,0,0,"930870,7","6914168,77",0,1,57,N,0,1070,"930414,85","6915045,06",0,D,0,ACCROCHE,57PR0D,57PR1D,DR,DR,SC,SC,0,1070,1070,57,GE DIRE
33250,02/01/2026,A0030,990,1,57,N,0,1070,"930414,85","6915045,06",0,2,57,N,0,2060,"929501,72","6915403,85",0,D,0,ACCROCHE,57PR1D,57PR2D,SC,SC,SC,SC,1070,2060,990,57,GE DIRE
33275,02/01/2026,A0030,991,2,57,N,0,2060,"929501,72","6915403,85",0,3,57,N,0,3051,"928549,69","6915671,14",0,D,0,ACCROCHE,57PR2D,57PR3D,SC,SC,SC,SC,2060,3051,991,57,GE DIRE
33261,02/01/2026,A0030,989,3,57,N,0,3051,"928549,69","6915671,14",0,4,57,N,0,4040,"927672,48","6916141,68",0,D,0,ACCROCHE,57PR3D,57PR4D,SC,SC,SC,SC,3051,4040,989,57,GE DIRE
33272,02/01/2026,A0030,991,4,57,N,0,4040,"927672,48","6916141,68",0,5,57,N,0,5031,"926791,35","6916578,57",0,D,0,ACCROCHE,57PR4D,57PR5D,SC,SC,SC,SC,4040,5031,991,57,GE DIRE
33270,02/01/2026,A0030,1150,5,57,N,0,5031,"926791,35","6916578,57",0,6,57,N,0,6181,"925692,41","6916868,99",0,D,0,ACCROCHE,57PR5D,57PR6D,SC,SC,SC,SC,5031,6181,1150,57,GE DIRE
33264,02/01/2026,A0030,1009,6,57,N,0,6181,"925692,41","6916868,99",0,7,57,N,0,7190,"924804,89","6917276,32",0,D,0,ACCROCHE,57PR6D,57PR7D,SC,SC,SC,SC,6181,7190,1009,57,GE DIRE
33259,02/01/2026,A0030,997,7,57,N,0,7190,"924804,89","6917276,32",0,8,57,N,0,8187,"923822,57","6917470,31",0,D,0,ACCROCHE,57PR7D,57PR8D,SC,SC,SC,SC,7190,8187,997,57,GE DIRE
33273,02/01/2026,A0030,993,8,57,N,0,8187,"923822,57","6917470,31",0,9,57,N,0,9180,"923116,26","6918167,18",0,D,0,ACCROCHE,57PR8D,57PR9D,SC,SC,SC,SC,8187,9180,993,57,GE DIRE
33260,02/01/2026,A0030,1001,9,57,N,0,9180,"923116,26","6918167,18",0,10,57,N,0,10181,"922350,44","6918727,62",0,D,0,ACCROCHE,57PR9D,57PR10D,SC,SC,SC,SC,9180,10181,1001,57,GE DIRE
33257,02/01/2026,A0030,1000,10,57,N,0,10181,"922350,44","6918727,62",0,11,57,N,0,11181,921445,"6918822,46",0,D,0,ACCROCHE,57PR10D,57PR11D,SC,SC,SC,SC,10181,11181,1000,57,GE DIRE
33267,02/01/2026,A0030,1000,11,57,N,0,11181,921445,"6918822,46",0,12,57,N,0,12181,"920584,48","6918410,05",0,D,0,ACCROCHE,57PR11D,57PR12D,SC,SC,SC,SC,11181,12181,1000,57,GE DIRE
33269,02/01/2026,A0030,1000,12,57,N,0,12181,"920584,48","6918410,05",0,13,57,N,0,13181,"919661,67","6918645,91",0,D,0,ACCROCHE,57PR12D,57PR13D,SC,SC,SC,SC,12181,13181,1000,57,GE DIRE
33276,02/01/2026,A0030,1000,13,57,N,0,13181,"919661,67","6918645,91",0,14,57,N,0,14181,"918707,37","6918851,97",0,D,0,ACCROCHE,57PR13D,57PR14D,SC,SC,SC,SC,13181,14181,1000,57,GE DIRE
33274,02/01/2026,A0030,1000,14,57,N,0,14181,"918707,37","6918851,97",0,15,57,N,0,15181,"917943,47","6919434,94",0,D,0,ACCROCHE,57PR14D,57PR15D,SC,SC,SC,SC,14181,15181,1000,57,GE DIRE
33262,02/01/2026,A0030,1000,15,57,N,0,15181,"917943,47","6919434,94",0,16,57,N,0,16181,"917357,96","6920232,27",0,D,0,ACCROCHE,57PR15D,57PR16D,SC,SC,SC,SC,15181,16181,1000,57,GE DIRE
33263,02/01/2026,A0030,1000,16,57,N,0,16181,"917357,96","6920232,27",0,17,57,N,0,17181,"916796,08","6921047,38",0,D,0,ACCROCHE,57PR16D,57PR17D,SC,SC,SC,SC,16181,17181,1000,57,GE DIRE
33268,02/01/2026,A0030,1000,17,57,N,0,17181,"916796,08","6921047,38",0,18,57,N,0,18181,"916625,87","6922010,06",0,D,0,ACCROCHE,57PR17D,57PR18D,SC,SC,SC,SC,17181,18181,1000,57,GE DIRE
33253,02/01/2026,A0030,1000,18,57,N,0,18181,"916625,87","6922010,06",0,19,57,N,0,19181,"916623,02","6923003,37",0,D,0,ACCROCHE,57PR18D,57PR19D,SC,SC,SC,SC,18181,19181,1000,57,GE DIRE
33258,02/01/2026,A0030,1000,19,57,N,0,19181,"916623,02","6923003,37",0,20,57,N,0,20181,"916356,34","6923950,3",0,D,0,ACCROCHE,57PR19D,57PR20D,SC,SC,SC,SC,19181,20181,1000,57,GE DIRE
33254,02/01/2026,A0030,1000,20,57,N,0,20181,"916356,34","6923950,3",0,21,57,N,0,21181,"915730,8","6924712,09",0,D,0,ACCROCHE,57PR20D,57PR21D,SC,SC,SC,SC,20181,21181,1000,57,GE DIRE
33266,02/01/2026,A0030,777,21,57,N,0,21181,"915730,8","6924712,09",0,22,57,N,0,21958,"915105,27","6925176,6",0,D,0,ACCROCHE,57PR21D,57PR22D,SC,SC,SC,SC,21181,21958,777,57,GE DIRE
33271,02/01/2026,A0030,999,22,57,N,0,21958,"915105,27","6925176,6",0,23,57,N,0,22957,"914289,5","6925755,66",0,D,0,ACCROCHE,57PR22D,57PR23D,SC,SC,SC,SC,21958,22957,999,57,GE DIRE
33256,02/01/2026,A0030,996,23,57,N,0,22957,"914289,5","6925755,66",0,24,57,N,0,23953,"913447,62","6926286,71",0,D,0,ACCROCHE,57PR23D,57PR24D,SC,SC,SC,SC,22957,23953,996,57,GE DIRE
33252,02/01/2026,A0030,995,24,57,N,0,23953,"913447,62","6926286,71",0,25,57,N,0,24948,"912642,66",6926861,0,D,0,ACCROCHE,57PR24D,57PR25D,SC,SC,SC,SC,23953,24948,995,57,GE DIRE
33255,02/01/2026,A0030,990,25,57,N,0,24948,"912642,66",6926861,0,26,57,N,0,25938,"911896,38","6927508,59",0,D,0,ACCROCHE,57PR25D,57PR26D,SC,SC,SC,SC,24948,25938,990,57,GE DIRE
33265,02/01/2026,A0030,429,26,57,N,0,25938,"911896,38","6927508,59",0,26,57,N,429,26367,"911770,25","6927922,9",0,D,0,ACCROCHE,57PR26D,FRD,SC,SC,FR,FR,25938,26367,429,57,GE DIRE
33247,02/01/2026,A0030,987,0,57,N,0,0,"930770,76","6914165,44",0,1,57,N,0,987,"930405,52","6915031,02",0,G,0,ACCROCHE,57PR0G,57PR1G,DR,DR,SC,SC,0,987,987,57,GE DIRE
33248,02/01/2026,A0030,986,1,57,N,0,987,"930405,52","6915031,02",0,2,57,N,0,1973,"929498,82","6915391,57",0,G,0,ACCROCHE,57PR1G,57PR2G,SC,SC,SC,SC,987,1973,986,57,GE DIRE
33231,02/01/2026,A0030,993,2,57,N,0,1973,"929498,82","6915391,57",0,3,57,N,0,2966,"928544,14","6915660,47",0,G,0,ACCROCHE,57PR2G,57PR3G,SC,SC,SC,SC,1973,2966,993,57,GE DIRE
33238,02/01/2026,A0030,989,3,57,N,0,2966,"928544,14","6915660,47",0,4,57,N,0,3955,"927666,2","6916131,13",0,G,0,ACCROCHE,57PR3G,57PR4G,SC,SC,SC,SC,2966,3955,989,57,GE DIRE
33245,02/01/2026,A0030,991,4,57,N,0,3955,"927666,2","6916131,13",0,5,57,N,0,4946,"926785,97","6916567,69",0,G,0,ACCROCHE,57PR4G,57PR5G,SC,SC,SC,SC,3955,4946,991,57,GE DIRE
33227,02/01/2026,A0030,1142,5,57,N,0,4946,"926785,97","6916567,69",0,6,57,N,0,6088,"925691,6","6916855,12",0,G,0,ACCROCHE,57PR5G,57PR6G,SC,SC,SC,SC,4946,6088,1142,57,GE DIRE
33230,02/01/2026,A0030,1012,6,57,N,0,6088,"925691,6","6916855,12",0,7,57,N,0,7100,"924800,12","6917263,55",0,G,0,ACCROCHE,57PR6G,57PR7G,SC,SC,SC,SC,6088,7100,1012,57,GE DIRE
33242,02/01/2026,A0030,1006,7,57,N,0,7100,"924800,12","6917263,55",0,8,57,N,0,8106,"923819,35","6917458,79",0,G,0,ACCROCHE,57PR7G,57PR8G,SC,SC,SC,SC,7100,8106,1006,57,GE DIRE
33236,02/01/2026,A0030,986,8,57,N,0,8106,"923819,35","6917458,79",0,9,57,N,0,9092,"923111,1","6918156,74",0,G,0,ACCROCHE,57PR8G,57PR9G,SC,SC,SC,SC,8106,9092,986,57,GE DIRE
33235,02/01/2026,A0030,1004,9,57,N,0,9092,"923111,1","6918156,74",0,10,57,N,0,10096,"922343,99","6918719,48",0,G,0,ACCROCHE,57PR9G,57PR10G,SC,SC,SC,SC,9092,10096,1004,57,GE DIRE
33228,02/01/2026,A0030,1000,10,57,N,0,10096,"922343,99","6918719,48",0,11,57,N,0,11096,"921447,99","6918816,93",0,G,0,ACCROCHE,57PR10G,57PR11G,SC,SC,SC,SC,10096,11096,1000,57,GE DIRE
33224,02/01/2026,A0030,1000,11,57,N,0,11096,"921447,99","6918816,93",0,12,57,N,0,12096,"920582,1","6918400,79",0,G,0,ACCROCHE,57PR11G,57PR12G,SC,SC,SC,SC,11096,12096,1000,57,GE DIRE
33249,02/01/2026,A0030,1000,12,57,N,0,12096,"920582,1","6918400,79",0,13,57,N,0,13096,"919663,41","6918636,94",0,G,0,ACCROCHE,57PR12G,57PR13G,SC,SC,SC,SC,12096,13096,1000,57,GE DIRE
33246,02/01/2026,A0030,1000,13,57,N,0,13096,"919663,41","6918636,94",0,14,57,N,0,14096,"918703,95","6918843,07",0,G,0,ACCROCHE,57PR13G,57PR14G,SC,SC,SC,SC,13096,14096,1000,57,GE DIRE
33237,02/01/2026,A0030,1000,14,57,N,0,14096,"918703,95","6918843,07",0,15,57,N,0,15096,"917935,48","6919429,86",0,G,0,ACCROCHE,57PR14G,57PR15G,SC,SC,SC,SC,14096,15096,1000,57,GE DIRE
33225,02/01/2026,A0030,1000,15,57,N,0,15096,"917935,48","6919429,86",0,16,57,N,0,16096,917350,"6920225,6",0,G,0,ACCROCHE,57PR15G,57PR16G,SC,SC,SC,SC,15096,16096,1000,57,GE DIRE
33241,02/01/2026,A0030,1000,16,57,N,0,16096,917350,"6920225,6",0,17,57,N,0,17096,"916787,82","6921043,06",0,G,0,ACCROCHE,57PR16G,57PR17G,SC,SC,SC,SC,16096,17096,1000,57,GE DIRE
33223,02/01/2026,A0030,1000,17,57,N,0,17096,"916787,82","6921043,06",0,18,57,N,0,18096,"916614,34","6922010,81",0,G,0,ACCROCHE,57PR17G,57PR18G,SC,SC,SC,SC,17096,18096,1000,57,GE DIRE
33233,02/01/2026,A0030,1000,18,57,N,0,18096,"916614,34","6922010,81",0,19,57,N,0,19096,916614,"6923002,47",0,G,0,ACCROCHE,57PR18G,57PR19G,SC,SC,SC,SC,18096,19096,1000,57,GE DIRE
33234,02/01/2026,A0030,1000,19,57,N,0,19096,916614,"6923002,47",0,20,57,N,0,20096,"916348,1","6923946,15",0,G,0,ACCROCHE,57PR19G,57PR20G,SC,SC,SC,SC,19096,20096,1000,57,GE DIRE
33240,02/01/2026,A0030,1000,20,57,N,0,20096,"916348,1","6923946,15",0,21,57,N,0,21096,"915723,43","6924702,88",0,G,0,ACCROCHE,57PR20G,57PR21G,SC,SC,SC,SC,20096,21096,1000,57,GE DIRE
33239,02/01/2026,A0030,779,21,57,N,0,21096,"915723,43","6924702,88",0,22,57,N,0,21875,"915098,03","6925166,83",0,G,0,ACCROCHE,57PR21G,57PR22G,SC,SC,SC,SC,21096,21875,779,57,GE DIRE
33232,02/01/2026,A0030,998,22,57,N,0,21875,"915098,03","6925166,83",0,23,57,N,0,22873,"914283,03","6925745,69",0,G,0,ACCROCHE,57PR22G,57PR23G,SC,SC,SC,SC,21875,22873,998,57,GE DIRE
33244,02/01/2026,A0030,994,23,57,N,0,22873,"914283,03","6925745,69",0,24,57,N,0,23867,"913441,34","6926277,27",0,G,0,ACCROCHE,57PR23G,57PR24G,SC,SC,SC,SC,22873,23867,994,57,GE DIRE
33243,02/01/2026,A0030,996,24,57,N,0,23867,"913441,34","6926277,27",0,25,57,N,0,24863,"912635,79","6926851,87",0,G,0,ACCROCHE,57PR24G,57PR25G,SC,SC,SC,SC,23867,24863,996,57,GE DIRE
33226,02/01/2026,A0030,997,25,57,N,0,24863,"912635,79","6926851,87",0,26,57,N,0,25860,"911886,82","6927502,75",0,G,0,ACCROCHE,57PR25G,57PR26G,SC,SC,SC,SC,24863,25860,997,57,GE DIRE
33229,02/01/2026,A0030,433,26,57,N,0,25860,"911886,82","6927502,75",0,26,57,N,433,26293,"911758,33","6927922,32",0,G,0,ACCROCHE,57PR26G,FRG,SC,SC,FR,FR,25860,26293,433,57,GE DIRE
16737,02/01/2026,N0066,1000,0,88,N,0,0,"966847,29","6776192,25",0,1,88,N,0,1000,"967520,12","6775475,67",0,D,0,ACCROCHE,88PR0D,88PR1D,DR,DR,SC,SC,0,1000,1000,88,DIRE
16733,02/01/2026,N0066,1002,1,88,N,0,1000,"967520,12","6775475,67",0,2,88,N,0,2002,"968212,42","6774773,34",0,D,0,ACCROCHE,88PR1D,88PR2D,SC,SC,SC,SC,1000,2002,1002,88,DIRE
16722,02/01/2026,N0066,1001,2,88,N,0,2002,"968212,42","6774773,34",0,3,88,N,0,3003,"969097,09","6774338,86",0,D,0,ACCROCHE,88PR2D,88PR3D,SC,SC,SC,SC,2002,3003,1001,88,DIRE
16730,02/01/2026,N0066,1000,3,88,N,0,3003,"969097,09","6774338,86",0,4,88,N,0,4003,"969423,53","6773411,27",0,D,0,ACCROCHE,88PR3D,88PR4D,SC,SC,SC,SC,3003,4003,1000,88,DIRE
16734,02/01/2026,N0066,1000,4,88,N,0,4003,"969423,53","6773411,27",0,5,88,N,0,5003,"969848,26","6772524,14",0,D,0,ACCROCHE,88PR4D,88PR5D,SC,SC,SC,SC,4003,5003,1000,88,DIRE
16728,02/01/2026,N0066,1000,5,88,N,0,5003,"969848,26","6772524,14",0,6,88,N,0,6003,"970046,84","6771552,96",0,D,0,ACCROCHE,88PR5D,88PR6D,SC,SC,SC,SC,5003,6003,1000,88,DIRE
16723,02/01/2026,N0066,1000,6,88,N,0,6003,"970046,84","6771552,96",0,7,88,N,0,7003,"970221,59","6770578,26",0,D,0,ACCROCHE,88PR6D,88PR7D,SC,SC,SC,SC,6003,7003,1000,88,DIRE
16735,02/01/2026,N0066,1000,7,88,N,0,7003,"970221,59","6770578,26",0,8,88,N,0,8003,"970687,54","6769705,37",0,D,0,ACCROCHE,88PR7D,88PR8D,SC,SC,SC,SC,7003,8003,1000,88,DIRE
16731,02/01/2026,N0066,1116,8,88,N,0,8003,"970687,54","6769705,37",0,9,88,N,0,9119,"970756,72","6768608,15",0,D,0,ACCROCHE,88PR8D,88PR9D,SC,SC,SC,SC,8003,9119,1116,88,DIRE
16732,02/01/2026,N0066,1193,9,88,N,0,9119,"970756,72","6768608,15",0,10,88,N,0,10312,"970600,78","6767528,05",0,D,0,ACCROCHE,88PR9D,88PR10D,SC,SC,SC,SC,9119,10312,1193,88,DIRE
16727,02/01/2026,N0066,1098,10,88,N,0,10312,"970600,78","6767528,05",0,11,88,N,0,11410,"971026,43","6766545,33",0,D,0,ACCROCHE,88PR10D,88PR11D,SC,SC,SC,SC,10312,11410,1098,88,DIRE
16736,02/01/2026,N0066,1100,11,88,N,0,11410,"971026,43","6766545,33",0,12,88,N,0,12510,"971757,08","6765789,08",0,D,0,ACCROCHE,88PR11D,88PR12D,SC,SC,SC,SC,11410,12510,1100,88,DIRE
16738,02/01/2026,N0066,1093,12,88,N,0,12510,"971757,08","6765789,08",0,13,88,N,0,13603,"972482,88","6764984,88",0,D,0,ACCROCHE,88PR12D,88PR13D,SC,SC,SC,SC,12510,13603,1093,88,DIRE
16726,02/01/2026,N0066,1091,13,88,N,0,13603,"972482,88","6764984,88",0,14,88,N,0,14694,"972735,44","6763930,27",0,D,0,ACCROCHE,88PR13D,88PR14D,SC,SC,SC,SC,13603,14694,1091,88,DIRE
16725,02/01/2026,N0066,1097,14,88,N,0,14694,"972735,44","6763930,27",0,15,88,N,0,15791,"973002,58","6762880,73",0,D,0,ACCROCHE,88PR14D,88PR15D,SC,SC,SC,SC,14694,15791,1097,88,DIRE
16729,02/01/2026,N0066,1098,15,88,N,0,15791,"973002,58","6762880,73",0,16,88,N,0,16889,"973972,26","6762414,29",0,D,0,ACCROCHE,88PR15D,88PR16D,SC,SC,SC,SC,15791,16889,1098,88,DIRE
16739,02/01/2026,N0066,1100,16,88,N,0,16889,"973972,26","6762414,29",0,17,88,N,0,17989,"975028,59","6762483,08",0,D,0,ACCROCHE,88PR16D,88PR17D,SC,SC,SC,SC,16889,17989,1100,88,DIRE
16724,02/01/2026,N0066,1034,17,88,N,0,17989,"975028,59","6762483,08",0,17,88,N,1034,19023,"976025,5","6762742,34",0,D,0,ACCROCHE,88PR17D,DD88PR17D,SC,SC,DD,DD,17989,19023,1034,88,DIRE
16715,02/01/2026,N0066,1004,0,88,N,0,0,966853,"6776194,88",0,1,88,N,0,1004,"967526,35","6775483,21",0,G,0,ACCROCHE,88PR0G,88PR1G,DR,DR,SC,SC,0,1004,1004,88,DIRE
16705,02/01/2026,N0066,1002,1,88,N,0,1004,"967526,35","6775483,21",0,2,88,N,0,2006,"968227,79","6774777,65",0,G,0,ACCROCHE,88PR1G,88PR2G,SC,SC,SC,SC,1004,2006,1002,88,DIRE
16718,02/01/2026,N0066,1004,2,88,N,0,2006,"968227,79","6774777,65",0,3,88,N,0,3010,"969104,91","6774344,92",0,G,0,ACCROCHE,88PR2G,88PR3G,SC,SC,SC,SC,2006,3010,1004,88,DIRE
16710,02/01/2026,N0066,1002,3,88,N,0,3010,"969104,91","6774344,92",0,4,88,N,0,4012,"969431,56","6773416,69",0,G,0,ACCROCHE,88PR3G,88PR4G,SC,SC,SC,SC,3010,4012,1002,88,DIRE
16713,02/01/2026,N0066,1002,4,88,N,0,4012,"969431,56","6773416,69",0,5,88,N,0,5014,"969858,38","6772526,26",0,G,0,ACCROCHE,88PR4G,88PR5G,SC,SC,SC,SC,4012,5014,1002,88,DIRE
16704,02/01/2026,N0066,1000,5,88,N,0,5014,"969858,38","6772526,26",0,6,88,N,0,6014,"970056,37","6771554,6",0,G,0,ACCROCHE,88PR5G,88PR6G,SC,SC,SC,SC,5014,6014,1000,88,DIRE
16707,02/01/2026,N0066,996,6,88,N,0,6014,"970056,37","6771554,6",0,7,88,N,0,7010,"970230,84","6770581,79",0,G,0,ACCROCHE,88PR6G,88PR7G,SC,SC,SC,SC,6014,7010,996,88,DIRE
16708,02/01/2026,N0066,1000,7,88,N,0,7010,"970230,84","6770581,79",0,8,88,N,0,8010,"970696,72","6769708,83",0,G,0,ACCROCHE,88PR7G,88PR8G,SC,SC,SC,SC,7010,8010,1000,88,DIRE
16714,02/01/2026,N0066,1114,8,88,N,0,8010,"970696,72","6769708,83",0,9,88,N,0,9124,"970764,98","6768607,53",0,G,0,ACCROCHE,88PR8G,88PR9G,SC,SC,SC,SC,8010,9124,1114,88,DIRE
16716,02/01/2026,N0066,1094,9,88,N,0,9124,"970764,98","6768607,53",0,10,88,N,0,10218,"970606,41","6767528,12",0,G,0,ACCROCHE,88PR9G,88PR10G,SC,SC,SC,SC,9124,10218,1094,88,DIRE
16719,02/01/2026,N0066,1093,10,88,N,0,10218,"970606,41","6767528,12",0,11,88,N,0,11311,"971032,76","6766547,14",0,G,0,ACCROCHE,88PR10G,88PR11G,SC,SC,SC,SC,10218,11311,1093,88,DIRE
16720,02/01/2026,N0066,1083,11,88,N,0,11311,"971032,76","6766547,14",0,12,88,N,0,12394,"971760,04","6765793,28",0,G,0,ACCROCHE,88PR11G,88PR12G,SC,SC,SC,SC,11311,12394,1083,88,DIRE
16709,02/01/2026,N0066,1097,12,88,N,0,12394,"971760,04","6765793,28",0,13,88,N,0,13491,"972488,56","6764987,72",0,G,0,ACCROCHE,88PR12G,88PR13G,SC,SC,SC,SC,12394,13491,1097,88,DIRE
16712,02/01/2026,N0066,1092,13,88,N,0,13491,"972488,56","6764987,72",0,14,88,N,0,14583,"972740,9","6763931,17",0,G,0,ACCROCHE,88PR13G,88PR14G,SC,SC,SC,SC,13491,14583,1092,88,DIRE
16717,02/01/2026,N0066,1090,14,88,N,0,14583,"972740,9","6763931,17",0,15,88,N,0,15673,"973008,18","6762884,93",0,G,0,ACCROCHE,88PR14G,88PR15G,SC,SC,SC,SC,14583,15673,1090,88,DIRE
16721,02/01/2026,N0066,1097,15,88,N,0,15673,"973008,18","6762884,93",0,16,88,N,0,16770,"973973,98","6762419,55",0,G,0,ACCROCHE,88PR15G,88PR16G,SC,SC,SC,SC,15673,16770,1097,88,DIRE
16706,02/01/2026,N0066,1092,16,88,N,0,16770,"973973,98","6762419,55",0,17,88,N,0,17862,"975026,33",6762490,0,G,0,ACCROCHE,88PR16G,88PR17G,SC,SC,SC,SC,16770,17862,1092,88,DIRE
16711,02/01/2026,N0066,1033,17,88,N,0,17862,"975026,33",6762490,0,17,88,N,1033,18895,"976014,29","6762764,34",0,G,0,ACCROCHE,88PR17G,DD88PR17G,SC,SC,DD,DD,17862,18895,1033,88,DIRE
15503,02/01/2026,N0066,197,18,88,N,0,19023,"976024,96","6762779,43",0,18,88,N,197,19220,"975933,1","6762952,19",0,I,0,ACCROCHE,88PR18U,DF88PR18U,FD,FD,DF,DF,0,197,197,88,DIRE
15500,02/01/2026,N0066,82,18,88,N,197,19220,"975933,1","6762952,19",0,18,88,N,279,19302,"975960,57","6763021,08",0,D,0,ACCROCHE,DF88PR18U,FF88PR18U,DF,DF,FF,FF,0,82,82,88,DIRE
15496,02/01/2026,N0066,771,18,88,N,279,19302,"975960,57","6763021,08",0,19,88,N,0,20073,"976669,34","6763059,99",0,I,0,ACCROCHE,FF88PR18U,88PR19U,FF,FF,SC,SC,0,771,771,88,DIRE
15483,02/01/2026,N0066,1004,19,88,N,0,20073,"976669,34","6763059,99",0,20,88,N,0,21077,"977421,91","6762411,68",0,I,0,ACCROCHE,88PR19U,88PR20U,SC,SC,SC,SC,771,1775,1004,88,DIRE
15493,02/01/2026,N0066,993,20,88,N,0,21077,"977421,91","6762411,68",0,21,88,N,0,22070,"978268,34","6762065,75",0,I,0,ACCROCHE,88PR20U,88PR21U,SC,SC,SC,SC,1775,2768,993,88,DIRE
15481,02/01/2026,N0066,992,21,88,N,0,22070,"978268,34","6762065,75",0,22,88,N,0,23062,"978997,2","6761555,27",0,I,0,ACCROCHE,88PR21U,88PR22U,SC,SC,SC,SC,2768,3760,992,88,DIRE
15485,02/01/2026,N0066,993,22,88,N,0,23062,"978997,2","6761555,27",0,23,88,N,0,24055,"979887,55","6761213,27",0,I,0,ACCROCHE,88PR22U,88PR23U,SC,SC,SC,SC,3760,4753,993,88,DIRE
15488,02/01/2026,N0066,995,23,88,N,0,24055,"979887,55","6761213,27",0,24,88,N,0,25050,"980579,54","6760509,5",0,I,0,ACCROCHE,88PR23U,88PR24U,SC,SC,SC,SC,4753,5748,995,88,DIRE
15484,02/01/2026,N0066,1014,24,88,N,0,25050,"980579,54","6760509,5",0,25,88,N,0,26064,"981357,83","6759885,21",0,I,0,ACCROCHE,88PR24U,88PR25U,SC,SC,SC,SC,5748,6762,1014,88,DIRE
15489,02/01/2026,N0066,994,25,88,N,0,26064,"981357,83","6759885,21",0,26,88,N,0,27058,"982282,16","6759711,39",0,I,0,ACCROCHE,88PR25U,88PR26U,SC,SC,SC,SC,6762,7756,994,88,DIRE
15479,02/01/2026,N0066,993,26,88,N,0,27058,"982282,16","6759711,39",0,27,88,N,0,28051,"983181,27","6759313,26",0,I,0,ACCROCHE,88PR26U,88PR27U,SC,SC,SC,SC,7756,8749,993,88,DIRE
15487,02/01/2026,N0066,1012,27,88,N,0,28051,"983181,27","6759313,26",0,28,88,N,0,29063,"983979,2","6758758,08",0,I,0,ACCROCHE,88PR27U,88PR28U,SC,SC,SC,SC,8749,9761,1012,88,DIRE
15495,02/01/2026,N0066,1003,28,88,N,0,29063,"983979,2","6758758,08",0,29,88,N,0,30066,"984743,34","6758237,82",0,I,0,ACCROCHE,88PR28U,88PR29U,SC,SC,SC,SC,9761,10764,1003,88,DIRE
15482,02/01/2026,N0066,953,29,88,N,0,30066,"984743,34","6758237,82",0,30,88,N,0,31019,"985016,59","6757407,86",0,I,0,ACCROCHE,88PR29U,88PR30U,SC,SC,SC,SC,10764,11717,953,88,DIRE
15491,02/01/2026,N0066,1008,30,88,N,0,31019,"985016,59","6757407,86",0,31,88,N,0,32027,"985754,07","6757770,52",0,I,0,ACCROCHE,88PR30U,88PR31U,SC,SC,SC,SC,11717,12725,1008,88,DIRE
15480,02/01/2026,N0066,987,31,88,N,0,32027,"985754,07","6757770,52",0,32,88,N,0,33014,"986128,82","6758654,92",0,I,0,ACCROCHE,88PR31U,88PR32U,SC,SC,SC,SC,12725,13712,987,88,DIRE
15492,02/01/2026,N0066,1058,32,88,N,0,33014,"986128,82","6758654,92",0,33,88,N,0,34072,"986685,19","6759545,68",0,I,0,ACCROCHE,88PR32U,88PR33U,SC,SC,SC,SC,13712,14770,1058,88,DIRE
15494,02/01/2026,N0066,928,33,88,N,0,34072,"986685,19","6759545,68",0,34,88,N,0,35000,"987488,26","6759993,31",0,I,0,ACCROCHE,88PR33U,88PR34U,SC,SC,SC,SC,14770,15698,928,88,DIRE
15498,02/01/2026,N0066,963,34,88,N,0,35000,"987488,26","6759993,31",0,35,88,N,0,35963,"987881,72","6760829,18",0,I,0,ACCROCHE,88PR34U,88PR35U,SC,SC,SC,SC,15698,16661,963,88,DIRE
15497,02/01/2026,N0066,1052,35,88,N,0,35963,"987881,72","6760829,18",0,36,88,N,0,37015,"988753,6","6761367,46",0,I,0,ACCROCHE,88PR35U,88PR36U,SC,SC,SC,SC,16661,17713,1052,88,DIRE
15499,02/01/2026,N0066,1006,36,88,N,0,37015,"988753,6","6761367,46",0,37,88,N,0,38021,"989677,51","6761316,55",0,I,0,ACCROCHE,88PR36U,88PR37U,SC,SC,SC,SC,17713,18719,1006,88,DIRE
15490,02/01/2026,N0066,1005,37,88,N,0,38021,"989677,51","6761316,55",0,38,88,N,0,39026,"990628,21","6761475,74",0,I,0,ACCROCHE,88PR37U,88PR38U,SC,SC,SC,SC,18719,19724,1005,88,DIRE
15486,02/01/2026,N0066,520,38,88,N,0,39026,"990628,21","6761475,74",0,38,88,N,520,39546,"991140,25","6761533,9",0,I,0,ACCROCHE,88PR38U,FRU,SC,SC,FR,FR,19724,20244,520,88,DIRE
15469,02/01/2026,N0066,161,18,88,N,197,19092,"975933,1","6762952,19",0,18,88,N,358,19253,"975960,57","6763021,08",0,G,0,ACCROCHE,DF88PR18U,FF88PR18U,DF,DF,FF,FF,0,161,161,88,DIRE
54868,02/01/2026,N0159,1041,0,88,N,0,0,"999712,02","6804026,64",0,1,88,N,0,1041,"1000515,38","6804670,04",0,I,0,ACCROCHE,88PR0U,88PR1U,DR,DR,SC,SC,0,1041,1041,88,DIRE
54867,02/01/2026,N0159,1004,1,88,N,0,1041,"1000515,38","6804670,04",0,2,88,N,0,2045,"1001208,68","6805369,83",0,I,0,ACCROCHE,88PR1U,88PR2U,SC,SC,SC,SC,1041,2045,1004,88,DIRE
54866,02/01/2026,N0159,1003,2,88,N,0,2045,"1001208,68","6805369,83",0,3,88,N,0,3048,"1001690,84","6806210,99",0,I,0,ACCROCHE,88PR2U,88PR3U,SC,SC,SC,SC,2045,3048,1003,88,DIRE
54865,02/01/2026,N0159,775,3,88,N,0,3048,"1001690,84","6806210,99",0,3,88,N,775,3823,"1001873,13","6806952,55",0,I,0,ACCROCHE,88PR3U,DD88PR3U,SC,SC,DD,DD,3048,3823,775,88,DIRE
54864,02/01/2026,N2066,688,37,88,N,0,0,"989689,7","6761313,17",0,37,88,N,688,688,"990004,54","6761276,62",0,I,0,ACCROCHE,88PR37U,FRU,DR,DR,FR,FR,0,688,688,88,DIRE
17110,02/01/2026,51N900408,235,1,51,N,0,0,"820313,2","6847380,8",0,1,51,N,235,235,"820370,99","6847154,23",0,D,0,ACCROCHE,DB1,FB1,DB,DB,FB,FB,0,235,235,51,GE DIRE
17089,02/01/2026,51N900408,320,2,51,N,0,235,"820313,89","6847077,99",0,2,51,N,320,555,"820581,21","6847060,79",0,D,0,ACCROCHE,DB2,FB2,DB,DB,FB,FB,0,320,320,51,GE DIRE
17079,02/01/2026,51N900408,545,3,51,N,0,555,"820634,65","6847015,97",0,3,51,N,545,1100,"820296,88","6847116,27",0,D,0,ACCROCHE,DB3,FB3,DB,DB,FB,FB,0,545,545,51,GE DIRE
17071,02/01/2026,51N900408,594,4,51,N,0,1100,"820314,76","6847090,47",0,4,51,N,594,1694,"820368,26","6847302,73",0,D,0,ACCROCHE,DB4,FB4,DB,DB,FR,FR,0,594,594,51,GE DIRE
17135,02/01/2026,51N900407,413,1,51,N,0,0,"819725,89","6848262,14",0,1,51,N,413,413,"819855,56","6848177,01",0,D,0,ACCROCHE,DB1,FB1,DB,DB,FB,FB,0,413,413,51,GE DIRE
17131,02/01/2026,51N900407,446,2,51,N,0,413,"819882,12","6848178,67",0,2,51,N,446,859,"819593,03","6848453,76",0,D,0,ACCROCHE,DB2,FB2,DB,DB,FR,FR,0,446,446,51,GE DIRE
16684,02/01/2026,51N900406,185,1,51,N,0,0,"819266,91","6848874,5",0,1,51,N,185,185,"819195,94","6848764,24",0,D,0,ACCROCHE,DB1,FB1,DB,DB,FB,FB,0,185,185,51,GE DIRE
16681,02/01/2026,51N900406,137,2,51,N,0,185,"819196,58","6848758,63",0,2,51,N,137,322,"819341,28","6848786,12",0,D,0,ACCROCHE,DB2,FB2,DB,DB,FR,FR,0,137,137,51,GE DIRE
16701,02/01/2026,51N900405,295,1,51,N,0,0,"818644,57","6849450,66",0,1,51,N,295,295,"818608,08","6849716,97",0,D,0,ACCROCHE,DB1,FB1,DB,DB,FB,FB,0,295,295,51,GE DIRE
16696,02/01/2026,51N900405,245,2,51,N,0,295,"818566,35","6849680,65",0,2,51,N,245,540,"818473,75","6849558,45",0,D,0,ACCROCHE,DB2,FB2,DB,DB,FB,FB,0,245,245,51,GE DIRE
16690,02/01/2026,51N900405,39,3,51,N,0,540,"818590,11","6849705,36",0,3,51,N,39,579,"818600,49","6849659,91",0,D,0,ACCROCHE,DB3,FB3,DB,DB,FR,FR,0,39,39,51,GE DIRE
15938,02/01/2026,51N904416,160,1,51,N,0,0,"816735,58","6848828,25",0,1,51,N,160,160,"816735,58","6848828,25",0,D,0,ACCROCHE,DB1,FB1,SA,SA,FR,FR,0,160,160,51,GE DIRE
16743,02/01/2026,51N900404,533,1,51,N,0,0,"817883,63","6849824,12",0,1,51,N,533,533,"818061,55","6849348,07",0,D,0,ACCROCHE,DB1,FB1,DB,DB,FB,FB,0,533,533,51,GE DIRE
16741,02/01/2026,51N900404,462,2,51,N,0,533,"818077,23","6849359,03",0,2,51,N,462,995,"818050,23","6849756,39",0,D,0,ACCROCHE,DB2,FB2,DB,DB,FR,FR,0,462,462,51,GE DIRE
15667,02/01/2026,51N904411,255,1,51,N,0,0,"810826,13","6861284,92",0,1,51,N,255,255,"810984,29","6861068,3",0,D,0,ACCROCHE,DB1,FB1,DB,DB,FB,FB,0,255,255,51,GE DIRE
15655,02/01/2026,51N904411,200,2,51,N,0,255,"811055,81","6861216,5",0,2,51,N,200,455,"810861,59","6861273,3",0,D,0,ACCROCHE,DB2,FB2,DB,DB,FR,FR,0,200,200,51,GE DIRE
15651,02/01/2026,51N904413,575,1,51,N,0,0,"808125,1","6864467,73",0,1,51,N,575,575,"808464,05","6863992,86",0,D,0,ACCROCHE,DB1,FB1,DB,DB,FR,FR,0,575,575,51,GE DIRE
16193,02/01/2026,51N904406,265,1,51,N,0,0,"799158,9","6876386,27",0,1,51,N,265,265,"799412,51","6876451,96",0,D,0,ACCROCHE,DB1,FB1,DB,DB,FB,FB,0,265,265,51,GE DIRE
16191,02/01/2026,51N904406,490,2,51,N,0,265,"799551,84","6876415,35",0,2,51,N,490,755,"799142,97","6876405,29",0,D,0,ACCROCHE,DB2,FB2,DB,DB,FR,FR,0,490,490,51,GE DIRE
15742,02/01/2026,51N904410,280,1,51,N,0,0,"801924,28","6872397,7",0,1,51,N,280,280,"802132,67","6872215,89",0,D,0,ACCROCHE,DB1,FB1,DB,DB,FB,FB,0,280,280,51,GE DIRE
15732,02/01/2026,51N904410,140,2,51,N,0,280,"802200,51","6872143,79",0,2,51,N,140,420,"802206,23","6872317,84",0,D,0,ACCROCHE,DB2,FB2,DB,DB,FB,FB,0,140,140,51,GE DIRE
15724,02/01/2026,51N904410,165,3,51,N,0,420,"802180,37","6872320,46",0,3,51,N,165,585,"802085,43","6872300,36",0,D,0,ACCROCHE,DB3,FB3,DB,DB,FR,FR,0,165,165,51,GE DIRE
16042,02/01/2026,51N904408,297,1,51,N,0,0,"801539,01","6874793,28",0,1,51,N,297,297,"801741,09","6874558,99",0,D,0,ACCROCHE,DB1,FB1,DB,DB,FB,FB,0,297,297,51,GE DIRE
16355,02/01/2026,51N904408,182,2,51,N,0,297,"801778,41","6874469,33",0,2,51,N,182,479,"801826,11","6874285,63",0,D,0,ACCROCHE,DB2,FB2,DB,DB,FB,FB,0,182,182,51,GE DIRE
15983,02/01/2026,51N904408,282,3,51,N,0,479,"801825,71","6874236,7",0,3,51,N,282,761,"801846,14","6874513,52",0,D,0,ACCROCHE,DB3,FB3,DB,DB,FB,FB,0,282,282,51,GE DIRE
15956,02/01/2026,51N904408,300,4,51,N,0,761,801819,"6874576,92",0,4,51,N,300,1061,"801560,07","6874789,8",0,D,0,ACCROCHE,DB4,FB4,DB,DB,FR,FR,0,300,300,51,GE DIRE
15953,02/01/2026,51N904409,260,1,51,N,0,0,"801833,1","6873312,87",0,1,51,N,260,260,"801797,95","6873054,49",0,D,0,ACCROCHE,DB1,FB1,DB,DB,FB,FB,0,260,260,51,GE DIRE
15947,02/01/2026,51N904409,185,2,51,N,0,260,"801823,81","6873016,79",0,2,51,N,185,445,"801921,96","6872841,3",0,D,0,ACCROCHE,DB2,FB2,DB,DB,FB,FB,0,185,185,51,GE DIRE
15893,02/01/2026,51N904409,262,3,51,N,0,445,"801960,9","6873083,98",0,3,51,N,262,707,"801842,04","6873314,26",0,D,0,ACCROCHE,DB3,FB3,DB,DB,FB,FB,0,262,262,51,GE DIRE
15886,02/01/2026,51N904409,28,4,51,N,0,707,"801924,2",6873070,0,4,51,N,28,735,"801931,83","6873096,82",0,D,0,ACCROCHE,DB4,FB4,DB,DB,FR,FR,0,28,28,51,GE DIRE
17737,02/01/2026,51N904404,265,2,51,N,0,0,"796425,97","6882360,48",0,2,51,N,265,265,"796427,27","6882430,43",0,D,0,ACCROCHE,DB2,FB2,DB,DB,FB,FB,0,265,265,51,GE DIRE
17736,02/01/2026,51N904404,255,3,51,N,0,265,"796547,28","6882256,23",0,3,51,N,255,520,"796524,44","6882512,33",0,D,0,ACCROCHE,DB3,FB3,DB,DB,FR,FR,0,255,255,51,GE DIRE
16176,02/01/2026,51N904407,246,1,51,N,0,0,"800493,67","6876087,05",0,1,51,N,246,246,"800663,59","6875907,11",0,D,0,ACCROCHE,DB1,FB1,DB,DB,FB,FB,0,246,246,51,GE DIRE
16173,02/01/2026,51N904407,153,2,51,N,0,246,"800680,02","6875926,86",0,2,51,N,153,399,"800715,34","6875971,62",0,D,0,ACCROCHE,DB2,FB2,DB,DB,FB,FB,0,153,153,51,GE DIRE
16159,02/01/2026,51N904407,250,3,51,N,0,399,"800902,56","6875822,91",0,3,51,N,250,649,"800806,32","6876058,19",0,D,0,ACCROCHE,DB3,FB3,DB,DB,FB,FB,0,250,250,51,GE DIRE
16157,02/01/2026,51N904407,253,4,51,N,0,649,"800762,22","6876090,05",0,4,51,N,253,902,"800474,91","6876104,5",0,D,0,ACCROCHE,DB4,FB4,DB,DB,FR,FR,0,253,253,51,GE DIRE
16197,02/01/2026,51N904405,410,1,51,N,0,0,"798925,52","6876787,28",0,1,51,N,410,410,"799108,2","6876394,39",0,D,0,ACCROCHE,DB1,FB1,DB,DB,FB,FB,0,410,410,51,GE DIRE
16194,02/01/2026,51N904405,522,2,51,N,0,410,"799136,4","6876407,65",0,2,51,N,522,932,"798887,36","6876861,13",0,D,0,ACCROCHE,DB2,FB2,DB,DB,FR,FR,0,522,522,51,GE DIRE
15635,02/01/2026,51N904415,356,1,51,N,0,0,"798215,87","6878091,44",0,1,51,N,356,356,"798200,91","6877753,38",0,D,0,ACCROCHE,DB1,FB1,DB,DB,FB,FB,0,356,356,51,GE DIRE
15624,02/01/2026,51N904415,245,2,51,N,0,356,"798239,31","6877703,88",0,2,51,N,245,601,"798453,05","6877654,5",0,D,0,ACCROCHE,DB2,FB2,DB,DB,FB,FB,0,245,245,51,GE DIRE
15615,02/01/2026,51N904415,470,3,51,N,0,601,"798483,01","6877617,66",0,3,51,N,470,1071,"798232,85","6877747,57",0,D,0,ACCROCHE,DB3,FB3,DB,DB,FB,FB,0,470,470,51,GE DIRE
15604,02/01/2026,51N904415,438,4,51,N,0,1071,"798246,74","6877724,07",0,4,51,N,438,1509,"798385,35",6877803,0,D,0,ACCROCHE,DB4,FB4,DB,DB,FR,FR,0,438,438,51,GE DIRE
16642,02/01/2026,51N900411,230,1,51,N,0,0,"766397,71","6848123,65",0,1,51,N,230,230,"766621,71","6848069,23",0,D,0,ACCROCHE,DB1,FB1,DB,DB,FB,FB,0,230,230,51,GE DIRE
16641,02/01/2026,51N900411,271,2,51,N,0,230,"766623,56","6848080,93",0,2,51,N,271,501,"766864,78","6848184,2",0,D,0,ACCROCHE,DB2,FB2,DB,DB,FB,FB,0,271,271,51,GE DIRE
16618,02/01/2026,51N900411,275,3,51,N,0,501,"766879,52","6848195,14",0,3,51,N,275,776,"766613,24","6848250,58",0,D,0,ACCROCHE,DB3,FB3,DB,DB,FB,FB,0,275,275,51,GE DIRE
16614,02/01/2026,51N900411,350,4,51,N,0,776,"766607,21","6848220,84",0,4,51,N,350,1126,"766277,01","6848118,66",0,D,0,ACCROCHE,DB4,FB4,DB,DB,FB,FB,0,350,350,51,GE DIRE
16609,02/01/2026,51N900411,20,5,51,N,0,1126,"766596,64","6848088,43",0,5,51,N,20,1146,"766618,21","6848100,19",0,D,0,ACCROCHE,DB5,FB5,DB,DB,FB,FB,0,20,20,51,GE DIRE
16589,02/01/2026,51N900411,25,6,51,N,0,1146,"766618,28","6848122,38",0,6,51,N,25,1171,"766644,32","6848110,84",0,D,0,ACCROCHE,DB6,FB6,DB,DB,FB,FB,0,25,25,51,GE DIRE
16584,02/01/2026,51N900411,20,7,51,N,0,1171,"766636,22","6848230,2",0,7,51,N,20,1191,"766610,14","6848220,37",0,D,0,ACCROCHE,DB7,FB7,DB,DB,FB,FB,0,20,20,51,GE DIRE
16571,02/01/2026,51N900411,31,8,51,N,0,1191,"766607,39","6848188,4",0,8,51,N,31,1222,"766573,65","6848205,06",0,D,0,ACCROCHE,DB8,FB8,DB,DB,FR,FR,0,31,31,51,GE DIRE
17283,02/01/2026,51N900402,365,1,51,N,0,0,"754472,24","6847024,05",0,1,51,N,365,365,"754652,88","6846739,81",0,D,0,ACCROCHE,DB1,FB1,DB,DB,FB,FB,0,365,365,51,GE DIRE
17282,02/01/2026,51N900402,455,2,51,N,0,365,"754676,13","6846709,41",0,2,51,N,455,820,"755129,81","6846781,85",0,D,0,ACCROCHE,DB2,FB2,DB,DB,FB,FB,0,455,455,51,GE DIRE
17281,02/01/2026,51N900402,737,3,51,N,0,820,"755208,89","6846800,55",0,3,51,N,737,1557,"754660,09","6846740,48",0,D,0,ACCROCHE,DB3,FB3,DB,DB,FB,FB,0,737,737,51,GE DIRE
16982,02/01/2026,51N900402,539,4,51,N,0,1557,"754676,26","6846732,55",0,4,51,N,539,2096,"754455,32","6847055,66",0,D,0,ACCROCHE,DB4,FB4,DB,DB,FB,FB,0,539,539,51,GE DIRE
16964,02/01/2026,51N900402,45,5,51,N,0,2096,"754752,73","6846951,81",0,5,51,N,45,2141,"754710,2","6846992,25",0,D,0,ACCROCHE,DB5,FB5,DB,DB,FR,FR,0,45,45,51,GE DIRE
17293,02/01/2026,51N900401,260,3,51,N,0,675,"753238,65",6848125,0,3,51,N,260,935,"752996,42","6848232,82",0,D,0,ACCROCHE,DB3,FB3,DB,DB,FB,FB,0,260,260,51,GE DIRE
17284,02/01/2026,51N900401,230,4,51,N,0,935,"752947,92","6848286,03",0,4,51,N,230,1165,752938,"6848089,92",0,D,0,ACCROCHE,DB4,FB4,DB,DB,FB,FB,0,230,230,51,GE DIRE
15680,02/01/2026,51N900401,335,1,51,N,0,0,"752825,83","6848041,87",0,1,51,N,335,335,"753133,27","6847995,96",0,D,0,ACCROCHE,DB1,FB1,DB,DB,FB,FB,0,335,335,51,GE DIRE
15679,02/01/2026,51N900401,340,2,51,N,0,335,"753104,13","6848068,79",0,2,51,N,340,675,"753055,74","6848104,75",0,D,0,ACCROCHE,DB2,FB2,DB,DB,FB,FB,0,340,340,51,GE DIRE
15678,02/01/2026,51N900401,29,5,51,N,0,1165,"753122,74","6848026,74",0,5,51,N,29,1194,"753097,71","6848025,53",0,D,0,ACCROCHE,DB5,FB5,DB,DB,FR,FR,0,29,29,51,GE DIRE
16653,02/01/2026,51N900410,220,1,51,N,0,0,"751677,91","6847535,87",0,1,51,N,220,220,"751883,62","6847489,76",0,D,0,ACCROCHE,DB1,FB1,DB,DB,FB,FB,0,220,220,51,GE DIRE
16647,02/01/2026,51N900410,360,2,51,N,0,220,"751894,93","6847510,2",0,2,51,N,360,580,"751621,42","6847547,09",0,D,0,ACCROCHE,DB2,FB2,DB,DB,FR,FR,0,360,360,51,GE DIRE
16674,02/01/2026,51N900409,255,1,51,N,0,0,"750443,58","6847719,52",0,1,51,N,255,255,"750633,75","6847649,33",0,D,0,ACCROCHE,DB1,FB1,DB,DB,FB,FB,0,255,255,51,GE DIRE
16666,02/01/2026,51N900409,100,2,51,N,0,255,"750519,91","6847678,43",0,2,51,N,100,355,"750445,43","6847721,96",0,D,0,ACCROCHE,DB2,FB2,DB,DB,FB,FB,0,100,100,51,GE DIRE
16659,02/01/2026,51N900409,27,3,51,N,0,355,"750456,57","6847700,67",0,3,51,N,27,382,"750439,8","6847684,88",0,D,0,ACCROCHE,DB3,FB3,DB,DB,FR,FR,0,27,27,51,GE DIRE
15654,02/01/2026,51N904412,300,1,51,N,0,0,"813361,97","6858574,9",0,1,51,N,300,300,"813605,96","6858413,28",0,D,0,ACCROCHE,DB1,FB1,DB,DB,FB,FB,0,300,300,51,GE DIRE
15653,02/01/2026,51N904412,260,2,51,N,0,300,"813648,17","6858387,17",0,2,51,N,260,560,"813506,14","6858617,35",0,D,0,ACCROCHE,DB2,FB2,DB,DB,FR,FR,0,260,260,51,GE DIRE
16808,02/01/2026,51N900413,195,1,51,N,0,0,"784983,25","6849333,19",0,1,51,N,195,195,"785173,75","6849253,85",0,D,0,ACCROCHE,DB1,FB1,DB,DB,FB,FB,0,195,195,51,GE DIRE
16807,02/01/2026,51N900413,230,2,51,N,0,195,"785177,46","6849252,26",0,2,51,N,230,425,"785408,52","6849282,65",0,D,0,ACCROCHE,DB2,FB2,DB,DB,FB,FB,0,230,230,51,GE DIRE
16805,02/01/2026,51N900413,195,3,51,N,0,425,"785421,69","6849291,3",0,3,51,N,195,620,"785232,55","6849370,26",0,D,0,ACCROCHE,DB3,FB3,DB,DB,FB,FB,0,195,195,51,GE DIRE
16795,02/01/2026,51N900413,215,4,51,N,0,620,"785229,91","6849372,58",0,4,51,N,215,835,"785024,26","6849338,4",0,D,0,ACCROCHE,DB4,FB4,DB,DB,FR,FR,0,215,215,51,GE DIRE
16963,02/01/2026,51N900403,130,1,51,N,0,0,"788399,37","6848775,69",0,1,51,N,130,130,"788577,37","6848683,31",0,D,0,ACCROCHE,DB1,FB1,DB,DB,FB,FB,0,130,130,51,GE DIRE
16960,02/01/2026,51N900403,170,2,51,N,0,130,"788610,67","6848686,07",0,2,51,N,170,300,"788836,88","6848731,27",0,D,0,ACCROCHE,DB2,FB2,DB,DB,FB,FB,0,170,170,51,GE DIRE
16953,02/01/2026,51N900403,170,3,51,N,0,300,"788819,74","6848742,08",0,3,51,N,170,470,"788640,19","6848859,53",0,D,0,ACCROCHE,DB3,FB3,DB,DB,FB,FB,0,170,170,51,GE DIRE
16943,02/01/2026,51N900403,200,4,51,N,0,470,"788599,06","6848866,07",0,4,51,N,200,670,"788354,36","6848793,15",0,D,0,ACCROCHE,DB4,FB4,DB,DB,FR,FR,0,200,200,51,GE DIRE
15650,02/01/2026,51N904414,447,1,51,N,0,0,"809020,22","6863558,77",0,1,51,N,447,447,"809217,62","6863153,33",0,D,0,ACCROCHE,DB1,FB1,DB,DB,FB,FB,0,447,447,51,GE DIRE
15649,02/01/2026,51N904414,450,2,51,N,0,447,"809228,21","6863150,49",0,2,51,N,450,897,"809132,75","6863606,08",0,D,0,ACCROCHE,DB2,FB2,DB,DB,FB,FB,0,450,450,51,GE DIRE
15646,02/01/2026,51N904414,216,3,51,N,0,897,"809132,75","6863606,08",0,3,51,N,216,1113,"808982,19","6863773,55",0,D,0,ACCROCHE,DB3,FB3,DB,DB,FR,FR,0,216,216,51,GE DIRE
16789,02/01/2026,51N900414,275,1,51,N,0,0,"827892,63","6844113,8",0,1,51,N,275,275,"828089,95","6843901,54",0,D,0,ACCROCHE,DB1,FB1,DB,DB,FB,FB,0,275,275,51,GE DIRE
16785,02/01/2026,51N900414,237,2,51,N,0,275,"828126,83","6843906,25",0,2,51,N,237,512,"828374,4","6843875,07",0,D,0,ACCROCHE,DB2,FB2,DB,DB,FB,FB,0,237,237,51,GE DIRE
16510,02/01/2026,51N900414,284,3,51,N,0,512,"828371,28","6843891,16",0,3,51,N,284,796,"828165,73","6844105,96",0,D,0,ACCROCHE,DB3,FB3,DB,DB,FB,FB,0,284,284,51,GE DIRE
16252,02/01/2026,51N900414,208,4,51,N,0,796,"828130,91","6844117,33",0,4,51,N,208,1004,"827900,26","6844124,61",0,D,0,ACCROCHE,DB4,FB4,DB,DB,FR,FR,0,208,208,51,GE DIRE
16236,02/01/2026,51N900415,341,1,51,N,0,0,"770796,87","6849799,4",0,1,51,N,341,341,"771134,6","6849797,54",0,D,0,ACCROCHE,DB1,FB1,DB,DB,FB,FB,0,341,341,51,GE DIRE
16211,02/01/2026,51N900415,256,2,51,N,0,341,"771155,06","6849800,95",0,2,51,N,256,597,"771394,46","6849844,66",0,D,0,ACCROCHE,DB2,FB2,DB,DB,FB,FB,0,256,256,51,GE DIRE
16639,02/01/2026,51N900415,273,3,51,N,0,597,"771411,66","6849852,33",0,3,51,N,273,870,"771158,85","6849952,51",0,D,0,ACCROCHE,DB3,FB3,DB,DB,FB,FB,0,273,273,51,GE DIRE
16637,02/01/2026,51N900415,250,4,51,N,0,870,"771126,73","6849950,1",0,4,51,N,250,1120,"770896,31","6849843,39",0,D,0,ACCROCHE,DB4,FB4,DB,DB,FR,FR,0,250,250,51,GE DIRE
16555,02/01/2026,51N900412,436,1,51,N,0,0,"773221,84","6850400,45",0,1,51,N,436,436,"773647,7","6850460,08",0,D,0,ACCROCHE,DB1,FB1,DB,DB,FB,FB,0,436,436,51,GE DIRE
16845,02/01/2026,51N900412,285,2,51,N,0,436,"773646,96","6850479,45",0,2,51,N,285,721,"773573,41","6850615,48",0,D,0,ACCROCHE,DB2,FB2,DB,DB,FB,FB,0,285,285,51,GE DIRE
16813,02/01/2026,51N900412,242,3,51,N,0,721,"773822,1","6850724,14",0,3,51,N,242,963,"773578,37","6850703,75",0,D,0,ACCROCHE,DB3,FB3,DB,DB,FB,FB,0,242,242,51,GE DIRE
16812,02/01/2026,51N900412,205,4,51,N,0,963,"773558,18","6850694,53",0,4,51,N,205,1168,"773407,26","6850526,49",0,D,0,ACCROCHE,DB4,FB4,DB,DB,FR,FR,0,205,205,51,GE DIRE
13844,02/01/2026,52N900406,300,1,52,N,0,0,"846001,07","6837397,09",0,1,52,N,300,300,"846291,46","6837347,59",0,D,0,ACCROCHE,DB1,FB1,DB,DB,FB,FB,0,300,300,52,GE DIRE
13843,02/01/2026,52N900406,370,2,52,N,0,300,"846445,75","6837428,73",0,2,52,N,370,670,"846401,25","6837542,12",0,D,0,ACCROCHE,DB2,FB2,DB,DB,FB,FB,0,370,370,52,GE DIRE
13832,02/01/2026,52N900406,1200,3,52,N,0,670,"846422,03","6837563,96",0,3,52,N,1200,1870,"846895,34","6837680,23",0,D,0,ACCROCHE,DB3,FB3,DB,DB,FB,FB,0,1200,1200,52,GE DIRE
13821,02/01/2026,52N900406,1100,4,52,N,0,1870,"846888,47","6837701,51",0,4,52,N,1100,2970,"846190,22","6837440,6",0,D,0,ACCROCHE,DB4,FB4,DB,DB,FR,FR,0,1100,1100,52,GE DIRE
13885,02/01/2026,52N900404,360,1,52,N,0,0,"842583,09","6837921,23",0,1,52,N,360,360,"842731,83","6837602,13",0,D,0,ACCROCHE,DB1,FB1,DB,DB,FB,FB,0,360,360,52,GE DIRE
13884,02/01/2026,52N900404,245,2,52,N,0,360,"842747,07","6837609,11",0,2,52,N,245,605,"842834,56","6837696,49",0,D,0,ACCROCHE,DB2,FB2,DB,DB,FB,FB,0,245,245,52,GE DIRE
13883,02/01/2026,52N900404,270,3,52,N,0,605,"842853,41","6837687,26",0,3,52,N,270,875,"842928,39","6837761,28",0,D,0,ACCROCHE,DB3,FB3,DB,DB,FB,FB,0,270,270,52,GE DIRE
13882,02/01/2026,52N900404,330,4,52,N,0,875,"842943,94","6837778,73",0,4,52,N,330,1205,"842643,94","6837874,83",0,D,0,ACCROCHE,DB4,FB4,DB,DB,FR,FR,0,330,330,52,GE DIRE
16662,02/01/2026,52N900403,577,1,52,N,0,0,"840739,99","6839561,79",0,1,52,N,577,577,"841159,7","6839617,63",0,D,0,ACCROCHE,DB1,FB1,DB,DB,FB,FB,0,577,577,52,GE DIRE
16660,02/01/2026,52N900403,567,2,52,N,0,577,"841168,09","6839640,24",0,2,52,N,567,1144,"841058,89","6839496,65",0,D,0,ACCROCHE,DB2,FB2,DB,DB,FB,FB,0,567,567,52,GE DIRE
13887,02/01/2026,52N900403,225,3,52,N,0,1144,"841166,07","6839462,09",0,3,52,N,225,1369,"841167,34","6839599,08",0,D,0,ACCROCHE,DB3,FB3,DB,DB,FB,FB,0,225,225,52,GE DIRE
13886,02/01/2026,52N900403,415,4,52,N,0,1369,"841187,74","6839647,37",0,4,52,N,415,1784,"840851,56","6839552,93",0,D,0,ACCROCHE,DB4,FB4,DB,DB,FR,FR,0,415,415,52,GE DIRE
16671,02/01/2026,52N900401,245,3,52,N,0,246,"835144,75","6840781,41",0,3,52,N,245,491,"834909,82","6840844,19",0,D,0,ACCROCHE,DB3,FB3,DB,DB,FB,FB,0,245,245,52,GE DIRE
16670,02/01/2026,52N900401,126,4,52,N,0,491,"833785,43","6841204,78",0,4,52,N,126,617,"833673,92","6841259,64",0,D,0,ACCROCHE,DB4,FB4,DB,DB,FR,FR,0,126,126,52,GE DIRE
16655,02/01/2026,52N900401,96,1,52,N,0,0,"834642,18","6840762,23",0,1,52,N,96,96,"834661,89",6840700,0,D,0,ACCROCHE,DB1,FB1,DB,DB,FB,FB,0,96,96,52,GE DIRE
16654,02/01/2026,52N900401,150,2,52,N,0,96,"834668,16","6840692,83",0,2,52,N,150,246,"834799,16","6840776,04",0,D,0,ACCROCHE,DB2,FB2,DB,DB,FB,FB,0,150,150,52,GE DIRE
16663,02/01/2026,52N900405,525,2,52,N,0,540,"844587,46","6837664,05",0,2,52,N,525,1065,"844715,6","6837549,21",0,D,0,ACCROCHE,DB2,FB2,DB,DB,FB,FB,0,525,525,52,GE DIRE
13881,02/01/2026,52N900405,540,1,52,N,0,0,"844339,19","6837494,6",0,1,52,N,540,540,"844604,61","6837666,27",0,D,0,ACCROCHE,DB1,FB1,DB,DB,FB,FB,0,540,540,52,GE DIRE
14331,02/01/2026,52N900405,385,3,52,N,0,1065,"844883,52","6837559,63",0,3,52,N,385,1450,"844611,41","6837674,3",0,D,0,ACCROCHE,DB3,FB3,DB,DB,FB,FB,0,385,385,52,GE DIRE
14278,02/01/2026,52N900405,285,4,52,N,0,1450,"844577,38","6837671,02",0,4,52,N,285,1735,"844388,21","6837508,45",0,D,0,ACCROCHE,DB4,FB4,DB,DB,FR,FR,0,285,285,52,GE DIRE
9722,02/01/2026,54N905950,285,1,54,N,0,0,"975686,05","6825212,79",0,1,54,N,285,285,"975917,74","6825048,07",0,D,0,ACCROCHE,DB1,FB1,DB,DB,FB,FB,0,285,285,54,DIRE
9701,02/01/2026,54N905950,315,2,54,N,0,285,"975903,23","6824999,43",0,2,54,N,315,600,"976192,13","6824996,95",0,D,0,ACCROCHE,DB2,FB2,DB,DB,FB,FB,0,315,315,54,DIRE
9677,02/01/2026,54N905950,885,3,54,N,0,600,"976227,98","6824992,08",0,3,54,N,885,1485,"975949,53","6824714,61",0,D,0,ACCROCHE,DB3,FB3,DB,DB,FB,FB,0,885,885,54,DIRE
9673,02/01/2026,54N905950,822,4,54,N,0,1485,975980,"6824713,85",0,4,54,N,822,2307,"975951,48","6825108,61",0,D,0,ACCROCHE,DB4,FB4,DB,DB,FR,FR,0,822,822,54,DIRE
11886,02/01/2026,54A903160,480,1,54,N,0,0,"928636,89","6861210,76",0,1,54,N,480,480,"928695,46","6861600,09",0,D,0,ACCROCHE,DB1,FB1,DB,DB,FB,FB,0,480,480,54,GE DIRE
11882,02/01/2026,54A903160,449,2,54,N,0,480,"928664,14","6861666,64",0,2,54,N,449,929,"928359,59","6861823,15",0,D,0,ACCROCHE,DB2,FB2,DB,DB,FB,FB,0,449,449,54,GE DIRE
11880,02/01/2026,54A903160,461,3,54,N,0,929,"928123,54","6862107,33",0,3,54,N,461,1390,"927994,58","6861823,81",0,D,0,ACCROCHE,DB3,FB3,DB,DB,FB,FB,0,461,461,54,GE DIRE
11875,02/01/2026,54A903160,462,4,54,N,0,1390,"928222,48","6861712,72",0,4,54,N,462,1852,"928402,74","6861727,23",0,D,0,ACCROCHE,DB4,FB4,DB,DB,FB,FB,0,462,462,54,GE DIRE
11871,02/01/2026,54A903160,20,5,54,N,0,1852,"928122,74","6861807,15",0,5,54,N,20,1872,"928102,98","6861785,4",0,D,0,ACCROCHE,DB5,FB5,DB,DB,FB,FB,0,20,20,54,GE DIRE
12227,02/01/2026,54A903160,22,6,54,N,0,1872,"928135,92","6861769,33",0,6,54,N,22,1894,"928149,16","6861798,3",0,D,0,ACCROCHE,DB6,FB6,DB,DB,FB,FB,0,22,22,54,GE DIRE
12220,02/01/2026,54A903160,24,7,54,N,0,1894,"928685,02","6861623,78",0,7,54,N,24,1918,"928645,42","6861620,53",0,D,0,ACCROCHE,DB7,FB7,DB,DB,FR,FR,0,24,24,54,GE DIRE
11957,02/01/2026,54A903145,870,1,54,N,0,0,"931943,72","6853410,19",0,1,54,N,870,870,"931714,54","6854126,02",0,D,0,ACCROCHE,DB1,FB1,DB,DB,FB,FB,0,870,870,54,GE DIRE
11956,02/01/2026,54A903145,530,2,54,N,0,870,"931654,95","6854076,57",0,2,54,N,530,1400,"931824,05","6853601,41",0,D,0,ACCROCHE,DB2,FB2,DB,DB,FB,FB,0,530,530,54,GE DIRE
11955,02/01/2026,54A903145,322,3,54,N,0,1400,"931784,83","6854001,37",0,3,54,N,322,1722,"931687,66","6854067,99",0,D,0,ACCROCHE,DB3,FB3,DB,DB,FB,FB,0,322,322,54,GE DIRE
11954,02/01/2026,54A903145,467,4,54,N,0,1722,"931831,56","6853952,22",0,4,54,N,467,2189,"931790,87","6853787,27",0,D,0,ACCROCHE,DB4,FB4,DB,DB,FB,FB,0,467,467,54,GE DIRE
11949,02/01/2026,54A903145,83,5,54,N,0,2189,"931911,94","6853718,22",0,5,54,N,83,2272,"932005,43","6853729,16",0,D,0,ACCROCHE,DB5,FB5,DB,DB,FB,FB,0,83,83,54,GE DIRE
11948,02/01/2026,54A903145,45,6,54,N,0,2272,"931935,73","6853816,91",0,6,54,N,45,2317,"931889,81","6853799,32",0,D,0,ACCROCHE,DB6,FB6,DB,DB,FR,FR,0,45,45,54,GE DIRE
11947,02/01/2026,54A903150,309,1,54,N,0,0,"932041,83","6854605,02",0,1,54,N,309,309,"932254,12","6854650,04",0,D,0,ACCROCHE,DB1,FB1,DB,DB,FB,FB,0,309,309,54,GE DIRE
11946,02/01/2026,54A903150,820,2,54,N,0,309,"932362,28","6854572,86",0,2,54,N,820,1129,"931832,81","6855255,7",0,D,0,ACCROCHE,DB2,FB2,DB,DB,FB,FB,0,820,820,54,GE DIRE
11945,02/01/2026,54A903150,871,3,54,N,0,1129,"931734,24","6855353,13",0,3,54,N,871,2000,"932254,12","6854650,04",0,D,0,ACCROCHE,DB3,FB3,DB,DB,FB,FB,0,871,871,54,GE DIRE
11902,02/01/2026,54A903150,781,4,54,N,0,2000,"932312,02","6854619,76",0,4,54,N,781,2781,"931993,68","6854963,09",0,D,0,ACCROCHE,DB4,FB4,DB,DB,FR,FR,0,781,781,54,GE DIRE
11959,02/01/2026,54A903140,815,1,54,N,0,0,"933297,51","6851642,12",0,1,54,N,815,815,"932831,44","6852213,18",0,D,0,ACCROCHE,DB1,FB1,DB,DB,FB,FB,0,815,815,54,GE DIRE
11958,02/01/2026,54A903140,1020,2,54,N,0,815,"932405,19","6852432,22",0,2,54,N,1020,1835,"933233,64","6851896,71",0,D,0,ACCROCHE,DB2,FB2,DB,DB,FR,FR,0,1020,1020,54,GE DIRE
11901,02/01/2026,54A903155,311,1,54,N,0,0,"930991,96","6857330,61",0,1,54,N,311,311,"931092,28","6857586,53",0,D,0,ACCROCHE,DB1,FB1,DB,DB,FB,FB,0,311,311,54,GE DIRE
11900,02/01/2026,54A903155,139,2,54,N,0,311,"931073,28","6857631,17",0,2,54,N,139,450,931036,"6857749,21",0,D,0,ACCROCHE,DB2,FB2,DB,DB,FB,FB,0,139,139,54,GE DIRE
11899,02/01/2026,54A903155,303,3,54,N,0,450,"931012,73","6857683,38",0,3,54,N,303,753,"930901,68","6857398,09",0,D,0,ACCROCHE,DB3,FB3,DB,DB,FB,FB,0,303,303,54,GE DIRE
11889,02/01/2026,54A903155,275,4,54,N,0,753,"930910,08","6857352,65",0,4,54,N,275,1028,"930960,54","6857061,4",0,D,0,ACCROCHE,DB4,FB4,DB,DB,FR,FR,0,275,275,54,GE DIRE
38712,02/01/2026,54A931301,162,1,54,N,0,0,"925552,38","6870376,41",0,1,54,N,162,162,"925614,55","6870476,22",0,D,0,ACCROCHE,DB1,FB1,DB,DB,FR,FR,0,162,162,54,GE DIRE
10825,02/01/2026,54N900455,285,1,54,N,0,0,"983299,86","6840324,01",0,1,54,N,285,285,"983552,28","6840465,75",0,D,0,ACCROCHE,DB1,FB1,DB,DB,FB,FB,0,285,285,54,GE DIRE
10817,02/01/2026,54N900455,370,3,54,N,0,285,"983755,92","6840790,62",0,3,54,N,370,655,"983434,13","6840608,75",0,D,0,ACCROCHE,DB3,FB3,DB,DB,FB,FB,0,370,370,54,GE DIRE
10811,02/01/2026,54N900455,300,4,54,N,0,655,"983411,21","6840579,92",0,4,54,N,300,955,"983274,59","6840312,73",0,D,0,ACCROCHE,DB4,FB4,DB,DB,FR,FR,0,300,300,54,GE DIRE
9672,02/01/2026,54N905960,377,1,54,N,0,0,"978213,76","6822174,61",0,1,54,N,377,377,"978492,94","6821929,37",0,D,0,ACCROCHE,DB1,FB1,DB,DB,FB,FB,0,377,377,54,DIRE
9669,02/01/2026,54N905960,314,2,54,N,0,377,"978541,56","6821913,16",0,2,54,N,314,691,"978832,87","6821924,79",0,D,0,ACCROCHE,DB2,FB2,DB,DB,FB,FB,0,314,314,54,DIRE
9668,02/01/2026,54N905960,455,3,54,N,0,691,"978816,37","6821937,81",0,3,54,N,455,1146,"978510,99","6821937,11",0,D,0,ACCROCHE,DB3,FB3,DB,DB,FB,FB,0,455,455,54,DIRE
9667,02/01/2026,54N905960,385,4,54,N,0,1146,"978534,8","6821927,91",0,4,54,N,385,1531,"978523,95","6822002,36",0,D,0,ACCROCHE,DB4,FB4,DB,DB,FR,FR,0,385,385,54,DIRE
10544,02/01/2026,54N900445,220,1,54,N,0,0,"967033,61","6836560,02",0,1,54,N,220,220,"967248,6","6836514,43",0,D,0,ACCROCHE,DB1,FB1,DB,DB,FB,FB,0,220,220,54,GE DIRE
10543,02/01/2026,54N900445,264,2,54,N,0,220,"967252,01","6836520,3",0,2,54,N,264,484,"967482,93","6836605,28",0,D,0,ACCROCHE,DB2,FB2,DB,DB,FB,FB,0,264,264,54,GE DIRE
10460,02/01/2026,54N900445,296,3,54,N,0,484,"967941,2","6836644,77",0,3,54,N,296,780,"967678,92","6836727,61",0,D,0,ACCROCHE,DB3,FB3,DB,DB,FB,FB,0,296,296,54,GE DIRE
10861,02/01/2026,54N900445,198,4,54,N,0,780,"967654,28","6836729,31",0,4,54,N,198,978,"967556,56","6836627,21",0,D,0,ACCROCHE,DB4,FB4,DB,DB,FR,FR,0,198,198,54,GE DIRE
30776,02/01/2026,54N905910,942,1,54,N,0,0,"962185,73","6834379,81",0,1,54,N,942,942,"962550,95","6833537,15",0,D,0,ACCROCHE,DB1,FB1,DB,DB,FB,FB,0,942,942,54,DIRE
30775,02/01/2026,54N905910,527,4,54,N,0,1360,"962516,37","6833965,28",0,4,54,N,527,1887,"962213,08","6834364,98",0,D,0,ACCROCHE,DB4,FB4,DB,DB,FR,FR,0,527,527,54,DIRE
9854,02/01/2026,54N905910,138,2,54,N,0,942,"962794,12","6833285,71",0,2,54,N,138,1080,"962928,41","6833263,14",0,D,0,ACCROCHE,DB2,FB2,DB,DB,FB,FB,0,138,138,54,DIRE
9844,02/01/2026,54N905910,280,3,54,N,0,1080,"962493,99","6833729,06",0,3,54,N,280,1360,"962507,53","6833936,37",0,D,0,ACCROCHE,DB3,FB3,DB,DB,FB,FB,0,280,280,54,DIRE
9979,02/01/2026,54N905905,295,1,54,N,0,0,"960588,67","6835842,93",0,1,54,N,295,295,"960475,34","6835626,33",0,D,0,ACCROCHE,DB1,FB1,DB,DB,FB,FB,0,295,295,54,DIRE
9973,02/01/2026,54N905905,620,2,54,N,0,295,"960541,95","6835609,82",0,2,54,N,620,915,"961046,21","6835360,15",0,D,0,ACCROCHE,DB2,FB2,DB,DB,FB,FB,0,620,620,54,DIRE
9937,02/01/2026,54N905905,760,3,54,N,0,915,"961089,84","6835336,63",0,3,54,N,760,1675,"960833,98","6835598,77",0,D,0,ACCROCHE,DB3,FB3,DB,DB,FB,FB,0,760,760,54,DIRE
9932,02/01/2026,54N905905,340,4,54,N,0,1675,"961032,62","6835607,75",0,4,54,N,340,2015,"960760,14","6835729,33",0,D,0,ACCROCHE,DB4,FB4,DB,DB,FB,FB,0,340,340,54,DIRE
9929,02/01/2026,54N905905,74,5,54,N,0,2015,"960796,03","6835452,5",0,5,54,N,74,2089,"960874,64","6835448,52",0,D,0,ACCROCHE,DB5,FB5,DB,DB,FB,FB,0,74,74,54,DIRE
9928,02/01/2026,54N905905,250,8,54,N,0,2089,"960867,62","6835479,86",0,8,54,N,250,2339,"960808,8","6835589,4",0,D,0,ACCROCHE,DB8,FB8,DB,DB,FB,FB,0,250,250,54,DIRE
9893,02/01/2026,54N905905,514,9,54,N,0,2339,"960981,45","6835422,41",0,9,54,N,514,2853,"960633,12","6835798,48",0,D,0,ACCROCHE,DB9,FB9,DB,DB,FR,FR,0,514,514,54,DIRE
10609,02/01/2026,54N900440,320,1,54,N,0,0,"956871,44","6836267,53",0,1,54,N,320,320,"956833,81","6836098,98",0,D,0,ACCROCHE,DB1,FB1,DB,DB,FB,FB,0,320,320,54,GE DIRE
10600,02/01/2026,54N900440,405,2,54,N,0,320,"956836,67","6836092,31",0,2,54,N,405,725,"957214,91","6836172,38",0,D,0,ACCROCHE,DB2,FB2,DB,DB,FB,FB,0,405,405,54,GE DIRE
10549,02/01/2026,54N900440,416,3,54,N,0,725,"957101,8","6836219,88",0,3,54,N,416,1141,"956767,32","6836422,38",0,D,0,ACCROCHE,DB3,FB3,DB,DB,FB,FB,0,416,416,54,GE DIRE
10545,02/01/2026,54N900440,340,4,54,N,0,1141,"956764,37","6836403,48",0,4,54,N,340,1481,"956895,25","6836272,79",0,D,0,ACCROCHE,DB4,FB4,DB,DB,FR,FR,0,340,340,54,GE DIRE
16225,02/01/2026,54N900435,688,1,54,N,0,0,"948992,76","6839112,65",0,1,54,N,688,688,"949404,66","6839208,53",0,D,0,ACCROCHE,DB1,FB1,DB,DB,FB,FB,0,688,688,54,GE DIRE
16224,02/01/2026,54N900435,567,2,54,N,0,688,"949388,74","6839215,12",0,2,54,N,567,1255,"949250,36","6839000,27",0,D,0,ACCROCHE,DB2,FB2,DB,DB,FB,FB,0,567,567,54,GE DIRE
16223,02/01/2026,54N900435,217,3,54,N,0,1255,"949425,24","6838899,3",0,3,54,N,217,1472,"949341,63","6839080,71",0,D,0,ACCROCHE,DB3,FB3,DB,DB,FB,FB,0,217,217,54,GE DIRE
16222,02/01/2026,54N900435,283,4,54,N,0,1472,"949341,34","6839089,37",0,4,54,N,283,1755,"949078,26","6839092,61",0,D,0,ACCROCHE,DB4,FB4,DB,DB,FR,FR,0,283,283,54,GE DIRE
10362,02/01/2026,54N905760,323,1,54,N,0,0,"938991,63","6818144,71",0,1,54,N,323,323,"938978,16","6817815,69",0,D,0,ACCROCHE,DB1,FB1,DB,DB,FB,FB,0,323,323,54,DIRE
10020,02/01/2026,54N905760,294,2,54,N,0,323,"938968,02","6817810,79",0,2,54,N,294,617,"939110,06","6817545,66",0,D,0,ACCROCHE,DB2,FB2,DB,DB,FB,FB,0,294,294,54,DIRE
10015,02/01/2026,54N905760,423,3,54,N,0,617,"939139,71","6817448,21",0,3,54,N,423,1040,"939119,04","6817882,84",0,D,0,ACCROCHE,DB3,FB3,DB,DB,FB,FB,0,423,423,54,DIRE
10013,02/01/2026,54N905760,356,4,54,N,0,1040,"939132,93","6817889,66",0,4,54,N,356,1396,"938989,78","6818209,97",0,D,0,ACCROCHE,DB4,FB4,DB,DB,FB,FB,0,356,356,54,DIRE
10000,02/01/2026,54N905760,24,5,54,N,0,1396,"939018,7","6817834,93",0,5,54,N,24,1420,"939019,22","6817802,75",0,D,0,ACCROCHE,DB5,FB5,DB,DB,FB,FB,0,24,24,54,DIRE
9994,02/01/2026,54N905760,24,6,54,N,0,1420,"939085,53","6817866,53",0,6,54,N,24,1444,"939081,93","6817902,04",0,D,0,ACCROCHE,DB6,FB6,DB,DB,FR,FR,0,24,24,54,DIRE
12164,02/01/2026,54A903175,325,1,54,N,0,0,"927941,9","6874940,67",0,1,54,N,325,325,"928074,46","6875237,4",0,D,0,ACCROCHE,DB1,FB1,DB,DB,FB,FB,0,325,325,54,GE DIRE
12162,02/01/2026,54A903175,325,2,54,N,0,325,"928046,2","6875276,49",0,2,54,N,325,650,"927961,46","6875565,83",0,D,0,ACCROCHE,DB2,FB2,DB,DB,FB,FB,0,325,325,54,GE DIRE
12159,02/01/2026,54A903175,370,3,54,N,0,650,"927941,3","6875469,52",0,3,54,N,370,1020,"927869,3","6875116,43",0,D,0,ACCROCHE,DB3,FB3,DB,DB,FB,FB,0,370,370,54,GE DIRE
12155,02/01/2026,54A903175,241,4,54,N,0,1020,"927765,32","6874998,81",0,4,54,N,241,1261,"927920,13","6874936,76",0,D,0,ACCROCHE,DB4,FB4,DB,DB,FB,FB,0,241,241,54,GE DIRE
11794,02/01/2026,54A903175,52,6,54,N,0,1261,"927839,39","6875089,31",0,6,54,N,52,1313,"927855,25","6875027,61",0,D,0,ACCROCHE,DB6,FB6,DB,DB,FB,FB,0,52,52,54,GE DIRE
11792,02/01/2026,54A903175,26,8,54,N,0,1313,"927884,03","6875179,07",0,8,54,N,26,1339,"927908,45","6875147,68",0,D,0,ACCROCHE,DB8,FB8,DB,DB,FR,FR,0,26,26,54,GE DIRE
12210,02/01/2026,54A903165,1158,1,54,N,0,0,"927047,51","6868926,64",0,1,54,N,1158,1158,"926677,96","6869580,31",0,D,0,ACCROCHE,DB1,FB1,DB,DB,FB,FB,0,1158,1158,54,GE DIRE
12201,02/01/2026,54A903165,656,2,54,N,0,1158,"926684,56","6869568,14",0,2,54,N,656,1814,"927031,42","6869085,24",0,D,0,ACCROCHE,DB2,FB2,DB,DB,FR,FR,0,656,656,54,GE DIRE
12198,02/01/2026,54A903170,295,1,54,N,0,0,"927169,01","6869813,18",0,1,54,N,295,295,"927325,79","6870032,22",0,D,0,ACCROCHE,DB1,FB1,DB,DB,FB,FB,0,295,295,54,GE DIRE
12194,02/01/2026,54A903170,229,2,54,N,0,295,"927325,79","6870032,22",0,2,54,N,229,524,"927311,89","6870228,6",0,D,0,ACCROCHE,DB2,FB2,DB,DB,FB,FB,0,229,229,54,GE DIRE
12190,02/01/2026,54A903170,296,3,54,N,0,524,"927311,87","6870286,3",0,3,54,N,296,820,"927131,89","6870053,48",0,D,0,ACCROCHE,DB3,FB3,DB,DB,FB,FB,0,296,296,54,GE DIRE
12184,02/01/2026,54A903170,228,4,54,N,0,820,"927131,89","6870053,48",0,4,54,N,228,1048,"927153,44","6869833,66",0,D,0,ACCROCHE,DB4,FB4,DB,DB,FB,FB,0,228,228,54,GE DIRE
12178,02/01/2026,54A903170,25,5,54,N,0,1048,"927298,54","6870001,08",0,5,54,N,25,1073,"927293,54",6870036,0,D,0,ACCROCHE,DB5,FB5,DB,DB,FB,FB,0,25,25,54,GE DIRE
12173,02/01/2026,54A903170,20,6,54,N,0,1073,"927293,54",6870036,0,6,54,N,20,1093,"927310,94","6870060,04",0,D,0,ACCROCHE,DB6,FB6,DB,DB,FB,FB,0,20,20,54,GE DIRE
12167,02/01/2026,54A903170,31,7,54,N,0,1093,"927169,46","6870087,44",0,7,54,N,31,1124,"927179,12","6870048,38",0,D,0,ACCROCHE,DB7,FB7,DB,DB,FB,FB,0,31,31,54,GE DIRE
12166,02/01/2026,54A903170,25,8,54,N,0,1124,"927179,12","6870048,38",0,8,54,N,25,1149,"927153,52","6870023,21",0,D,0,ACCROCHE,DB8,FB8,DB,DB,FR,FR,0,25,25,54,GE DIRE
10321,02/01/2026,54N905220,229,1,54,N,0,0,"905705,37","6933799,29",0,1,54,N,229,229,"905638,42","6933982,61",0,D,0,ACCROCHE,DB1,FB1,DB,DB,FB,FB,0,229,229,54,GE DIRE
10319,02/01/2026,54N905220,202,2,54,N,0,229,"905641,77","6933983,29",0,2,54,N,202,431,"905499,95","6934106,85",0,D,0,ACCROCHE,DB2,FB2,DB,DB,FB,FB,0,202,202,54,GE DIRE
10308,02/01/2026,54N905220,219,3,54,N,0,431,"905425,06","6934176,79",0,3,54,N,219,650,"905525,64","6933979,77",0,D,0,ACCROCHE,DB3,FB3,DB,DB,FR,FR,0,219,219,54,GE DIRE
10802,02/01/2026,54N905205,374,1,54,N,0,0,"911011,57","6930190,64",0,1,54,N,374,374,"911026,53","6930498,27",0,D,0,ACCROCHE,DB1,FB1,DB,DB,FB,FB,0,374,374,54,GE DIRE
10795,02/01/2026,54N905205,430,2,54,N,0,374,"911000,41","6930501,64",0,2,54,N,430,804,"910631,46","6930681,22",0,D,0,ACCROCHE,DB2,FB2,DB,DB,FB,FB,0,430,430,54,GE DIRE
10794,02/01/2026,54N905205,320,3,54,N,0,804,"910523,29","6930754,03",0,3,54,N,320,1124,"910630,04","6930467,9",0,D,0,ACCROCHE,DB3,FB3,DB,DB,FB,FB,0,320,320,54,GE DIRE
10779,02/01/2026,54N905205,250,4,54,N,0,1124,"910646,58","6930469,22",0,4,54,N,250,1374,"910803,84","6930496,41",0,D,0,ACCROCHE,DB4,FB4,DB,DB,FB,FB,0,250,250,54,GE DIRE
11075,02/01/2026,54N905205,112,5,54,N,0,1374,"910630,04","6930467,9",0,5,54,N,112,1486,"910630,04","6930467,9",0,D,0,ACCROCHE,DB5,FB5,SA,SA,FR,FR,0,112,112,54,GE DIRE
11064,02/01/2026,54N905210,259,1,54,N,0,0,"910179,26","6931069,72",0,1,54,N,259,259,"910051,18","6931292,9",0,D,0,ACCROCHE,DB1,FB1,DB,DB,FB,FB,0,259,259,54,GE DIRE
10430,02/01/2026,54N905210,246,2,54,N,0,259,"910016,02","6931317,49",0,2,54,N,246,505,"909779,9","6931376,62",0,D,0,ACCROCHE,DB2,FB2,DB,DB,FB,FB,0,246,246,54,GE DIRE
10419,02/01/2026,54N905210,231,3,54,N,0,505,"909721,52","6931390,14",0,3,54,N,231,736,"909885,96","6931234,93",0,D,0,ACCROCHE,DB3,FB3,DB,DB,FB,FB,0,231,231,54,GE DIRE
10408,02/01/2026,54N905210,276,4,54,N,0,736,"909921,24","6931252,24",0,4,54,N,276,1012,"910121,22","6931114,87",0,D,0,ACCROCHE,DB4,FB4,DB,DB,FR,FR,0,276,276,54,GE DIRE
10342,02/01/2026,54N905215,77,1,54,N,0,0,"907708,74","6932471,7",0,1,54,N,77,77,"907676,93","6932532,14",0,D,0,ACCROCHE,DB1,FB1,DB,DB,FB,FB,0,77,77,54,GE DIRE
10331,02/01/2026,54N905215,216,2,54,N,0,77,"907291,48","6932786,57",0,2,54,N,216,293,"907094,16","6932797,45",0,D,0,ACCROCHE,DB2,FB2,DB,DB,FB,FB,0,216,216,54,GE DIRE
10326,02/01/2026,54N905215,248,3,54,N,0,293,"907045,4","6932809,95",0,3,54,N,248,541,"907228,13","6932645,8",0,D,0,ACCROCHE,DB3,FB3,DB,DB,FB,FB,0,248,248,54,GE DIRE
10325,02/01/2026,54N905215,204,4,54,N,0,541,"907236,73","6932638,63",0,4,54,N,204,745,"907440,3","6932599,21",0,D,0,ACCROCHE,DB4,FB4,DB,DB,FB,FB,0,204,204,54,GE DIRE
10324,02/01/2026,54N905215,30,5,54,N,0,745,"907213,29","6932678,89",0,5,54,N,30,775,"907241,29","6932666,13",0,D,0,ACCROCHE,DB5,FB5,DB,DB,FB,FB,0,30,30,54,GE DIRE
10323,02/01/2026,54N905215,32,6,54,N,0,775,"907253,25","6932659,08",0,6,54,N,32,807,"907281,89","6932644,13",0,D,0,ACCROCHE,DB6,FB6,DB,DB,FR,FR,0,32,32,54,GE DIRE
10298,02/01/2026,54N905225,175,1,54,N,0,0,"903780,15","6936007,27",0,1,54,N,175,175,"903745,66","6936181,03",0,D,0,ACCROCHE,DB1,FB1,DB,DB,FB,FB,0,175,175,54,GE DIRE
10286,02/01/2026,54N905225,233,2,54,N,0,175,"903745,66","6936181,03",0,2,54,N,233,408,"903596,93","6936358,97",0,D,0,ACCROCHE,DB2,FB2,DB,DB,FB,FB,0,233,233,54,GE DIRE
10595,02/01/2026,54N905225,189,3,54,N,0,408,"903611,84","6936310,91",0,3,54,N,189,597,"903677,35","6936128,35",0,D,0,ACCROCHE,DB3,FB3,DB,DB,FB,FB,0,189,189,54,GE DIRE
10591,02/01/2026,54N905225,184,4,54,N,0,597,"903661,6","6936116,18",0,4,54,N,184,781,"903772,03","6935991,66",0,D,0,ACCROCHE,DB4,FB4,DB,DB,FR,FR,0,184,184,54,GE DIRE
10060,02/01/2026,54N905255,195,1,54,N,0,0,"902458,02","6942358,21",0,1,54,N,195,195,"902595,99","6942221,71",0,D,0,ACCROCHE,DB1,FB1,DB,DB,FB,FB,0,195,195,54,GE DIRE
10056,02/01/2026,54N905255,262,2,54,N,0,195,"902686,16","6942185,97",0,2,54,N,262,457,"902732,55","6942293,54",0,D,0,ACCROCHE,DB2,FB2,DB,DB,FB,FB,0,262,262,54,GE DIRE
10055,02/01/2026,54N905255,130,3,54,N,0,457,"902549,45","6942334,67",0,3,54,N,130,587,"902515,42","6942418,74",0,D,0,ACCROCHE,DB3,FB3,DB,DB,FB,FB,0,130,130,54,GE DIRE
10052,02/01/2026,54N905255,177,4,54,N,0,587,"902513,5","6942425,97",0,4,54,N,177,764,"902360,88","6942413,28",0,D,0,ACCROCHE,DB4,FB4,DB,DB,FR,FR,0,177,177,54,GE DIRE
37230,02/01/2026,51N904418,300,1,51,N,0,0,"806624,91","6866445,26",0,1,51,N,300,300,"806826,57","6866270,52",0,D,0,ACCROCHE,DB1,FB1,DB,DB,FB,FB,0,300,300,51,GE DIRE
37229,02/01/2026,51N904418,330,2,51,N,0,300,"806834,88","6866275,92",0,2,51,N,330,630,"806789,78","6866600,71",0,D,0,ACCROCHE,DB2,FB2,DB,DB,FR,FR,0,330,330,51,GE DIRE
37234,02/01/2026,51N904417,157,5,51,N,0,0,"804850,61","6868818,94",0,5,51,N,157,157,"804850,61","6868818,94",0,D,0,ACCROCHE,DB5,FB5,SA,SA,SA,SA,0,157,157,51,GE DIRE
37233,02/01/2026,51N904417,157,6,51,N,0,157,"805041,64","6869022,11",0,6,51,N,157,314,"805041,64","6869022,11",0,D,0,ACCROCHE,DB6,FB6,SA,SA,SA,SA,0,157,157,51,GE DIRE
37232,02/01/2026,51N904417,232,7,51,N,0,314,"805005,8","6869022,05",0,7,51,N,232,546,"804874,77","6868834,2",0,D,0,ACCROCHE,DB7,FB7,DB,DB,FB,FB,0,232,232,51,GE DIRE
37231,02/01/2026,51N904417,232,8,51,N,0,546,"804890,11","6868824,41",0,8,51,N,232,778,"805019,29","6869012,59",0,D,0,ACCROCHE,DB8,FB8,DB,DB,FR,FR,0,232,232,51,GE DIRE
10590,02/01/2026,54N905230,275,1,54,N,0,0,"902214,71","6937282,13",0,1,54,N,275,275,"902041,68","6937418,68",0,D,0,ACCROCHE,DB1,FB1,DB,DB,FB,FB,0,275,275,54,GE DIRE
10589,02/01/2026,54N905230,237,2,54,N,0,275,"902000,99","6937391,49",0,2,54,N,237,512,"901820,2","6937471,01",0,D,0,ACCROCHE,DB2,FB2,DB,DB,FB,FB,0,237,237,54,GE DIRE
10588,02/01/2026,54N905230,204,3,54,N,0,512,"901853,49","6937446,7",0,3,54,N,204,716,"901994,17","6937313,36",0,D,0,ACCROCHE,DB3,FB3,DB,DB,FR,FR,0,204,204,54,GE DIRE
10068,02/01/2026,54N905250,506,1,54,N,0,0,"901769,65","6942660,64",0,1,54,N,506,506,"901570,72","6942327,32",0,D,0,ACCROCHE,DB1,FB1,DB,DB,FB,FB,0,506,506,54,GE DIRE
10063,02/01/2026,54N905250,742,2,54,N,0,506,"901580,8","6942320,33",0,2,54,N,742,1248,"902206,99","6942468,59",0,D,0,ACCROCHE,DB2,FB2,DB,DB,FB,FB,0,742,742,54,GE DIRE
10062,02/01/2026,54N905250,230,3,54,N,0,1248,"901851,34","6942632,54",0,3,54,N,230,1478,"901638,07","6942715,79",0,D,0,ACCROCHE,DB3,FB3,DB,DB,FB,FB,0,230,230,54,GE DIRE
10061,02/01/2026,54N905250,250,4,54,N,0,1478,"901635,68","6942706,45",0,4,54,N,250,1728,"901400,22","6942657,12",0,D,0,ACCROCHE,DB4,FB4,DB,DB,FR,FR,0,250,250,54,GE DIRE
10077,02/01/2026,54N905245,761,1,54,N,0,0,"899647,34","6940411,5",0,1,54,N,761,761,"900286,59","6940829,5",0,D,0,ACCROCHE,DB1,FB1,DB,DB,FB,FB,0,761,761,54,GE DIRE
10071,02/01/2026,54N905245,933,2,54,N,0,761,"900290,4","6940846,17",0,2,54,N,933,1694,"899644,52","6940561,12",0,D,0,ACCROCHE,DB2,FB2,DB,DB,FR,FR,0,933,933,54,GE DIRE
10276,02/01/2026,54N905240,274,1,54,N,0,0,"899448,93","6939717,71",0,1,54,N,274,274,"899530,75","6939976,09",0,D,0,ACCROCHE,DB1,FB1,DB,DB,FB,FB,0,274,274,54,GE DIRE
10271,02/01/2026,54N905240,205,2,54,N,0,274,"899556,73","6939975,02",0,2,54,N,205,479,"899569,31",6940176,0,D,0,ACCROCHE,DB2,FB2,DB,DB,FB,FB,0,205,205,54,GE DIRE
10255,02/01/2026,54N905240,186,3,54,N,0,479,"899544,47","6940139,51",0,3,54,N,186,665,"899418,04","6939979,31",0,D,0,ACCROCHE,DB3,FB3,DB,DB,FB,FB,0,186,186,54,GE DIRE
10250,02/01/2026,54N905240,265,4,54,N,0,665,"899411,05","6939980,07",0,4,54,N,265,930,"899438,29","6939710,94",0,D,0,ACCROCHE,DB4,FB4,DB,DB,FB,FB,0,265,265,54,GE DIRE
10239,02/01/2026,54N905240,24,5,54,N,0,930,"899453,97","6940007,88",0,5,54,N,24,954,"899460,51","6939978,34",0,D,0,ACCROCHE,DB5,FB5,DB,DB,FB,FB,0,24,24,54,GE DIRE
10099,02/01/2026,54N905240,28,6,54,N,0,954,"899460,51","6939978,34",0,6,54,N,28,982,"899436,24","6939944,97",0,D,0,ACCROCHE,DB6,FB6,DB,DB,FB,FB,0,28,28,54,GE DIRE
10088,02/01/2026,54N905240,23,7,54,N,0,982,"899522,45","6939975,91",0,7,54,N,23,1005,"899536,48","6940002,88",0,D,0,ACCROCHE,DB7,FB7,DB,DB,FR,FR,0,23,23,54,GE DIRE
13151,02/01/2026,54A903330,203,1,54,N,0,0,"947475,17","6838999,18",0,1,54,N,203,203,"947663,63","6838948,78",0,D,0,ACCROCHE,DB1,FB1,DB,DB,FB,FB,0,203,203,54,GE DIRE
13150,02/01/2026,54A903330,149,2,54,N,0,203,"947700,13","6838977,32",0,2,54,N,149,352,"947784,08","6839082,97",0,D,0,ACCROCHE,DB2,FB2,DB,DB,FB,FB,0,149,149,54,GE DIRE
13149,02/01/2026,54A903330,402,3,54,N,0,352,"947877,3","6839114,63",0,3,54,N,402,754,"947500,18","6839116,1",0,D,0,ACCROCHE,DB3,FB3,DB,DB,FB,FB,0,402,402,54,GE DIRE
13148,02/01/2026,54A903330,318,4,54,N,0,754,"947538,64","6839086,27",0,4,54,N,318,1072,"947616,47","6839051,33",0,D,0,ACCROCHE,DB4,FB4,DB,DB,FR,FR,0,318,318,54,GE DIRE
13013,02/01/2026,54A903325,695,1,54,N,0,0,"945642,13","6838978,45",0,1,54,N,695,695,"946001,59","6838423,88",0,D,0,ACCROCHE,DB1,FB1,DB,DB,FB,FB,0,695,695,54,GE DIRE
13012,02/01/2026,54A903325,305,2,54,N,0,695,"946725,09","6838961,2",0,2,54,N,305,1000,"946728,43","6838740,37",0,D,0,ACCROCHE,DB2,FB2,DB,DB,FB,FB,0,305,305,54,GE DIRE
13011,02/01/2026,54A903325,47,3,54,N,0,1000,"946003,94","6838476,54",0,3,54,N,47,1047,"946046,99","6838445,79",0,D,0,ACCROCHE,DB3,FB3,DB,DB,FR,FR,0,47,47,54,GE DIRE
10041,02/01/2026,54N905755,399,1,54,N,0,0,"940062,99","6824057,38",0,1,54,N,399,399,"940014,79","6823648,56",0,D,0,ACCROCHE,DB1,FB1,DB,DB,FB,FB,0,399,399,54,DIRE
10032,02/01/2026,54N905755,425,2,54,N,0,399,"940003,69","6823647,45",0,2,54,N,425,824,"939996,21","6823243,28",0,D,0,ACCROCHE,DB2,FB2,DB,DB,FB,FB,0,425,425,54,DIRE
10392,02/01/2026,54N905755,385,3,54,N,0,824,"940036,33","6823318,19",0,3,54,N,385,1209,"940184,53","6823665,98",0,D,0,ACCROCHE,DB3,FB3,DB,DB,FB,FB,0,385,385,54,DIRE
10375,02/01/2026,54N905755,300,4,54,N,0,1209,"940184,53","6823665,98",0,4,54,N,300,1509,"940097,55","6823928,56",0,D,0,ACCROCHE,DB4,FB4,DB,DB,FB,FB,0,300,300,54,DIRE
10369,02/01/2026,54N905755,24,5,54,N,0,1509,940069,"6823654,09",0,5,54,N,24,1533,"940053,04","6823622,44",0,D,0,ACCROCHE,DB5,FB5,DB,DB,FR,FR,0,24,24,54,DIRE
13155,02/01/2026,54A903315,202,1,54,N,0,0,"936406,75","6840133,56",0,1,54,N,202,202,"936529,46","6840031,95",0,D,0,ACCROCHE,DB1,FB1,DB,DB,FB,FB,0,202,202,54,GE DIRE
13154,02/01/2026,54A903315,224,2,54,N,0,202,"936543,65","6840035,1",0,2,54,N,224,426,"936678,79","6840145,29",0,D,0,ACCROCHE,DB2,FB2,DB,DB,FB,FB,0,224,224,54,GE DIRE
13153,02/01/2026,54A903315,345,3,54,N,0,426,"936740,77","6840161,55",0,3,54,N,345,771,"936429,83","6840262,99",0,D,0,ACCROCHE,DB3,FB3,DB,DB,FB,FB,0,345,345,54,GE DIRE
13152,02/01/2026,54A903315,354,4,54,N,0,771,"936429,73","6840259,12",0,4,54,N,354,1125,"936381,82","6840142,96",0,D,0,ACCROCHE,DB4,FB4,DB,DB,FR,FR,0,354,354,54,GE DIRE
10337,02/01/2026,54A933030,367,1,54,N,0,0,"934447,12","6840344,63",0,1,54,N,367,367,"934306,06","6839980,88",0,D,0,ACCROCHE,DB1,FB1,DB,DB,FB,FB,0,367,367,54,DIRE
10336,02/01/2026,54A933030,205,2,54,N,0,367,"934301,04","6839982,67",0,2,54,N,205,572,"934265,38","6839761,17",0,D,0,ACCROCHE,DB2,FB2,DB,DB,FB,FB,0,205,205,54,DIRE
10335,02/01/2026,54A933030,240,3,54,N,0,572,"934265,63","6839722,07",0,3,54,N,240,812,"934377,77","6839940,49",0,D,0,ACCROCHE,DB3,FB3,DB,DB,FB,FB,0,240,240,54,DIRE
10334,02/01/2026,54A933030,354,4,54,N,0,812,"934375,17","6839942,03",0,4,54,N,354,1166,"934446,53","6840302,18",0,D,0,ACCROCHE,DB4,FB4,DB,DB,FR,FR,0,354,354,54,DIRE
10401,02/01/2026,54A933025,434,1,54,N,0,0,"934436,12","6841596,26",0,1,54,N,434,434,"934336,03","6841246,54",0,D,0,ACCROCHE,DB1,FB1,DB,DB,FB,FB,0,434,434,54,DIRE
10345,02/01/2026,54A933025,927,2,54,N,0,434,"934438,79","6841500,95",0,2,54,N,927,1361,"934715,43","6840741,12",0,D,0,ACCROCHE,DB2,FB2,DB,DB,FB,FB,0,927,927,54,DIRE
10344,02/01/2026,54A933025,356,3,54,N,0,1361,"934543,1","6840623,75",0,3,54,N,356,1717,"934819,49","6840664,98",0,D,0,ACCROCHE,DB3,FB3,DB,DB,FB,FB,0,356,356,54,DIRE
10343,02/01/2026,54A933025,753,4,54,N,0,1717,"934792,14","6840714,69",0,4,54,N,753,2470,"934485,65","6841405,85",0,D,0,ACCROCHE,DB4,FB4,DB,DB,FB,FB,0,753,753,54,DIRE
10341,02/01/2026,54A933025,310,5,54,N,0,2470,"934496,83","6841060,39",0,5,54,N,310,2780,"934550,55","6841048,17",0,D,0,ACCROCHE,DB5,FB5,DB,DB,FB,FB,0,310,310,54,DIRE
10340,02/01/2026,54A933025,323,6,54,N,0,2780,"934447,26","6841100,01",0,6,54,N,323,3103,"934560,77","6840800,39",0,D,0,ACCROCHE,DB6,FB6,DB,DB,FB,FB,0,323,323,54,DIRE
10339,02/01/2026,54A933025,191,7,54,N,0,3103,"934629,4","6840886,52",0,7,54,N,191,3294,"934576,29","6840868,54",0,D,0,ACCROCHE,DB7,FB7,DB,DB,FB,FB,0,191,191,54,DIRE
10338,02/01/2026,54A933025,381,8,54,N,0,3294,"934569,82","6840996,21",0,8,54,N,381,3675,"934605,15","6840933,31",0,D,0,ACCROCHE,DB8,FB8,DB,DB,FR,FR,0,381,381,54,DIRE
10051,02/01/2026,54N905750,351,1,54,N,0,0,"935304,44","6832874,38",0,1,54,N,351,351,"935357,37","6832534,34",0,D,0,ACCROCHE,DB1,FB1,DB,DB,FB,FB,0,351,351,54,DIRE
10044,02/01/2026,54N905750,322,2,54,N,0,351,"935369,26","6832974,86",0,2,54,N,322,673,"935137,98","6833191,71",0,D,0,ACCROCHE,DB2,FB2,DB,DB,FR,FR,0,322,322,54,DIRE
10330,02/01/2026,54A933040,758,1,54,N,0,0,"934113,94","6835464,22",0,1,54,N,758,758,"934468,07","6835437,06",0,D,0,ACCROCHE,DB1,FB1,DB,DB,FB,FB,0,758,758,54,DIRE
10329,02/01/2026,54A933040,873,2,54,N,0,758,"934476,43","6835444,94",0,2,54,N,873,1631,"934124,97","6835194,59",0,D,0,ACCROCHE,DB2,FB2,DB,DB,FB,FB,0,873,873,54,DIRE
10328,02/01/2026,54A933040,435,3,54,N,0,1631,"934149,33","6835148,18",0,3,54,N,435,2066,"934232,37","6835557,06",0,D,0,ACCROCHE,DB3,FB3,DB,DB,FB,FB,0,435,435,54,DIRE
10327,02/01/2026,54A933040,297,4,54,N,0,2066,"934338,67","6836074,15",0,4,54,N,297,2363,"934274,4","6836371,48",0,D,0,ACCROCHE,DB4,FB4,DB,DB,FR,FR,0,297,297,54,DIRE
10333,02/01/2026,54A933035,234,1,54,N,0,0,"934094,09","6839213,66",0,1,54,N,234,234,"933936,98","6839047,62",0,D,0,ACCROCHE,DB1,FB1,DB,DB,FB,FB,0,234,234,54,DIRE
10332,02/01/2026,54A933035,397,2,54,N,0,234,"933943,66","6839010,9",0,2,54,N,397,631,"934131,66","6839291,7",0,D,0,ACCROCHE,DB2,FB2,DB,DB,FR,FR,0,397,397,54,DIRE
13017,02/01/2026,54A903320,405,1,54,N,0,0,"940820,58","6840362,78",0,1,54,N,405,405,"941207,34","6840270,2",0,D,0,ACCROCHE,DB1,FB1,DB,DB,FB,FB,0,405,405,54,GE DIRE
13016,02/01/2026,54A903320,180,2,54,N,0,405,"941262,72","6840255,75",0,2,54,N,180,585,"941435,72","6840304,61",0,D,0,ACCROCHE,DB2,FB2,DB,DB,FB,FB,0,180,180,54,GE DIRE
13015,02/01/2026,54A903320,219,3,54,N,0,585,"941577,14","6840276,19",0,3,54,N,219,804,"941401,98","6840396,32",0,D,0,ACCROCHE,DB3,FB3,DB,DB,FB,FB,0,219,219,54,GE DIRE
13014,02/01/2026,54A903320,333,4,54,N,0,804,"941355,13","6840429,08",0,4,54,N,333,1137,"941009,33","6840377,6",0,D,0,ACCROCHE,DB4,FB4,DB,DB,FR,FR,0,333,333,54,GE DIRE
10407,02/01/2026,54A933015,439,1,54,N,0,0,"934302,14","6842730,07",0,1,54,N,439,439,"934402,08","6842453,78",0,D,0,ACCROCHE,DB1,FB1,DB,DB,FB,FB,0,439,439,54,DIRE
10406,02/01/2026,54A933015,306,2,54,N,0,439,"934401,24","6842459,45",0,2,54,N,306,745,"934316,83","6842494,48",0,D,0,ACCROCHE,DB2,FB2,DB,DB,FB,FB,0,306,306,54,DIRE
10405,02/01/2026,54A933015,317,3,54,N,0,745,"934365,13","6842532,06",0,3,54,N,317,1062,"934317,14","6842850,01",0,D,0,ACCROCHE,DB3,FB3,DB,DB,FR,FR,0,317,317,54,DIRE
10412,02/01/2026,54A933005,161,1,54,N,0,0,"934571,67","6844586,72",0,1,54,N,161,161,"934538,14","6844433,06",0,D,0,ACCROCHE,DB1,FB1,DB,DB,FB,FB,0,161,161,54,DIRE
10411,02/01/2026,54A933005,76,2,54,N,0,161,"934599,59","6844571,68",0,2,54,N,76,237,"934639,3","6844641,18",0,D,0,ACCROCHE,DB2,FB2,DB,DB,FR,FR,0,76,76,54,DIRE
10404,02/01/2026,54A933020,308,1,54,N,0,0,"934352,59","6842160,77",0,1,54,N,308,308,"934292,83","6841860,84",0,D,0,ACCROCHE,DB1,FB1,DB,DB,FB,FB,0,308,308,54,DIRE
10403,02/01/2026,54A933020,192,2,54,N,0,308,"934361,31","6841925,63",0,2,54,N,192,500,"934377,19","6841971,29",0,D,0,ACCROCHE,DB2,FB2,DB,DB,FB,FB,0,192,192,54,DIRE
10402,02/01/2026,54A933020,380,3,54,N,0,500,"934429,99","6841733,41",0,3,54,N,380,880,"934460,41","6842108,73",0,D,0,ACCROCHE,DB3,FB3,DB,DB,FR,FR,0,380,380,54,DIRE
10410,02/01/2026,54A933010,241,1,54,N,0,0,"934267,83","6843817,45",0,1,54,N,241,241,"934289,92","6843576,33",0,D,0,ACCROCHE,DB1,FB1,DB,DB,FB,FB,0,241,241,54,DIRE
10409,02/01/2026,54A933010,233,2,54,N,0,241,"934306,71","6843632,31",0,2,54,N,233,474,"934424,99","6843837,3",0,D,0,ACCROCHE,DB2,FB2,DB,DB,FR,FR,0,233,233,54,DIRE
13170,02/01/2026,54A903310,292,1,54,N,0,0,"931030,63","6843205,84",0,1,54,N,292,292,"931170,78","6842969,86",0,D,0,ACCROCHE,DB1,FB1,DB,DB,FB,FB,0,292,292,54,GE DIRE
13169,02/01/2026,54A903310,225,2,54,N,0,292,"931190,44","6842987,39",0,2,54,N,225,517,"931203,18","6843108,24",0,D,0,ACCROCHE,DB2,FB2,DB,DB,FB,FB,0,225,225,54,GE DIRE
13168,02/01/2026,54A903310,339,3,54,N,0,517,"931204,1","6842992,43",0,3,54,N,339,856,"931521,41","6842982,86",0,D,0,ACCROCHE,DB3,FB3,DB,DB,FB,FB,0,339,339,54,GE DIRE
13167,02/01/2026,54A903310,278,4,54,N,0,856,"931354,24","6843039,44",0,4,54,N,278,1134,"931258,32","6843041,43",0,D,0,ACCROCHE,DB4,FB4,DB,DB,FB,FB,0,278,278,54,GE DIRE
13166,02/01/2026,54A903310,265,5,54,N,0,1134,"931551,36","6842983,83",0,5,54,N,265,1399,"931416,7","6843182,7",0,D,0,ACCROCHE,DB5,FB5,DB,DB,FB,FB,0,265,265,54,GE DIRE
13158,02/01/2026,54A903310,182,6,54,N,0,1399,"931370,56","6843141,91",0,6,54,N,182,1581,"931384,08","6843041,66",0,D,0,ACCROCHE,DB6,FB6,DB,DB,FB,FB,0,182,182,54,GE DIRE
13157,02/01/2026,54A903310,333,7,54,N,0,1581,"931407,58","6843174,7",0,7,54,N,333,1914,"931094,74","6843177,9",0,D,0,ACCROCHE,DB7,FB7,DB,DB,FB,FB,0,333,333,54,GE DIRE
13156,02/01/2026,54A903310,305,8,54,N,0,1914,"931270,8","6843088,76",0,8,54,N,305,2219,"931378,61","6843148,82",0,D,0,ACCROCHE,DB8,FB8,DB,DB,FR,FR,0,305,305,54,GE DIRE
13396,02/01/2026,54A903305,299,4,54,N,0,2380,"929294,79","6848446,36",0,4,54,N,299,2679,"929340,01","6848463,33",0,D,0,ACCROCHE,DB4,FB4,DB,DB,FB,FB,0,299,299,54,GE DIRE
13175,02/01/2026,54A903305,636,1,54,N,0,0,"928959,44","6848322,53",0,1,54,N,636,636,929321,"6847849,79",0,D,0,ACCROCHE,DB1,FB1,DB,DB,FB,FB,0,636,636,54,GE DIRE
13174,02/01/2026,54A903305,910,2,54,N,0,636,"929372,74","6847680,17",0,2,54,N,910,1546,"929746,67","6848399,09",0,D,0,ACCROCHE,DB2,FB2,DB,DB,FB,FB,0,910,910,54,GE DIRE
13173,02/01/2026,54A903305,834,3,54,N,0,1546,"929354,78","6847885,95",0,3,54,N,834,2380,"928925,78","6848356,9",0,D,0,ACCROCHE,DB3,FB3,DB,DB,FB,FB,0,834,834,54,GE DIRE
13172,02/01/2026,54A903305,1162,5,54,N,0,2679,"929898,34","6848425,98",0,5,54,N,1162,3841,"928750,4","6848337,34",0,D,0,ACCROCHE,DB5,FB5,DB,DB,FB,FB,0,1162,1162,54,GE DIRE
13171,02/01/2026,54A903305,587,6,54,N,0,3841,"929331,62","6848318,72",0,6,54,N,587,4428,"929906,67","6848412,93",0,D,0,ACCROCHE,DB6,FB6,DB,DB,FR,FR,0,587,587,54,GE DIRE
20390,02/01/2026,54A903125,247,1,54,N,0,0,"925716,32","6847980,33",0,1,54,N,247,247,"925963,55","6847959,56",0,D,0,ACCROCHE,DB1,FB1,DB,DB,FB,FB,0,247,247,54,GE DIRE
20389,02/01/2026,54A903125,321,2,54,N,0,247,"926000,1","6847970,11",0,2,54,N,321,568,"926300,17","6848079,27",0,D,0,ACCROCHE,DB2,FB2,DB,DB,FB,FB,0,321,321,54,GE DIRE
20388,02/01/2026,54A903125,441,3,54,N,0,568,"926407,59","6848111,06",0,3,54,N,441,1009,"925974,91","6848103,56",0,D,0,ACCROCHE,DB3,FB3,DB,DB,FB,FB,0,441,441,54,GE DIRE
20387,02/01/2026,54A903125,226,4,54,N,0,1009,"923943,36","6847855,47",0,4,54,N,226,1235,923719,"6847788,45",0,D,0,ACCROCHE,DB4,FB4,DB,DB,FB,FB,0,226,226,54,GE DIRE
20386,02/01/2026,54A903125,141,5,54,N,0,1235,"925963,55","6847959,56",0,5,54,N,141,1376,"925963,55","6847959,56",0,D,0,ACCROCHE,DB5,FB5,SA,SA,SA,SA,0,141,141,54,GE DIRE
20384,02/01/2026,54A903125,102,6,54,N,0,1376,"925985,48","6847980,66",0,6,54,N,102,1478,"925966,21","6848087,89",0,D,0,ACCROCHE,DB6,FB6,DB,DB,FB,FB,0,102,102,54,GE DIRE
20383,02/01/2026,54A903125,103,7,54,N,0,1478,"925944,5","6848085,11",0,7,54,N,103,1581,"925969,87","6847975,92",0,D,0,ACCROCHE,DB7,FB7,DB,DB,FR,FR,0,103,103,54,GE DIRE
12431,02/01/2026,54A903120,629,1,54,N,0,0,"919098,4","6847353,57",0,1,54,N,629,629,"919451,16","6847559,91",0,D,0,ACCROCHE,DB1,FB1,DB,DB,FB,FB,0,629,629,54,GE DIRE
12429,02/01/2026,54A903120,588,2,54,N,0,629,"919434,82","6847579,42",0,2,54,N,588,1217,"919357,85","6847370,97",0,D,0,ACCROCHE,DB2,FB2,DB,DB,FB,FB,0,588,588,54,GE DIRE
12428,02/01/2026,54A903120,310,3,54,N,0,1217,"919678,37","6847386,73",0,3,54,N,310,1527,"919493,03","6847564,07",0,D,0,ACCROCHE,DB3,FB3,DB,DB,FB,FB,0,310,310,54,GE DIRE
12427,02/01/2026,54A903120,261,4,54,N,0,1527,"919469,86","6847555,71",0,4,54,N,261,1788,"919416,73","6847385,26",0,D,0,ACCROCHE,DB4,FB4,DB,DB,FR,FR,0,261,261,54,GE DIRE
11965,02/01/2026,54A903135,1375,1,54,N,0,0,"932597,15","6849891,76",0,1,54,N,1375,1375,"932783,09","6851146,95",0,D,0,ACCROCHE,DB1,FB1,DB,DB,FB,FB,0,1375,1375,54,GE DIRE
11963,02/01/2026,54A903135,1426,2,54,N,0,1375,"932827,54","6851229,43",0,2,54,N,1426,2801,"932597,15","6849891,76",0,D,0,ACCROCHE,DB2,FB2,DB,DB,FR,FR,0,1426,1426,54,GE DIRE
11967,02/01/2026,54A903130,488,1,54,N,0,0,"930668,36","6849275,29",0,1,54,N,488,488,"930879,31","6849644,33",0,D,0,ACCROCHE,DB1,FB1,DB,DB,FB,FB,0,488,488,54,GE DIRE
11966,02/01/2026,54A903130,407,2,54,N,0,488,"930973,33","6849750,22",0,2,54,N,407,895,"930653,96","6849540,24",0,D,0,ACCROCHE,DB2,FB2,DB,DB,FR,FR,0,407,407,54,GE DIRE
12439,02/01/2026,54A903115,508,1,54,N,0,0,"915506,29","6846107,69",0,1,54,N,508,508,"915853,97","6846044,85",0,D,0,ACCROCHE,DB1,FB1,DB,DB,FB,FB,0,508,508,54,GE DIRE
12437,02/01/2026,54A903115,432,2,54,N,0,508,"916006,06","6846090,54",0,2,54,N,432,940,"916401,22","6846315,2",0,D,0,ACCROCHE,DB2,FB2,DB,DB,FB,FB,0,432,432,54,GE DIRE
12436,02/01/2026,54A903115,322,3,54,N,0,940,"916905,82","6846627,9",0,3,54,N,322,1262,"916636,67","6846524,44",0,D,0,ACCROCHE,DB3,FB3,DB,DB,FB,FB,0,322,322,54,GE DIRE
12434,02/01/2026,54A903115,522,4,54,N,0,1262,"916402,66","6846381,97",0,4,54,N,522,1784,"915971,67","6846227,19",0,D,0,ACCROCHE,DB4,FB4,DB,DB,FB,FB,0,522,522,54,GE DIRE
12433,02/01/2026,54A903115,142,5,54,N,0,1784,"915821,1","6846153,9",0,5,54,N,142,1926,"915983,86","6846126,91",0,D,0,ACCROCHE,DB5,FB5,DB,DB,FB,FB,0,142,142,54,GE DIRE
12432,02/01/2026,54A903115,142,6,54,N,0,1926,"916273,99","6846302,81",0,6,54,N,142,2068,"916178,36","6846372,88",0,D,0,ACCROCHE,DB6,FB6,DB,DB,FR,FR,0,142,142,54,GE DIRE
12455,02/01/2026,54A903110,2677,1,54,N,0,0,"914995,53","6845530,41",0,1,54,N,2677,2677,"913581,47","6847430,71",0,D,0,ACCROCHE,DB1,FB1,DB,DB,FB,FB,0,2677,2677,54,GE DIRE
12454,02/01/2026,54A903110,2611,2,54,N,0,2677,"913567,07","6847403,2",0,2,54,N,2611,5288,"915064,35","6845698,13",0,D,0,ACCROCHE,DB2,FB2,DB,DB,FB,FB,0,2611,2611,54,GE DIRE
12447,02/01/2026,54A903110,372,3,54,N,0,5288,"915251,32","6845959,92",0,3,54,N,372,5660,"914942,63","6845932,75",0,D,0,ACCROCHE,DB3,FB3,DB,DB,FB,FB,0,372,372,54,GE DIRE
12446,02/01/2026,54A903110,414,4,54,N,0,5660,"914970,91","6845899,07",0,4,54,N,414,6074,"914981,45","6845527,4",0,D,0,ACCROCHE,DB4,FB4,DB,DB,FB,FB,0,414,414,54,GE DIRE
12445,02/01/2026,54A903110,280,5,54,N,0,6074,"913736,12","6847152,46",0,5,54,N,280,6354,"913856,71","6847158,48",0,D,0,ACCROCHE,DB5,FB5,DB,DB,FB,FB,0,280,280,54,GE DIRE
12444,02/01/2026,54A903110,235,6,54,N,0,6354,"913523,61","6847124,65",0,6,54,N,235,6589,"913712,55","6847180,46",0,D,0,ACCROCHE,DB6,FB6,DB,DB,FR,FR,0,235,235,54,GE DIRE
12459,02/01/2026,54A903105,427,1,54,N,0,0,"913089,4","6843422,33",0,1,54,N,427,427,"912967,95","6843415,83",0,D,0,ACCROCHE,DB1,FB1,DB,DB,FB,FB,0,427,427,54,GE DIRE
12458,02/01/2026,54A903105,451,2,54,N,0,427,"912920,05","6843416,39",0,2,54,N,451,878,"913065,71","6843456,71",0,D,0,ACCROCHE,DB2,FB2,DB,DB,FB,FB,0,451,451,54,GE DIRE
12457,02/01/2026,54A903105,28,3,54,N,0,878,"913120,41","6843380,29",0,3,54,N,28,906,"913080,16","6843370,54",0,D,0,ACCROCHE,DB3,FB3,DB,DB,FB,FB,0,28,28,54,GE DIRE
12456,02/01/2026,54A903105,18,4,54,N,0,906,"913022,37","6843460,98",0,4,54,N,18,924,"913046,05","6843483,16",0,D,0,ACCROCHE,DB4,FB4,DB,DB,FR,FR,0,18,18,54,GE DIRE
10743,02/01/2026,54N900410,398,1,54,N,0,0,"911026,27","6842605,55",0,1,54,N,398,398,"911280,47","6842405,71",0,D,0,ACCROCHE,DB1,FB1,DB,DB,FB,FB,0,398,398,54,GE DIRE
10718,02/01/2026,54N900410,351,2,54,N,0,398,"911373,83","6842650,89",0,2,54,N,351,749,"911318,24","6842667,22",0,D,0,ACCROCHE,DB2,FB2,DB,DB,FB,FB,0,351,351,54,GE DIRE
10666,02/01/2026,54N900410,204,3,54,N,0,749,"911592,29","6842761,98",0,3,54,N,204,953,"911441,72","6842828,59",0,D,0,ACCROCHE,DB3,FB3,DB,DB,FB,FB,0,204,204,54,GE DIRE
10662,02/01/2026,54N900410,588,4,54,N,0,953,"911474,13","6842912,96",0,4,54,N,588,1541,"910957,6","6842611,69",0,D,0,ACCROCHE,DB4,FB4,DB,DB,FB,FB,0,588,588,54,GE DIRE
10659,02/01/2026,54N900410,36,5,54,N,0,1541,"911470,5","6842781,77",0,5,54,N,36,1577,"911419,83","6842769,62",0,D,0,ACCROCHE,DB5,FB5,DB,DB,FB,FB,0,36,36,54,GE DIRE
11118,02/01/2026,54N900410,43,6,54,N,0,1577,"911406,22","6842733,36",0,6,54,N,43,1620,"911357,42","6842764,56",0,D,0,ACCROCHE,DB6,FB6,DB,DB,FB,FB,0,43,43,54,GE DIRE
11111,02/01/2026,54N900410,32,7,54,N,0,1620,"911268,98","6842521,07",0,7,54,N,32,1652,"911323,12","6842517,71",0,D,0,ACCROCHE,DB7,FB7,DB,DB,FB,FB,0,32,32,54,GE DIRE
11108,02/01/2026,54N900410,21,8,54,N,0,1652,"911323,12","6842517,71",0,8,54,N,21,1673,"911299,75","6842542,99",0,D,0,ACCROCHE,DB8,FB8,DB,DB,FR,FR,0,21,21,54,GE DIRE
10983,02/01/2026,54N900405,131,1,54,N,0,0,"906825,33","6844676,35",0,1,54,N,131,131,"906848,12","6844592,72",0,D,0,ACCROCHE,DB1,FB1,DB,DB,FB,FB,0,131,131,54,GE DIRE
10968,02/01/2026,54N900405,132,2,54,N,0,131,"906865,79","6844580,65",0,2,54,N,132,263,"906925,79","6844657,66",0,D,0,ACCROCHE,DB2,FB2,DB,DB,FB,FB,0,132,132,54,GE DIRE
10908,02/01/2026,54N900405,213,3,54,N,0,263,"906389,15","6844764,88",0,3,54,N,213,476,"906268,62","6844898,52",0,D,0,ACCROCHE,DB3,FB3,DB,DB,FB,FB,0,213,213,54,GE DIRE
10892,02/01/2026,54N900405,339,4,54,N,0,476,"906248,73","6844906,25",0,4,54,N,339,815,"905990,2","6844801,7",0,D,0,ACCROCHE,DB4,FB4,DB,DB,FR,FR,0,339,339,54,GE DIRE
10850,02/01/2026,54N900450,437,1,54,N,0,0,"971315,75","6835616,98",0,1,54,N,437,437,"971743,25","6835572,12",0,D,0,ACCROCHE,DB1,FB1,DB,DB,FB,FB,0,437,437,54,GE DIRE
10839,02/01/2026,54N900450,310,2,54,N,0,437,"971774,65","6835595,63",0,2,54,N,310,747,"971950,76","6835809,48",0,D,0,ACCROCHE,DB2,FB2,DB,DB,FB,FB,0,310,310,54,GE DIRE
10828,02/01/2026,54N900450,370,3,54,N,0,747,"971965,54","6835823,5",0,3,54,N,370,1117,"971607,95","6835803,98",0,D,0,ACCROCHE,DB3,FB3,DB,DB,FB,FB,0,370,370,54,GE DIRE
10826,02/01/2026,54N900450,340,4,54,N,0,1117,"971567,68","6835789,65",0,4,54,N,340,1457,"971297,32","6835622,23",0,D,0,ACCROCHE,DB4,FB4,DB,DB,FR,FR,0,340,340,54,GE DIRE
10587,02/01/2026,54N905235,302,1,54,N,0,0,"899150,11","6938619,93",0,1,54,N,302,302,"899296,68","6938863,61",0,D,0,ACCROCHE,DB1,FB1,DB,DB,FB,FB,0,302,302,54,GE DIRE
10574,02/01/2026,54N905235,158,2,54,N,0,302,"899299,33","6938914,72",0,2,54,N,158,460,"899296,81","6939072,11",0,D,0,ACCROCHE,DB2,FB2,DB,DB,FB,FB,0,158,158,54,GE DIRE
10569,02/01/2026,54N905235,275,3,54,N,0,460,"899277,1","6939044,11",0,3,54,N,275,735,"899094,12","6938850,67",0,D,0,ACCROCHE,DB3,FB3,DB,DB,FB,FB,0,275,275,54,GE DIRE
10564,02/01/2026,54N905235,246,4,54,N,0,735,"899098,74","6938798,51",0,4,54,N,246,981,"899110,72","6938486,69",0,D,0,ACCROCHE,DB4,FB4,DB,DB,FR,FR,0,246,246,54,GE DIRE
10216,02/01/2026,54N905920,352,1,54,N,0,0,"964022,08","6832196,02",0,1,54,N,352,352,"964043,4","6832532,2",0,D,0,ACCROCHE,DB1,FB1,DB,DB,FB,FB,0,352,352,54,DIRE
10164,02/01/2026,54N905920,243,2,54,N,0,352,"964003,34","6832557,53",0,2,54,N,243,595,"963799,46","6832575,08",0,D,0,ACCROCHE,DB2,FB2,DB,DB,FR,FR,0,243,243,54,DIRE
10156,02/01/2026,54N905930,373,1,54,N,0,0,"966464,64","6831079,39",0,1,54,N,373,373,"966835,59","6831086,41",0,D,0,ACCROCHE,DB1,FB1,DB,DB,FB,FB,0,373,373,54,DIRE
10151,02/01/2026,54N905930,302,2,54,N,0,373,"966897,95","6831094,92",0,2,54,N,302,675,"967117,52","6831285,5",0,D,0,ACCROCHE,DB2,FB2,DB,DB,FB,FB,0,302,302,54,DIRE
10145,02/01/2026,54N905930,349,3,54,N,0,675,"967102,66","6831290,83",0,3,54,N,349,1024,"966757,37","6831282,19",0,D,0,ACCROCHE,DB3,FB3,DB,DB,FB,FB,0,349,349,54,DIRE
10139,02/01/2026,54N905930,272,4,54,N,0,1024,"966709,05","6831255,81",0,4,54,N,272,1296,"966503,65","6831096,23",0,D,0,ACCROCHE,DB4,FB4,DB,DB,FR,FR,0,272,272,54,DIRE
10126,02/01/2026,54N905940,412,1,54,N,0,0,"972302,16","6828734,02",0,1,54,N,412,412,"972634,99","6828500,01",0,D,0,ACCROCHE,DB1,FB1,DB,DB,FB,FB,0,412,412,54,DIRE
10113,02/01/2026,54N905940,285,4,54,N,0,412,"972687,25","6828638,1",0,4,54,N,285,697,"972409,76","6828708,85",0,D,0,ACCROCHE,DB4,FB4,DB,DB,FR,FR,0,285,285,54,DIRE
8714,02/01/2026,55N900414,210,1,55,N,0,0,"900315,71","6846142,23",0,1,55,N,210,210,"900509,09","6846090,06",0,D,0,ACCROCHE,DB1,FB1,DB,DB,FB,FB,0,210,210,55,GE DIRE
8713,02/01/2026,55N900414,291,2,55,N,0,210,"900510,44","6846081,6",0,2,55,N,291,501,"900813,77","6846142,82",0,D,0,ACCROCHE,DB2,FB2,DB,DB,FB,FB,0,291,291,55,GE DIRE
8712,02/01/2026,55N900414,290,3,55,N,0,501,"900821,03","6846153,92",0,3,55,N,290,791,900558,"6846271,17",0,D,0,ACCROCHE,DB3,FB3,DB,DB,FB,FB,0,290,290,55,GE DIRE
8711,02/01/2026,55N900414,185,4,55,N,0,791,"900557,22","6846281,15",0,4,55,N,185,976,"900392,88","6846163,87",0,D,0,ACCROCHE,DB4,FB4,DB,DB,FB,FB,0,185,185,55,GE DIRE
8710,02/01/2026,55N900414,31,5,55,N,0,976,"900524,87","6846136,24",0,5,55,N,31,1007,"900554,8","6846110,77",0,D,0,ACCROCHE,DB5,FB5,DB,DB,FB,FB,0,31,31,55,GE DIRE
8641,02/01/2026,55N900414,33,6,55,N,0,1007,"900489,85","6846119,93",0,6,55,N,33,1040,"900518,45","6846124,77",0,D,0,ACCROCHE,DB6,FB6,DB,DB,FR,FR,0,33,33,55,GE DIRE
8777,02/01/2026,55N900413,228,1,55,N,0,0,"896750,46","6846640,35",0,1,55,N,228,228,"896984,06","6846585,97",0,D,0,ACCROCHE,DB1,FB1,DB,DB,FB,FB,0,228,228,55,GE DIRE
8776,02/01/2026,55N900413,260,2,55,N,0,228,"896984,64","6846592,21",0,2,55,N,260,488,"897227,8","6846655,28",0,D,0,ACCROCHE,DB2,FB2,DB,DB,FB,FB,0,260,260,55,GE DIRE
8775,02/01/2026,55N900413,200,3,55,N,0,488,"897170,85","6846673,87",0,3,55,N,200,688,"897001,37","6846779,7",0,D,0,ACCROCHE,DB3,FB3,DB,DB,FB,FB,0,200,200,55,GE DIRE
8715,02/01/2026,55N900413,229,4,55,N,0,688,"896954,38","6846784,26",0,4,55,N,229,917,"896762,14","6846654,59",0,D,0,ACCROCHE,DB4,FB4,DB,DB,FR,FR,0,229,229,55,GE DIRE
8849,02/01/2026,55N900412,245,1,55,N,0,0,"892746,36","6846694,27",0,1,55,N,245,245,"892980,38","6846625,16",0,D,0,ACCROCHE,DB1,FB1,DB,DB,FB,FB,0,245,245,55,GE DIRE
8780,02/01/2026,55N900412,185,2,55,N,0,245,"893022,35","6846616,01",0,2,55,N,185,430,"893193,86","6846590,28",0,D,0,ACCROCHE,DB2,FB2,DB,DB,FB,FB,0,185,185,55,GE DIRE
8779,02/01/2026,55N900412,306,3,55,N,0,430,"893267,84","6846561,73",0,3,55,N,306,736,"893022,86","6846736,9",0,D,0,ACCROCHE,DB3,FB3,DB,DB,FB,FB,0,306,306,55,GE DIRE
8778,02/01/2026,55N900412,232,4,55,N,0,736,"892466,4","6846699,66",0,4,55,N,232,968,"892240,95","6846563,74",0,D,0,ACCROCHE,DB4,FB4,DB,DB,FR,FR,0,232,232,55,GE DIRE
8937,02/01/2026,55N900411,352,1,55,N,0,0,"885437,67","6847911,57",0,1,55,N,352,352,"885761,9","6847874,41",0,D,0,ACCROCHE,DB1,FB1,DB,DB,FB,FB,0,352,352,55,GE DIRE
8917,02/01/2026,55N900411,271,2,55,N,0,352,"886213,09","6847672,43",0,2,55,N,271,623,"886452,77","6847529,58",0,D,0,ACCROCHE,DB2,FB2,DB,DB,FB,FB,0,271,271,55,GE DIRE
8897,02/01/2026,55N900411,203,3,55,N,0,623,"886618,46","6847425,42",0,3,55,N,203,826,"886477,21","6847579,1",0,D,0,ACCROCHE,DB3,FB3,DB,DB,FB,FB,0,203,203,55,GE DIRE
8871,02/01/2026,55N900411,233,4,55,N,0,826,"886360,01","6847732,48",0,4,55,N,233,1059,"886156,42","6847827,97",0,D,0,ACCROCHE,DB4,FB4,DB,DB,FR,FR,0,233,233,55,GE DIRE
9288,02/01/2026,55N900410,263,1,55,N,0,0,"881579,03","6847864,31",0,1,55,N,263,263,"881861,28","6847827,66",0,D,0,ACCROCHE,DB1,FB1,DB,DB,FB,FB,0,263,263,55,GE DIRE
8953,02/01/2026,55N900410,158,2,55,N,0,263,"881861,33","6847840,21",0,2,55,N,158,421,"881812,73","6847878,51",0,D,0,ACCROCHE,DB2,FB2,DB,DB,FB,FB,0,158,158,55,GE DIRE
8951,02/01/2026,55N900410,77,3,55,N,0,421,"882037,1","6847941,01",0,3,55,N,77,498,"881961,81","6847985,9",0,D,0,ACCROCHE,DB3,FB3,DB,DB,FB,FB,0,77,77,55,GE DIRE
8941,02/01/2026,55N900410,133,4,55,N,0,498,"881833,14","6847933,48",0,4,55,N,133,631,"881700,62","6847882,47",0,D,0,ACCROCHE,DB4,FB4,DB,DB,FR,FR,0,133,133,55,GE DIRE
9305,02/01/2026,55N900409,390,1,55,N,0,0,"881144,71","6847844,83",0,1,55,N,390,390,"881417,44","6847996,31",0,D,0,ACCROCHE,DB1,FB1,DB,DB,FB,FB,0,390,390,55,GE DIRE
9296,02/01/2026,55N900409,280,2,55,N,0,390,"881415,38","6847998,77",0,2,55,N,280,670,"881179,6","6847858,32",0,D,0,ACCROCHE,DB2,FB2,DB,DB,FR,FR,0,280,280,55,GE DIRE
8635,02/01/2026,55N900415,160,1,55,N,0,0,"874753,56","6846612,58",0,1,55,N,160,160,"874590,07","6846625,12",0,D,0,ACCROCHE,DB1,FB1,DB,DB,FR,FR,0,160,160,55,GE DIRE
9314,02/01/2026,55N900408,444,1,55,N,0,0,"879059,72","6847680,94",0,1,55,N,444,444,"879457,34","6847502,35",0,D,0,ACCROCHE,DB1,FB1,DB,DB,FB,FB,0,444,444,55,GE DIRE
9309,02/01/2026,55N900408,265,2,55,N,0,444,"879460,22","6847503,15",0,2,55,N,265,709,"879739,07","6847569,52",0,D,0,ACCROCHE,DB2,FB2,DB,DB,FB,FB,0,265,265,55,GE DIRE
9307,02/01/2026,55N900408,162,3,55,N,0,709,"880189,32","6847807,2",0,3,55,N,162,871,"880027,25","6847793,18",0,D,0,ACCROCHE,DB3,FB3,DB,DB,FB,FB,0,162,162,55,GE DIRE
9306,02/01/2026,55N900408,165,4,55,N,0,871,"878181,73",6847539,0,4,55,N,165,1036,"878035,08","6847466,48",0,D,0,ACCROCHE,DB4,FB4,DB,DB,FR,FR,0,165,165,55,GE DIRE
52116,02/01/2026,55N900407,75,3,55,N,0,470,"869585,67","6844567,23",0,3,55,N,75,545,"869569,57","6844503,6",0,D,0,ACCROCHE,DB3,FB3,DB,DB,FB,FB,0,75,75,55,GE DIRE
19533,02/01/2026,55N900407,375,4,55,N,0,545,"869643,79","6844644,23",0,4,55,N,375,920,"869900,48","6844912,4",0,D,0,ACCROCHE,DB4,FB4,DB,DB,FR,FR,0,375,375,55,GE DIRE
9351,02/01/2026,55N900407,245,1,55,N,0,0,"870613,12","6845972,96",0,1,55,N,245,245,"870692,11","6846179,6",0,D,0,ACCROCHE,DB1,FB1,DB,DB,FB,FB,0,245,245,55,GE DIRE
9334,02/01/2026,55N900407,225,2,55,N,0,245,"870716,17","6846207,99",0,2,55,N,225,470,"870526,82","6846097,21",0,D,0,ACCROCHE,DB2,FB2,DB,DB,FB,FB,0,225,225,55,GE DIRE
9355,02/01/2026,55N900406,219,1,55,N,0,0,"865745,9","6842464,61",0,1,55,N,219,219,"865917,65","6842489,22",0,D,0,ACCROCHE,DB1,FB1,DB,DB,FB,FB,0,219,219,55,GE DIRE
9354,02/01/2026,55N900406,200,2,55,N,0,219,"865961,17","6842500,38",0,2,55,N,200,419,"866099,21","6842610,42",0,D,0,ACCROCHE,DB2,FB2,DB,DB,FB,FB,0,200,200,55,GE DIRE
9353,02/01/2026,55N900406,261,3,55,N,0,419,"866427,35","6842760,86",0,3,55,N,261,680,"866185,41","6842723,22",0,D,0,ACCROCHE,DB3,FB3,DB,DB,FB,FB,0,261,261,55,GE DIRE
9352,02/01/2026,55N900406,250,4,55,N,0,680,"865971,12","6842592,53",0,4,55,N,250,930,"865735,5","6842473,68",0,D,0,ACCROCHE,DB4,FB4,DB,DB,FR,FR,0,250,250,55,GE DIRE
9362,02/01/2026,55N900405,298,1,55,N,0,0,"861170,36","6840458,77",0,1,55,N,298,298,"861457,57","6840400,13",0,D,0,ACCROCHE,DB1,FB1,DB,DB,FB,FB,0,298,298,55,GE DIRE
9360,02/01/2026,55N900405,205,2,55,N,0,298,"861456,01","6840410,14",0,2,55,N,205,503,"861366,86","6840468,3",0,D,0,ACCROCHE,DB2,FB2,DB,DB,FB,FB,0,205,205,55,GE DIRE
9359,02/01/2026,55N900405,216,3,55,N,0,503,"861418,29","6840487,13",0,3,55,N,216,719,"861447,03","6840577,67",0,D,0,ACCROCHE,DB3,FB3,DB,DB,FB,FB,0,216,216,55,GE DIRE
9356,02/01/2026,55N900405,266,4,55,N,0,719,"861447,71","6840588,53",0,4,55,N,266,985,"861246,97","6840469,28",0,D,0,ACCROCHE,DB4,FB4,DB,DB,FR,FR,0,266,266,55,GE DIRE
9366,02/01/2026,55N900404,220,1,55,N,0,0,"856806,99","6839997,41",0,1,55,N,220,220,"857023,99","6839984,97",0,D,0,ACCROCHE,DB1,FB1,DB,DB,FB,FB,0,220,220,55,GE DIRE
9365,02/01/2026,55N900404,238,2,55,N,0,220,"857026,85","6839984,38",0,2,55,N,238,458,"857262,88","6840072,92",0,D,0,ACCROCHE,DB2,FB2,DB,DB,FB,FB,0,238,238,55,GE DIRE
9364,02/01/2026,55N900404,281,3,55,N,0,458,"857293,35","6840083,48",0,3,55,N,281,739,"857044,38","6840157,63",0,D,0,ACCROCHE,DB3,FB3,DB,DB,FB,FB,0,281,281,55,GE DIRE
9363,02/01/2026,55N900404,249,4,55,N,0,739,"857041,97","6840159,4",0,4,55,N,249,988,"856842,46","6840020,81",0,D,0,ACCROCHE,DB4,FB4,DB,DB,FR,FR,0,249,249,55,GE DIRE
9370,02/01/2026,55N900403,262,1,55,N,0,0,"852862,41","6840171,8",0,1,55,N,262,262,"853107,16","6840093,03",0,D,0,ACCROCHE,DB1,FB1,DB,DB,FB,FB,0,262,262,55,GE DIRE
9369,02/01/2026,55N900403,387,2,55,N,0,262,"853150,76","6840093,45",0,2,55,N,387,649,"853540,24","6840197,07",0,D,0,ACCROCHE,DB2,FB2,DB,DB,FB,FB,0,387,387,55,GE DIRE
9368,02/01/2026,55N900403,324,3,55,N,0,649,"853432,9","6840179,35",0,3,55,N,324,973,"853137,28","6840231,71",0,D,0,ACCROCHE,DB3,FB3,DB,DB,FB,FB,0,324,324,55,GE DIRE
9367,02/01/2026,55N900403,238,4,55,N,0,973,"852463,01","6840232,61",0,4,55,N,238,1211,"852243,09","6840130,83",0,D,0,ACCROCHE,DB4,FB4,DB,DB,FR,FR,0,238,238,55,GE DIRE
9372,02/01/2026,55N900402,227,1,55,N,0,0,"849304,13","6839647,78",0,1,55,N,227,227,"849110,02","6839755,88",0,D,0,ACCROCHE,DB1,FB1,DB,DB,FR,FR,0,227,227,55,GE DIRE
9005,02/01/2026,55N900401,438,1,55,N,0,0,"847994,02","6839058,27",0,1,55,N,438,438,"848313,5","6839367,99",0,D,0,ACCROCHE,DB1,FB1,DB,DB,FB,FB,0,438,438,55,GE DIRE
9004,02/01/2026,55N900401,286,2,55,N,0,438,"848334,06","6839413,42",0,2,55,N,286,724,"848522,4","6839622,87",0,D,0,ACCROCHE,DB2,FB2,DB,DB,FB,FB,0,286,286,55,GE DIRE
8999,02/01/2026,55N900401,566,3,55,N,0,724,"848522,55","6839635,01",0,3,55,N,566,1290,"848026,68","6839402,53",0,D,0,ACCROCHE,DB3,FB3,DB,DB,FB,FB,0,566,566,55,GE DIRE
8973,02/01/2026,55N900401,300,4,55,N,0,1290,"848006,32","6839349,03",0,4,55,N,300,1590,"847986,6","6839053,78",0,D,0,ACCROCHE,DB4,FB4,DB,DB,FR,FR,0,300,300,55,GE DIRE
8613,02/01/2026,55N913501B,193,1,55,N,0,0,"863303,61","6850733,67",0,1,55,N,193,193,"863303,61","6850733,67",0,D,0,ACCROCHE,DB1,FB1,SA,SA,FR,FR,0,193,193,55,DIRE
7637,02/01/2026,57N900435,385,1,57,N,0,0,"1003011,08","6857617,39",0,1,57,N,385,385,"1003310,89","6857682,55",0,D,0,ACCROCHE,DB1,FB1,DB,DB,FB,FB,0,385,385,57,GE DIRE
7636,02/01/2026,57N900435,200,2,57,N,0,385,"1003249,26","6857611,54",0,2,57,N,200,585,"1003069,71","6857635,75",0,D,0,ACCROCHE,DB2,FB2,DB,DB,FB,FB,0,200,200,57,GE DIRE
7635,02/01/2026,57N900435,260,3,57,N,0,585,"1003266,66","6857674,03",0,3,57,N,260,845,"1003011,08","6857617,39",0,D,0,ACCROCHE,DB3,FB3,DB,DB,FB,FB,0,260,260,57,GE DIRE
7634,02/01/2026,57N900435,25,4,57,N,0,845,"1003076,9","6857637,5",0,4,57,N,25,870,"1003077,35","6857612,52",0,D,0,ACCROCHE,DB4,FB4,DB,DB,FR,FR,0,25,25,57,GE DIRE
7654,02/01/2026,57N900420,314,1,57,N,0,0,"992559,19","6851835,04",0,1,57,N,314,314,"992538,32","6851756,47",0,D,0,ACCROCHE,DB1,FB1,DB,DB,FB,FB,0,314,314,57,GE DIRE
7653,02/01/2026,57N900420,442,2,57,N,0,314,"992533,49","6851740,62",0,2,57,N,442,756,"992871,25","6851967,13",0,D,0,ACCROCHE,DB2,FB2,DB,DB,FB,FB,0,442,442,57,GE DIRE
7652,02/01/2026,57N900420,360,3,57,N,0,756,"993168,65","6852125,03",0,3,57,N,360,1116,"992849,42","6852066,37",0,D,0,ACCROCHE,DB3,FB3,DB,DB,FB,FB,0,360,360,57,GE DIRE
7651,02/01/2026,57N900420,186,4,57,N,0,1116,"992812,01","6852040,21",0,4,57,N,186,1302,"992722,81","6851906,77",0,D,0,ACCROCHE,DB4,FB4,DB,DB,FR,FR,0,186,186,57,GE DIRE
7604,02/01/2026,57N900460,254,1,57,N,0,0,"1011379,47","6860425,81",0,1,57,N,254,254,"1011379,47","6860425,81",0,D,0,ACCROCHE,DB1,FB1,SA,SA,FR,FR,0,254,254,57,GE DIRE
7623,02/01/2026,57N900450,197,1,57,N,0,0,"1008238,88","6858705,56",0,1,57,N,197,197,"1008436,98","6858687,13",0,D,0,ACCROCHE,DB1,FB1,DB,DB,FB,FB,0,197,197,57,GE DIRE
7620,02/01/2026,57N900450,225,2,57,N,0,197,"1008435,8","6858692,07",0,2,57,N,225,422,"1008615,8","6858790,56",0,D,0,ACCROCHE,DB2,FB2,DB,DB,FB,FB,0,225,225,57,GE DIRE
7619,02/01/2026,57N900450,232,3,57,N,0,422,"1008618,36","6858801,43",0,3,57,N,232,654,"1008394,32","6858801,58",0,D,0,ACCROCHE,DB3,FB3,DB,DB,FB,FB,0,232,232,57,GE DIRE
7618,02/01/2026,57N900450,110,4,57,N,0,654,"1008286,79","6858772,2",0,4,57,N,110,764,"1008228,16","6858715,33",0,D,0,ACCROCHE,DB4,FB4,DB,DB,FB,FB,0,110,110,57,GE DIRE
7617,02/01/2026,57N900450,30,5,57,N,0,764,"1008409,36","6858696,5",0,5,57,N,30,794,"1008430,55","6858716,33",0,D,0,ACCROCHE,DB5,FB5,DB,DB,FB,FB,0,30,30,57,GE DIRE
7616,02/01/2026,57N900450,25,6,57,N,0,794,"1008430,55","6858716,33",0,6,57,N,25,819,"1008453,28","6858707,69",0,D,0,ACCROCHE,DB6,FB6,DB,DB,FB,FB,0,25,25,57,GE DIRE
7615,02/01/2026,57N900450,27,7,57,N,0,819,"1008434,37","6858807,62",0,7,57,N,27,846,"1008415,87","6858785,13",0,D,0,ACCROCHE,DB7,FB7,DB,DB,FB,FB,0,27,27,57,GE DIRE
7614,02/01/2026,57N900450,35,8,57,N,0,846,"1008321,95","6858758,4",0,8,57,N,35,881,"1008276,17","6858734,51",0,D,0,ACCROCHE,DB8,FB8,DB,DB,FR,FR,0,35,35,57,GE DIRE
7613,02/01/2026,57N900455,292,1,57,N,0,0,"1009840,72","6859765,45",0,1,57,N,292,292,"1010118,72","6859828,33",0,D,0,ACCROCHE,DB1,FB1,DB,DB,FB,FB,0,292,292,57,GE DIRE
7612,02/01/2026,57N900455,250,2,57,N,0,292,"1010118,57","6859834,33",0,2,57,N,250,542,"1010329,73","6859947,72",0,D,0,ACCROCHE,DB2,FB2,DB,DB,FB,FB,0,250,250,57,GE DIRE
7611,02/01/2026,57N900455,187,3,57,N,0,542,"1010265,91","6859945,86",0,3,57,N,187,729,"1010099,75","6859979,3",0,D,0,ACCROCHE,DB3,FB3,DB,DB,FB,FB,0,187,187,57,GE DIRE
7609,02/01/2026,57N900455,404,4,57,N,0,729,"1010099,75","6859979,3",0,4,57,N,404,1133,"1009785,55","6859738,48",0,D,0,ACCROCHE,DB4,FB4,DB,DB,FB,FB,0,404,404,57,GE DIRE
7608,02/01/2026,57N900455,20,5,57,N,0,1133,"1010094,9","6859846,53",0,5,57,N,20,1153,"1010113,54","6859866,54",0,D,0,ACCROCHE,DB5,FB5,DB,DB,FB,FB,0,20,20,57,GE DIRE
7607,02/01/2026,57N900455,20,6,57,N,0,1153,"1010113,54","6859866,54",0,6,57,N,20,1173,"1010135,57","6859858,46",0,D,0,ACCROCHE,DB6,FB6,DB,DB,FB,FB,0,20,20,57,GE DIRE
7606,02/01/2026,57N900455,25,7,57,N,0,1173,"1010117,81","6859953,86",0,7,57,N,25,1198,"1010091,56","6859934,5",0,D,0,ACCROCHE,DB7,FB7,DB,DB,FB,FB,0,25,25,57,GE DIRE
7605,02/01/2026,57N900455,25,8,57,N,0,1198,"1010092,43","6859930,99",0,8,57,N,25,1223,"1010059,11","6859938,08",0,D,0,ACCROCHE,DB8,FB8,DB,DB,FR,FR,0,25,25,57,GE DIRE
7628,02/01/2026,57N900445,255,1,57,N,0,0,"1005552,34","6858111,96",0,1,57,N,255,255,"1005803,91","6858099,06",0,D,0,ACCROCHE,DB1,FB1,DB,DB,FB,FB,0,255,255,57,GE DIRE
7627,02/01/2026,57N900445,290,2,57,N,0,255,"1005803,91","6858099,06",0,2,57,N,290,545,"1006071,22","6858174,14",0,D,0,ACCROCHE,DB2,FB2,DB,DB,FB,FB,0,290,290,57,GE DIRE
7626,02/01/2026,57N900445,203,3,57,N,0,545,"1006027,35","6858188,64",0,3,57,N,203,748,"1005821,4","6858215,04",0,D,0,ACCROCHE,DB3,FB3,DB,DB,FB,FB,0,203,203,57,GE DIRE
7625,02/01/2026,57N900445,160,4,57,N,0,748,"1005821,4","6858215,04",0,4,57,N,160,908,"1005670,01","6858147,89",0,D,0,ACCROCHE,DB4,FB4,DB,DB,FB,FB,0,160,160,57,GE DIRE
7624,02/01/2026,57N900445,250,5,57,N,0,908,"1005803,91","6858099,06",0,5,57,N,250,1158,"1005600,61","6858107,52",0,D,0,ACCROCHE,DB5,FB5,DB,DB,FR,FR,0,250,250,57,GE DIRE
7632,02/01/2026,57N900440,85,1,57,N,0,0,"1003958,6","6857849,42",0,1,57,N,85,85,"1004021,58","6857817,6",0,D,0,ACCROCHE,DB1,FB1,DB,DB,FB,FB,0,85,85,57,GE DIRE
7631,02/01/2026,57N900440,35,2,57,N,0,85,"1004021,58","6857817,6",0,2,57,N,35,120,"1004013,97","6857861,24",0,D,0,ACCROCHE,DB2,FB2,DB,DB,FB,FB,0,35,35,57,GE DIRE
7630,02/01/2026,57N900440,85,3,57,N,0,120,"1004039,16","6857877,41",0,3,57,N,85,205,"1003969,27","6857915,99",0,D,0,ACCROCHE,DB3,FB3,DB,DB,FB,FB,0,85,85,57,GE DIRE
7629,02/01/2026,57N900440,70,4,57,N,0,205,"1003969,27","6857915,99",0,4,57,N,70,275,"1003960,3","6857861,3",0,D,0,ACCROCHE,DB4,FB4,DB,DB,FR,FR,0,70,70,57,GE DIRE
7646,02/01/2026,57N900430,350,1,57,N,0,0,"999794,91","6855921,34",0,1,57,N,350,350,"1000098,77","6855969,23",0,D,0,ACCROCHE,DB1,FB1,DB,DB,FB,FB,0,350,350,57,GE DIRE
7645,02/01/2026,57N900430,325,2,57,N,0,350,"1000094,04","6855984,37",0,2,57,N,325,675,"1000287,61","6856183,25",0,D,0,ACCROCHE,DB2,FB2,DB,DB,FB,FB,0,325,325,57,GE DIRE
7643,02/01/2026,57N900430,290,3,57,N,0,675,"1000285,38","6856193,82",0,3,57,N,290,965,"999995,36","6856166,97",0,D,0,ACCROCHE,DB3,FB3,DB,DB,FB,FB,0,290,290,57,GE DIRE
7642,02/01/2026,57N900430,310,4,57,N,0,965,"1000004,26","6856155,3",0,4,57,N,310,1275,"999792,68","6855932,46",0,D,0,ACCROCHE,DB4,FB4,DB,DB,FB,FB,0,310,310,57,GE DIRE
7641,02/01/2026,57N900430,25,5,57,N,0,1275,"1000046,27","6856004,74",0,5,57,N,25,1300,"1000076,31","6856025,84",0,D,0,ACCROCHE,DB5,FB5,DB,DB,FB,FB,0,25,25,57,GE DIRE
7640,02/01/2026,57N900430,30,6,57,N,0,1300,"1000068,94","6856040,2",0,6,57,N,30,1330,"1000101,24","6856045,48",0,D,0,ACCROCHE,DB6,FB6,DB,DB,FB,FB,0,30,30,57,GE DIRE
7639,02/01/2026,57N900430,55,7,57,N,0,1330,"1000077,16","6856158,55",0,7,57,N,55,1385,"1000020,95","6856130,06",0,D,0,ACCROCHE,DB7,FB7,DB,DB,FB,FB,0,55,55,57,GE DIRE
7638,02/01/2026,57N900430,55,8,57,N,0,1385,"1000030,9","6856113,18",0,8,57,N,55,1440,"999987,62","6856089,97",0,D,0,ACCROCHE,DB8,FB8,DB,DB,FR,FR,0,55,55,57,GE DIRE
7661,02/01/2026,57N900415,335,1,57,N,0,0,"991117,25","6851234,49",0,1,57,N,335,335,"991354,26","6851421,04",0,D,0,ACCROCHE,DB1,FB1,DB,DB,FB,FB,0,335,335,57,GE DIRE
7660,02/01/2026,57N900415,280,2,57,N,0,335,"991322,8","6851446,4",0,2,57,N,280,615,"991272,37","6851462,22",0,D,0,ACCROCHE,DB2,FB2,DB,DB,FB,FB,0,280,280,57,GE DIRE
7659,02/01/2026,57N900415,545,3,57,N,0,615,"991610,99","6851651,34",0,3,57,N,545,1160,"991110,77","6851619,9",0,D,0,ACCROCHE,DB3,FB3,DB,DB,FB,FB,0,545,545,57,GE DIRE
7658,02/01/2026,57N900415,560,4,57,N,0,1160,"991006,51","6851689,38",0,4,57,N,560,1720,"991106,58","6851235,04",0,D,0,ACCROCHE,DB4,FB4,DB,DB,FB,FB,0,560,560,57,GE DIRE
7657,02/01/2026,57N900415,25,5,57,N,0,1720,"991081,66","6851631,47",0,5,57,N,25,1745,"991059,34","6851603,88",0,D,0,ACCROCHE,DB5,FB5,DB,DB,FB,FB,0,25,25,57,GE DIRE
7656,02/01/2026,57N900415,30,6,57,N,0,1745,"991346,29","6851400,42",0,6,57,N,30,1775,"991375,11","6851404,37",0,D,0,ACCROCHE,DB6,FB6,DB,DB,FR,FR,0,30,30,57,GE DIRE
31299,02/01/2026,57N900405,32,4,57,N,0,678,"988973,91","6846298,88",0,4,57,N,32,710,"988972,87","6846262,25",0,D,0,ACCROCHE,DB4,FB4,DB,DB,FB,FB,0,32,32,57,GE DIRE
16955,02/01/2026,57N900405,313,2,57,N,0,195,"989310,49","6846456,48",0,2,57,N,313,508,"989489,95","6846714,59",0,D,0,ACCROCHE,DB2,FB2,DB,DB,FB,FB,0,313,313,57,GE DIRE
16951,02/01/2026,57N900405,170,3,57,N,0,508,"989867,73","6847357,17",0,3,57,N,170,678,"989758,1","6847227,62",0,D,0,ACCROCHE,DB3,FB3,DB,DB,FB,FB,0,170,170,57,GE DIRE
7665,02/01/2026,57N900405,195,1,57,N,0,0,"989120,86","6846411,85",0,1,57,N,195,195,"989313,48","6846450,59",0,D,0,ACCROCHE,DB1,FB1,DB,DB,FB,FB,0,195,195,57,GE DIRE
7664,02/01/2026,57N900405,25,5,57,N,0,710,"989278,49","6846457,61",0,5,57,N,25,735,"989295,06","6846486,5",0,D,0,ACCROCHE,DB5,FB5,DB,DB,FB,FB,0,25,25,57,GE DIRE
7662,02/01/2026,57N900405,38,6,57,N,0,735,"989285,83","6846504,46",0,6,57,N,38,773,"989332,51","6846506,26",0,D,0,ACCROCHE,DB6,FB6,DB,DB,FR,FR,0,38,38,57,GE DIRE
37164,02/01/2026,57N943105,147,3,57,N,0,529,"936147,08","6895380,16",0,3,57,N,147,676,"936102,2","6895540,4",0,D,0,ACCROCHE,DB3,FB3,DB,DB,FR,FR,0,147,147,57,GE DIRE
36455,02/01/2026,57N943105,255,1,57,N,0,0,"935912,03","6895865,99",0,1,57,N,255,255,"936080,1","6895644,15",0,D,0,ACCROCHE,DB1,FB1,DB,DB,FB,FB,0,255,255,57,GE DIRE
7580,02/01/2026,57N943105,274,2,57,N,0,255,"936067,5","6895878,6",0,2,57,N,274,529,"936141,7","6895887,87",0,D,0,ACCROCHE,DB2,FB2,DB,DB,FB,FB,0,274,274,57,GE DIRE
8017,02/01/2026,57A903135,1214,1,57,N,0,0,"931425,5","6904173,19",0,1,57,N,1214,1214,"931350,08","6905341,5",0,D,0,ACCROCHE,DB1,FB1,DB,DB,FB,FB,0,1214,1214,57,GE DIRE
8016,02/01/2026,57A903135,889,2,57,N,0,1214,"931339,55","6905264,66",0,2,57,N,889,2103,"931392,44","6904412,36",0,D,0,ACCROCHE,DB2,FB2,DB,DB,FB,FB,0,889,889,57,GE DIRE
8015,02/01/2026,57A903135,314,3,57,N,0,2103,"931394,71","6904901,89",0,3,57,N,314,2417,"931450,22","6904832,73",0,D,0,ACCROCHE,DB3,FB3,DB,DB,FB,FB,0,314,314,57,GE DIRE
8013,02/01/2026,57A903135,263,4,57,N,0,2417,"931319,54","6904804,63",0,4,57,N,263,2680,"931356,57","6904862,59",0,D,0,ACCROCHE,DB4,FB4,DB,DB,FB,FB,0,263,263,57,GE DIRE
8012,02/01/2026,57A903135,441,5,57,N,0,2680,"931811,02","6904830,99",0,5,57,N,441,3121,"931396,45","6905093,77",0,D,0,ACCROCHE,DB5,FB5,DB,DB,FB,FB,0,441,441,57,GE DIRE
8011,02/01/2026,57A903135,512,6,57,N,0,3121,"931329,14","6905093,16",0,6,57,N,512,3633,"931039,75","6904689,41",0,D,0,ACCROCHE,DB6,FB6,DB,DB,FR,FR,0,512,512,57,GE DIRE
8028,02/01/2026,57A903125,412,1,57,N,0,0,"931743,48","6897329,59",0,1,57,N,412,412,"931784,42","6897666,44",0,D,0,ACCROCHE,DB1,FB1,DB,DB,FB,FB,0,412,412,57,GE DIRE
8027,02/01/2026,57A903125,1362,2,57,N,0,412,"931828,78","6897790,56",0,2,57,N,1362,1774,"932255,2","6897012,96",0,D,0,ACCROCHE,DB2,FB2,DB,DB,FB,FB,0,1362,1362,57,GE DIRE
8026,02/01/2026,57A903125,327,3,57,N,0,1774,"931729,52","6897544,89",0,3,57,N,327,2101,"931522,66","6897208,13",0,D,0,ACCROCHE,DB3,FB3,DB,DB,FB,FB,0,327,327,57,GE DIRE
8024,02/01/2026,57A903125,1445,4,57,N,0,2101,"932554,57","6896792,7",0,4,57,N,1445,3546,"931716,12","6897450,62",0,D,0,ACCROCHE,DB4,FB4,DB,DB,FB,FB,0,1445,1445,57,GE DIRE
8023,02/01/2026,57A903125,63,5,57,N,0,3546,"931606,59","6897487,06",0,5,57,N,63,3609,"931558,87","6897475,93",0,D,0,ACCROCHE,DB5,FB5,DB,DB,FR,FR,0,63,63,57,GE DIRE
7579,02/01/2026,57N943110,372,1,57,N,0,0,"936160,28","6894954,94",0,1,57,N,372,372,"936158,86","6894686,41",0,D,0,ACCROCHE,DB1,FB1,DB,DB,FB,FB,0,372,372,57,GE DIRE
7578,02/01/2026,57N943110,264,2,57,N,0,372,"936182,96","6894488,51",0,2,57,N,264,636,"936250,52","6894104,76",0,D,0,ACCROCHE,DB2,FB2,DB,DB,FB,FB,0,264,264,57,GE DIRE
7577,02/01/2026,57N943110,270,3,57,N,0,636,"936260,42","6894119,71",0,3,57,N,270,906,"936258,48","6894492,62",0,D,0,ACCROCHE,DB3,FB3,DB,DB,FB,FB,0,270,270,57,GE DIRE
7576,02/01/2026,57N943110,397,4,57,N,0,906,"936232,9","6894695,69",0,4,57,N,397,1303,"936171,25","6894947,83",0,D,0,ACCROCHE,DB4,FB4,DB,DB,FR,FR,0,397,397,57,GE DIRE
8032,02/01/2026,57A903120,250,1,57,N,0,0,"930640,98","6894868,12",0,1,57,N,250,250,"930893,68","6895063,62",0,D,0,ACCROCHE,DB1,FB1,DB,DB,FB,FB,0,250,250,57,GE DIRE
8031,02/01/2026,57A903120,245,2,57,N,0,250,"930808,44","6895164,25",0,2,57,N,245,495,"930672,81","6895561,36",0,D,0,ACCROCHE,DB2,FB2,DB,DB,FB,FB,0,245,245,57,GE DIRE
8030,02/01/2026,57A903120,1045,3,57,N,0,495,"930643,19","6895698,65",0,3,57,N,1045,1540,"931071,31","6894976,42",0,D,0,ACCROCHE,DB3,FB3,DB,DB,FB,FB,0,1045,1045,57,GE DIRE
8029,02/01/2026,57A903120,1016,4,57,N,0,1540,"931073,32","6894982,87",0,4,57,N,1016,2556,"930669,95","6894945,12",0,D,0,ACCROCHE,DB4,FB4,DB,DB,FR,FR,0,1016,1016,57,GE DIRE
7552,02/01/2026,57N943125,255,2,57,N,0,0,"934097,95","6890892,13",0,2,57,N,255,255,"934199,8","6890668,43",0,D,0,ACCROCHE,DB2,FB2,DB,DB,FB,FB,0,255,255,57,GE DIRE
7551,02/01/2026,57N943125,262,3,57,N,0,255,"934209,89","6890667,9",0,3,57,N,262,517,"934300,71","6890897,95",0,D,0,ACCROCHE,DB3,FB3,DB,DB,FR,FR,0,262,262,57,GE DIRE
7546,02/01/2026,57N943135,356,1,57,N,0,0,"929835,84","6887963,44",0,1,57,N,356,356,"929531,27","6887781,04",0,D,0,ACCROCHE,DB1,FB1,DB,DB,FB,FB,0,356,356,57,GE DIRE
7545,02/01/2026,57N943135,255,2,57,N,0,356,"929513,98","6887753,04",0,2,57,N,255,611,"929468,69","6887520,42",0,D,0,ACCROCHE,DB2,FB2,DB,DB,FB,FB,0,255,255,57,GE DIRE
7544,02/01/2026,57N943135,264,3,57,N,0,611,"929461,44","6887478,02",0,3,57,N,264,875,"929638,2","6887655,74",0,D,0,ACCROCHE,DB3,FB3,DB,DB,FB,FB,0,264,264,57,GE DIRE
7543,02/01/2026,57N943135,324,4,57,N,0,875,"929660,66","6887679,25",0,4,57,N,324,1199,"929820,42","6887940,94",0,D,0,ACCROCHE,DB4,FB4,DB,DB,FR,FR,0,324,324,57,GE DIRE
8041,02/01/2026,57A903115,749,1,57,N,0,0,"927286,22","6892731,27",0,1,57,N,749,749,"927786,92","6892800,2",0,D,0,ACCROCHE,DB1,FB1,DB,DB,FB,FB,0,749,749,57,GE DIRE
8040,02/01/2026,57A903115,660,2,57,N,0,749,"927779,8","6892878,42",0,2,57,N,660,1409,"928168,69","6893263,24",0,D,0,ACCROCHE,DB2,FB2,DB,DB,FB,FB,0,660,660,57,GE DIRE
8039,02/01/2026,57A903115,576,3,57,N,0,1409,"928284,31","6893343,79",0,3,57,N,576,1985,"927596,45","6893299,95",0,D,0,ACCROCHE,DB3,FB3,DB,DB,FB,FB,0,576,576,57,GE DIRE
8038,02/01/2026,57A903115,628,4,57,N,0,1985,"927575,96","6893299,83",0,4,57,N,628,2613,"927356,41","6892815,41",0,D,0,ACCROCHE,DB4,FB4,DB,DB,FB,FB,0,628,628,57,GE DIRE
8037,02/01/2026,57A903115,402,5,57,N,0,2613,"927725,15","6892984,73",0,5,57,N,402,3015,"927687,6","6893034,62",0,D,0,ACCROCHE,DB5,FB5,DB,DB,FB,FB,0,402,402,57,GE DIRE
8035,02/01/2026,57A903115,347,6,57,N,0,3015,"927688,43","6893142,35",0,6,57,N,347,3362,"927716,5","6893071,05",0,D,0,ACCROCHE,DB6,FB6,DB,DB,FB,FB,0,347,347,57,GE DIRE
8034,02/01/2026,57A903115,54,7,57,N,0,3362,"927689,23","6893246,38",0,7,57,N,54,3416,"927652,8","6893216,81",0,D,0,ACCROCHE,DB7,FB7,DB,DB,FB,FB,0,54,54,57,GE DIRE
8033,02/01/2026,57A903115,50,8,57,N,0,3416,"927698,01","6892862,53",0,8,57,N,50,3466,927756,"6892899,71",0,D,0,ACCROCHE,DB8,FB8,DB,DB,FR,FR,0,50,50,57,GE DIRE
8048,02/01/2026,57A903110,359,1,57,N,0,0,"927249,1","6890624,52",0,1,57,N,359,359,"927337,6",6890924,0,D,0,ACCROCHE,DB1,FB1,DB,DB,FB,FB,0,359,359,57,GE DIRE
8046,02/01/2026,57A903110,254,2,57,N,0,359,"926988,72","6891342,26",0,2,57,N,254,613,"926862,86","6891535,43",0,D,0,ACCROCHE,DB2,FB2,DB,DB,FB,FB,0,254,254,57,GE DIRE
8045,02/01/2026,57A903110,851,3,57,N,0,613,"926834,53","6891555,44",0,3,57,N,851,1464,"926883,45","6891193,57",0,D,0,ACCROCHE,DB3,FB3,DB,DB,FB,FB,0,851,851,57,GE DIRE
8044,02/01/2026,57A903110,333,4,57,N,0,1464,"926878,36","6891366,29",0,4,57,N,333,1797,"926766,06","6891104,58",0,D,0,ACCROCHE,DB4,FB4,DB,DB,FB,FB,0,333,333,57,GE DIRE
8043,02/01/2026,57A903110,299,5,57,N,0,1797,"927209,78","6890683,88",0,5,57,N,299,2096,"927116,21","6890416,07",0,D,0,ACCROCHE,DB5,FB5,DB,DB,FB,FB,0,299,299,57,GE DIRE
8042,02/01/2026,57A903110,270,6,57,N,0,2096,"927125,3","6890407,94",0,6,57,N,270,2366,"927286,41","6890385,89",0,D,0,ACCROCHE,DB6,FB6,DB,DB,FR,FR,0,270,270,57,GE DIRE
7723,02/01/2026,57A903160,247,1,57,N,0,0,"931556,83","6918978,45",0,1,57,N,247,247,"931787,4","6919525,31",0,D,0,ACCROCHE,DB1,FB1,DB,DB,FB,FB,0,247,247,57,GE DIRE
7722,02/01/2026,57A903160,326,2,57,N,0,247,"931834,48","6919534,17",0,2,57,N,326,573,"931478,02","6919791,33",0,D,0,ACCROCHE,DB2,FB2,DB,DB,FB,FB,0,326,326,57,GE DIRE
7721,02/01/2026,57A903160,720,3,57,N,0,573,"931479,05","6919540,17",0,3,57,N,720,1293,"931548,92","6919047,22",0,D,0,ACCROCHE,DB3,FB3,DB,DB,FB,FB,0,720,720,57,GE DIRE
7720,02/01/2026,57A903160,235,4,57,N,0,1293,"931371,66","6919533,3",0,4,57,N,235,1528,"931533,78","6919330,81",0,D,0,ACCROCHE,DB4,FB4,DB,DB,FB,FB,0,235,235,57,GE DIRE
7719,02/01/2026,57A903160,577,5,57,N,0,1528,"931573,3","6919320,38",0,5,57,N,577,2105,"931615,85","6919536,69",0,D,0,ACCROCHE,DB5,FB5,DB,DB,FB,FB,0,577,577,57,GE DIRE
7718,02/01/2026,57A903160,240,6,57,N,0,2105,"931511,86","6919508,1",0,6,57,N,240,2345,"931492,75","6919529,56",0,D,0,ACCROCHE,DB6,FB6,DB,DB,FR,FR,0,240,240,57,GE DIRE
15383,02/01/2026,57A903155,362,3,57,N,0,355,"931530,36","6916239,05",0,3,57,N,362,717,"931302,33","6915994,43",0,D,0,ACCROCHE,DB3,FB3,DB,DB,FB,FB,0,362,362,57,GE DIRE
15381,02/01/2026,57A903155,355,2,57,N,0,0,"931742,05","6915783,89",0,2,57,N,355,355,"931570,12","6916069,38",0,D,0,ACCROCHE,DB2,FB2,DB,DB,FB,FB,0,355,355,57,GE DIRE
7726,02/01/2026,57A903155,27,4,57,N,0,717,"931690,37","6915804,04",0,4,57,N,27,744,"931708,61","6915825,36",0,D,0,ACCROCHE,DB4,FB4,DB,DB,FR,FR,0,27,27,57,GE DIRE
28317,02/01/2026,57A903005,345,1,57,N,0,0,"930514,68","6914988,76",0,1,57,N,345,345,"930307,9","6915260,71",0,D,0,ACCROCHE,DB1,FB1,DB,DB,FB,FB,0,345,345,57,GE DIRE
28316,02/01/2026,57A903005,552,2,57,N,0,345,"930264,97","6915334,98",0,2,57,N,552,897,"930008,03","6915266,71",0,D,0,ACCROCHE,DB2,FB2,DB,DB,FB,FB,0,552,552,57,GE DIRE
28315,02/01/2026,57A903005,507,3,57,N,0,897,"930088,41","6915212,34",0,3,57,N,507,1404,"930417,22","6914882,5",0,D,0,ACCROCHE,DB3,FB3,DB,DB,FB,FB,0,507,507,57,GE DIRE
28314,02/01/2026,57A903005,465,4,57,N,0,1404,"930398,86","6914963,04",0,4,57,N,465,1869,930312,"6915088,02",0,D,0,ACCROCHE,DB4,FB4,DB,DB,FR,FR,0,465,465,57,GE DIRE
8350,02/01/2026,57A903145,257,1,57,N,0,0,"931626,95","6909081,19",0,1,57,N,257,257,"931623,96","6909356,27",0,D,0,ACCROCHE,DB1,FB1,DB,DB,FB,FB,0,257,257,57,GE DIRE
8349,02/01/2026,57A903145,342,2,57,N,0,257,"931616,5","6909372,13",0,2,57,N,342,599,"931457,71","6909585,47",0,D,0,ACCROCHE,DB2,FB2,DB,DB,FB,FB,0,342,342,57,GE DIRE
8348,02/01/2026,57A903145,208,3,57,N,0,599,"931451,21","6909560,54",0,3,57,N,208,807,"931477,02","6909329,26",0,D,0,ACCROCHE,DB3,FB3,DB,DB,FB,FB,0,208,208,57,GE DIRE
8346,02/01/2026,57A903145,280,4,57,N,0,807,"931465,39","6909325,96",0,4,57,N,280,1087,"931614,12","6909049,84",0,D,0,ACCROCHE,DB4,FB4,DB,DB,FR,FR,0,280,280,57,GE DIRE
28313,02/01/2026,57A903010,388,2,57,N,0,282,"927178,51","6916433,12",0,2,57,N,388,670,"926817,62","6916565,59",0,D,0,ACCROCHE,DB2,FB2,DB,DB,FB,FB,0,388,388,57,GE DIRE
28312,02/01/2026,57A903010,475,6,57,N,0,1819,"926900,2","6916536,18",0,6,57,N,475,2294,"926561,01","6916806,85",0,D,0,ACCROCHE,DB6,FB6,DB,DB,FR,FR,0,475,475,57,GE DIRE
10280,02/01/2026,57A903010,282,1,57,N,0,0,"927523,2","6916215,64",0,1,57,N,282,282,"927302,66","6916374,28",0,D,0,ACCROCHE,DB1,FB1,DB,DB,FB,FB,0,282,282,57,GE DIRE
10279,02/01/2026,57A903010,311,4,57,N,0,979,"927261,86","6916287,2",0,4,57,N,311,1290,"927573,81","6916177,05",0,D,0,ACCROCHE,DB4,FB4,DB,DB,FB,FB,0,311,311,57,GE DIRE
8074,02/01/2026,57A903010,309,3,57,N,0,670,"926882,17",6916520,0,3,57,N,309,979,"927137,52","6916346,77",0,D,0,ACCROCHE,DB3,FB3,DB,DB,FB,FB,0,309,309,57,GE DIRE
8073,02/01/2026,57A903010,529,5,57,N,0,1290,"927302,66","6916374,28",0,5,57,N,529,1819,"927302,66","6916374,28",0,D,0,ACCROCHE,DB5,FB5,SA,SA,SA,SA,0,529,529,57,GE DIRE
28311,02/01/2026,57A903015,397,1,57,N,0,0,"925851,53","6916976,56",0,1,57,N,397,397,"925482,11","6916889,7",0,D,0,ACCROCHE,DB1,FB1,DB,DB,FB,FB,0,397,397,57,GE DIRE
28310,02/01/2026,57A903015,338,2,57,N,0,397,"925451,2","6916881,27",0,2,57,N,338,735,"925770,93","6916776,04",0,D,0,ACCROCHE,DB2,FB2,DB,DB,FB,FB,0,338,338,57,GE DIRE
28309,02/01/2026,57A903015,382,3,57,N,0,735,"925756,62","6916740,86",0,3,57,N,382,1117,"926116,73","6916822,71",0,D,0,ACCROCHE,DB3,FB3,DB,DB,FB,FB,0,382,382,57,GE DIRE
28308,02/01/2026,57A903015,62,4,57,N,0,1117,"925809,62","6916875,42",0,4,57,N,62,1179,"925768,33","6916911,31",0,D,0,ACCROCHE,DB4,FB4,DB,DB,FB,FB,0,62,62,57,GE DIRE
28307,02/01/2026,57A903015,61,5,57,N,0,1179,"925791,87","6916828,4",0,5,57,N,61,1240,"925836,43","6916800,98",0,D,0,ACCROCHE,DB5,FB5,DB,DB,FR,FR,0,61,61,57,GE DIRE
7717,02/01/2026,57A903165,329,1,57,N,0,0,"931090,66","6920609,21",0,1,57,N,329,329,"930839,38","6920958,38",0,D,0,ACCROCHE,DB1,FB1,DB,DB,FB,FB,0,329,329,57,GE DIRE
7716,02/01/2026,57A903165,477,2,57,N,0,329,"930725,05","6921225,12",0,2,57,N,477,806,"930187,98","6921100,13",0,D,0,ACCROCHE,DB2,FB2,DB,DB,FB,FB,0,477,477,57,GE DIRE
7715,02/01/2026,57A903165,262,3,57,N,0,806,"930676,9","6920950,09",0,3,57,N,262,1068,"930837,27","6920713,94",0,D,0,ACCROCHE,DB3,FB3,DB,DB,FB,FB,0,262,262,57,GE DIRE
7714,02/01/2026,57A903165,427,4,57,N,0,1068,"930731,06","6921434,55",0,4,57,N,427,1495,"930589,97","6921113,95",0,D,0,ACCROCHE,DB4,FB4,DB,DB,FB,FB,0,427,427,57,GE DIRE
7712,02/01/2026,57A903165,245,5,57,N,0,1495,"930840,59","6920739,8",0,5,57,N,245,1740,"930839,31","6920846,65",0,D,0,ACCROCHE,DB5,FB5,DB,DB,FR,FR,0,245,245,57,GE DIRE
7711,02/01/2026,57A903170,219,1,57,N,0,0,"929476,02","6921161,23",0,1,57,N,219,219,"929440,72","6921182,13",0,D,0,ACCROCHE,DB1,FB1,DB,DB,FB,FB,0,219,219,57,GE DIRE
7710,02/01/2026,57A903170,188,2,57,N,0,219,"929490,09","6921308,63",0,2,57,N,188,407,"929306,47","6921178,59",0,D,0,ACCROCHE,DB2,FB2,DB,DB,FB,FB,0,188,188,57,GE DIRE
7709,02/01/2026,57A903170,167,3,57,N,0,407,"929245,13","6921181,72",0,3,57,N,167,574,"929323,37","6921028,73",0,D,0,ACCROCHE,DB3,FB3,DB,DB,FB,FB,0,167,167,57,GE DIRE
7708,02/01/2026,57A903170,189,4,57,N,0,574,"929419,26","6921138,44",0,4,57,N,189,763,"929376,94","6921156,89",0,D,0,ACCROCHE,DB4,FB4,DB,DB,FR,FR,0,189,189,57,GE DIRE
29632,02/01/2026,57A903175,267,3,57,N,0,850,"928085,16","6921337,94",0,3,57,N,267,1117,"928313,39","6921218,25",0,D,0,ACCROCHE,DB3,FB3,DB,DB,FB,FB,0,267,267,57,GE DIRE
29631,02/01/2026,57A903175,195,4,57,N,0,1117,"928321,67","6921229,91",0,4,57,N,195,1312,"928298,41","6921358,39",0,D,0,ACCROCHE,DB4,FB4,DB,DB,FR,FR,0,195,195,57,GE DIRE
29630,02/01/2026,57A903175,393,2,57,N,0,457,"928425,79","6921515,1",0,2,57,N,393,850,"928145,78","6921357,01",0,D,0,ACCROCHE,DB2,FB2,DB,DB,FB,FB,0,393,393,57,GE DIRE
29629,02/01/2026,57A903175,457,1,57,N,0,0,"928791,59","6921296,77",0,1,57,N,457,457,"928425,15","6921544,79",0,D,0,ACCROCHE,DB1,FB1,DB,DB,FB,FB,0,457,457,57,GE DIRE
7707,02/01/2026,57A903180,310,1,57,N,0,0,"927426,34",6921200,0,1,57,N,310,310,"927287,98","6921229,78",0,D,0,ACCROCHE,DB1,FB1,DB,DB,FB,FB,0,310,310,57,GE DIRE
7705,02/01/2026,57A903180,269,2,57,N,0,310,"927287,58","6921240,98",0,2,57,N,269,579,"927140,33","6921051,86",0,D,0,ACCROCHE,DB2,FB2,DB,DB,FB,FB,0,269,269,57,GE DIRE
7704,02/01/2026,57A903180,402,3,57,N,0,579,"927137,61","6921037,99",0,3,57,N,402,981,"927270,24","6921085,11",0,D,0,ACCROCHE,DB3,FB3,DB,DB,FB,FB,0,402,402,57,GE DIRE
7703,02/01/2026,57A903180,225,4,57,N,0,981,"927247,51","6920999,06",0,4,57,N,225,1206,"927420,13","6921186,86",0,D,0,ACCROCHE,DB4,FB4,DB,DB,FR,FR,0,225,225,57,GE DIRE
7702,02/01/2026,57A903185,603,1,57,N,0,0,"926427,65","6920716,6",0,1,57,N,603,603,"926311,65","6920535,2",0,D,0,ACCROCHE,DB1,FB1,DB,DB,FB,FB,0,603,603,57,GE DIRE
7701,02/01/2026,57A903185,470,2,57,N,0,603,"926279,52","6920587,85",0,2,57,N,470,1073,"926209,38","6920783,1",0,D,0,ACCROCHE,DB2,FB2,DB,DB,FB,FB,0,470,470,57,GE DIRE
7700,02/01/2026,57A903185,318,3,57,N,0,1073,"926040,82","6920895,53",0,3,57,N,318,1391,"926191,24","6920653,77",0,D,0,ACCROCHE,DB3,FB3,DB,DB,FB,FB,0,318,318,57,GE DIRE
7699,02/01/2026,57A903185,256,4,57,N,0,1391,"926342,73","6920558,82",0,4,57,N,256,1647,"926350,19","6920717,75",0,D,0,ACCROCHE,DB4,FB4,DB,DB,FR,FR,0,256,256,57,GE DIRE
7693,02/01/2026,57A903195,282,1,57,N,0,0,"925974,96","6930325,29",0,1,57,N,282,282,"926078,02","6930332,21",0,D,0,ACCROCHE,DB1,FB1,DB,DB,FB,FB,0,282,282,57,GE DIRE
7692,02/01/2026,57A903195,291,2,57,N,0,282,"926100,25","6930323,95",0,2,57,N,291,573,"926054,77","6930612,74",0,D,0,ACCROCHE,DB2,FB2,DB,DB,FB,FB,0,291,291,57,GE DIRE
7691,02/01/2026,57A903195,238,3,57,N,0,573,"925975,51","6930367,16",0,3,57,N,238,811,"925913,39","6930400,79",0,D,0,ACCROCHE,DB3,FB3,DB,DB,FB,FB,0,238,238,57,GE DIRE
7690,02/01/2026,57A903195,265,4,57,N,0,811,"925859,04","6930431,3",0,4,57,N,265,1076,"925906,52","6930150,54",0,D,0,ACCROCHE,DB4,FB4,DB,DB,FR,FR,0,265,265,57,GE DIRE
7698,02/01/2026,57A903190,274,1,57,N,0,0,"925688,96","6922404,81",0,1,57,N,274,274,"925902,62","6922669,82",0,D,0,ACCROCHE,DB1,FB1,DB,DB,FB,FB,0,274,274,57,GE DIRE
7697,02/01/2026,57A903190,308,2,57,N,0,274,"925889,49","6922678,92",0,2,57,N,308,582,"925676,69","6922928,52",0,D,0,ACCROCHE,DB2,FB2,DB,DB,FB,FB,0,308,308,57,GE DIRE
7696,02/01/2026,57A903190,224,3,57,N,0,582,"925675,14","6922702,56",0,3,57,N,224,806,"925535,12","6922702,17",0,D,0,ACCROCHE,DB3,FB3,DB,DB,FB,FB,0,224,224,57,GE DIRE
7694,02/01/2026,57A903190,238,4,57,N,0,806,"925530,62","6922701,81",0,4,57,N,238,1044,"925682,3","6922520,69",0,D,0,ACCROCHE,DB4,FB4,DB,DB,FR,FR,0,238,238,57,GE DIRE
8060,02/01/2026,57A903105,705,10,57,N,0,520,"927449,42","6886333,78",0,10,57,N,705,1225,"927582,79","6885759,57",0,D,0,ACCROCHE,DB10,FB10,DB,DB,FB,FB,0,705,705,57,GE DIRE
8059,02/01/2026,57A903105,705,11,57,N,0,1225,"927582,79","6885759,57",0,11,57,N,705,1930,927452,"6886307,47",0,D,0,ACCROCHE,DB11,FB11,DB,DB,FB,FB,0,705,705,57,GE DIRE
8057,02/01/2026,57A903105,520,1,57,N,0,0,"927664,3","6885811,85",0,1,57,N,520,520,"927643,73","6886325,08",0,D,0,ACCROCHE,DB1,FB1,DB,DB,FB,FB,0,520,520,57,GE DIRE
8056,02/01/2026,57A903105,330,2,57,N,0,1930,"927642,22","6886383,04",0,2,57,N,330,2260,"927504,77","6886684,32",0,D,0,ACCROCHE,DB2,FB2,DB,DB,FB,FB,0,330,330,57,GE DIRE
8055,02/01/2026,57A903105,300,3,57,N,0,2260,"927490,26","6886648,72",0,3,57,N,300,2560,"927471,97","6886352,07",0,D,0,ACCROCHE,DB3,FB3,DB,DB,FB,FB,0,300,300,57,GE DIRE
8054,02/01/2026,57A903105,209,4,57,N,0,2560,"927476,87","6886294,46",0,4,57,N,209,2769,"927586,32","6886121,13",0,D,0,ACCROCHE,DB4,FB4,DB,DB,FB,FB,0,209,209,57,GE DIRE
8053,02/01/2026,57A903105,213,5,57,N,0,2769,"927635,35","6886234,13",0,5,57,N,213,2982,"927768,01","6886379,87",0,D,0,ACCROCHE,DB5,FB5,DB,DB,FB,FB,0,213,213,57,GE DIRE
8052,02/01/2026,57A903105,178,6,57,N,0,2982,"927611,88","6886361,09",0,6,57,N,178,3160,"927611,88","6886361,09",0,D,0,ACCROCHE,DB6,FB6,SA,SA,SA,SA,0,178,178,57,GE DIRE
8051,02/01/2026,57A903105,178,7,57,N,0,3160,"927502,43","6886337,72",0,7,57,N,178,3338,"927502,43","6886337,72",0,D,0,ACCROCHE,DB7,FB7,SA,SA,SA,SA,0,178,178,57,GE DIRE
8050,02/01/2026,57A903105,104,8,57,N,0,3338,"927611,88","6886361,09",0,8,57,N,104,3442,"927502,43","6886337,72",0,D,0,ACCROCHE,DB8,FB8,DB,DB,FB,FB,0,104,104,57,GE DIRE
8049,02/01/2026,57A903105,104,9,57,N,0,3442,"927506,01","6886324,69",0,9,57,N,104,3546,"927615,58","6886338,29",0,D,0,ACCROCHE,DB9,FB9,DB,DB,FR,FR,0,104,104,57,GE DIRE
8022,02/01/2026,57A903130,865,1,57,N,0,0,"932327,74","6898484,56",0,1,57,N,865,865,"932355,78","6899326,72",0,D,0,ACCROCHE,DB1,FB1,DB,DB,FB,FB,0,865,865,57,GE DIRE
8021,02/01/2026,57A903130,149,2,57,N,0,865,"932328,69","6899361,43",0,2,57,N,149,1014,"932192,02","6899471,05",0,D,0,ACCROCHE,DB2,FB2,DB,DB,FB,FB,0,149,149,57,GE DIRE
8020,02/01/2026,57A903130,248,3,57,N,0,1014,"932159,95","6899556,83",0,3,57,N,248,1262,"932118,68","6899229,72",0,D,0,ACCROCHE,DB3,FB3,DB,DB,FB,FB,0,248,248,57,GE DIRE
8019,02/01/2026,57A903130,192,4,57,N,0,1262,"932137,33","6899202,48",0,4,57,N,192,1454,"932267,59","6898951,7",0,D,0,ACCROCHE,DB4,FB4,DB,DB,FB,FB,0,192,192,57,GE DIRE
8018,02/01/2026,57A903130,210,5,57,N,0,1454,"932352,58","6899250,13",0,5,57,N,210,1664,"932453,37","6899363,71",0,D,0,ACCROCHE,DB5,FB5,DB,DB,FR,FR,0,210,210,57,GE DIRE
8010,02/01/2026,57A903140,225,1,57,N,0,0,"931273,52","6906353,74",0,1,57,N,225,225,"931367,14","6906639,37",0,D,0,ACCROCHE,DB1,FB1,DB,DB,FB,FB,0,225,225,57,GE DIRE
8353,02/01/2026,57A903140,214,2,57,N,0,225,"931367,14","6906639,37",0,2,57,N,214,439,"931303,83","6906888,53",0,D,0,ACCROCHE,DB2,FB2,DB,DB,FB,FB,0,214,214,57,GE DIRE
8352,02/01/2026,57A903140,225,3,57,N,0,439,"931293,5","6906921,41",0,3,57,N,225,664,"931165,41","6906646,01",0,D,0,ACCROCHE,DB3,FB3,DB,DB,FB,FB,0,225,225,57,GE DIRE
8351,02/01/2026,57A903140,137,4,57,N,0,664,"931179,58","6906562,73",0,4,57,N,137,801,"931254,9","6906382,92",0,D,0,ACCROCHE,DB4,FB4,DB,DB,FR,FR,0,137,137,57,GE DIRE
28306,02/01/2026,57A903020,1606,1,57,N,0,0,"924102,59","6917467,14",0,1,57,N,1606,1606,"923158,39","6918550,49",0,D,0,ACCROCHE,DB1,FB1,DB,DB,FB,FB,0,1606,1606,57,GE DIRE
28305,02/01/2026,57A903020,488,6,57,N,0,5111,"924522,27","6917154,48",0,6,57,N,488,5599,"924134,48","6917420,4",0,D,0,ACCROCHE,DB6,FB6,DB,DB,FB,FB,0,488,488,57,GE DIRE
10278,02/01/2026,57A903020,665,3,57,N,0,3496,"924134,48","6917420,4",0,3,57,N,665,4161,"923579,62","6917697,52",0,D,0,ACCROCHE,DB3,FB3,DB,DB,FB,FB,0,665,665,57,GE DIRE
10596,02/01/2026,57A903020,450,4,57,N,0,4161,"923434,21","6917968,83",0,4,57,N,450,4611,"923341,96","6918362,64",0,D,0,ACCROCHE,DB4,FB4,DB,DB,FB,FB,0,450,450,57,GE DIRE
8071,02/01/2026,57A903020,1890,2,57,N,0,1606,"923132,2","6918503,62",0,2,57,N,1890,3496,"924318,01","6917457,24",0,D,0,ACCROCHE,DB2,FB2,DB,DB,FB,FB,0,1890,1890,57,GE DIRE
8070,02/01/2026,57A903020,500,5,57,N,0,4611,"924104,71","6917411,98",0,5,57,N,500,5111,"924501,51","6917161,35",0,D,0,ACCROCHE,DB5,FB5,DB,DB,FB,FB,0,500,500,57,GE DIRE
8068,02/01/2026,57A903020,45,7,57,N,0,5599,"923816,23","6917542,3",0,7,57,N,45,5644,"923782,11","6917509,39",0,D,0,ACCROCHE,DB7,FB7,DB,DB,FR,FR,0,45,45,57,GE DIRE
28304,02/01/2026,57A903025,246,1,57,N,0,0,"922014,34","6918926,86",0,1,57,N,246,246,"921775,04","6918959,33",0,D,0,ACCROCHE,DB1,FB1,DB,DB,FB,FB,0,246,246,57,GE DIRE
27976,02/01/2026,57A903025,919,2,57,N,0,246,"921571,8","6919394,42",0,2,57,N,919,1165,"922037,64","6918908,67",0,D,0,ACCROCHE,DB2,FB2,DB,DB,FB,FB,0,919,919,57,GE DIRE
27975,02/01/2026,57A903025,1027,3,57,N,0,1165,"921540,9","6918861,51",0,3,57,N,1027,2192,"921616,6","6919328,97",0,D,0,ACCROCHE,DB3,FB3,DB,DB,FR,FR,0,1027,1027,57,GE DIRE
27974,02/01/2026,57A903030,554,1,57,N,0,0,"916625,84","6921567,76",0,1,57,N,554,554,"916476,6","6921721,61",0,D,0,ACCROCHE,DB1,FB1,DB,DB,FB,FB,0,554,554,57,GE DIRE
27973,02/01/2026,57A903030,667,4,57,N,0,1293,"916430,5","6921564,22",0,4,57,N,667,1960,"916614,89","6921833,99",0,D,0,ACCROCHE,DB4,FB4,DB,DB,FR,FR,0,667,667,57,GE DIRE
8067,02/01/2026,57A903030,487,2,57,N,0,554,"916614,55","6922014,01",0,2,57,N,487,1041,916408,"6921577,25",0,D,0,ACCROCHE,DB2,FB2,DB,DB,FB,FB,0,487,487,57,GE DIRE
8066,02/01/2026,57A903030,252,3,57,N,0,1041,"916459,76","6921655,82",0,3,57,N,252,1293,"916605,94","6921675,59",0,D,0,ACCROCHE,DB3,FB3,DB,DB,FB,FB,0,252,252,57,GE DIRE
27972,02/01/2026,57A903035,548,2,57,N,0,383,"915680,85","6925112,64",0,2,57,N,548,931,"915158,44","6925137,3",0,D,0,ACCROCHE,DB2,FB2,DB,DB,FB,FB,0,548,548,57,GE DIRE
27971,02/01/2026,57A903035,1865,3,57,N,0,931,"915159,37","6925121,57",0,3,57,N,1865,2796,"916685,48","6925393,99",0,D,0,ACCROCHE,DB3,FB3,DB,DB,FB,FB,0,1865,1865,57,GE DIRE
27970,02/01/2026,57A903035,1810,4,57,N,0,2796,"916684,17","6925426,21",0,4,57,N,1810,4606,"915429,64","6924922,78",0,D,0,ACCROCHE,DB4,FB4,DB,DB,FR,FR,0,1810,1810,57,GE DIRE
8065,02/01/2026,57A903035,383,1,57,N,0,0,"915599,77","6924811,66",0,1,57,N,383,383,"915640,49","6925089,39",0,D,0,ACCROCHE,DB1,FB1,DB,DB,FB,FB,0,383,383,57,GE DIRE
27969,02/01/2026,57A903040,415,2,57,N,0,492,"912631,65","6927024,7",0,2,57,N,415,907,"912264,53","6927146,18",0,D,0,ACCROCHE,DB2,FB2,DB,DB,FB,FB,0,415,415,57,GE DIRE
27968,02/01/2026,57A903040,475,3,57,N,0,907,"912201,11","6927179,28",0,3,57,N,475,1382,"912497,56","6926815,45",0,D,0,ACCROCHE,DB3,FB3,DB,DB,FB,FB,0,475,475,57,GE DIRE
27967,02/01/2026,57A903040,378,4,57,N,0,1382,"912507,95","6926832,36",0,4,57,N,378,1760,"912864,47","6926680,79",0,D,0,ACCROCHE,DB4,FB4,DB,DB,FB,FB,0,378,378,57,GE DIRE
8063,02/01/2026,57A903040,492,1,57,N,0,0,"912928,22","6926648,16",0,1,57,N,492,492,"912629,16","6927021,3",0,D,0,ACCROCHE,DB1,FB1,DB,DB,FB,FB,0,492,492,57,GE DIRE
8062,02/01/2026,57A903040,64,5,57,N,0,1760,"912586,68","6926956,09",0,5,57,N,64,1824,"912544,94","6927004,88",0,D,0,ACCROCHE,DB5,FB5,DB,DB,FB,FB,0,64,64,57,GE DIRE
8061,02/01/2026,57A903040,52,6,57,N,0,1824,"912537,04","6926878,32",0,6,57,N,52,1876,"912567,31","6926832,52",0,D,0,ACCROCHE,DB6,FB6,DB,DB,FR,FR,0,52,52,57,GE DIRE
7650,02/01/2026,57N900425,338,1,57,N,0,0,"997341,32","6853773,35",0,1,57,N,338,338,"997657,64","6853825,39",0,D,0,ACCROCHE,DB1,FB1,DB,DB,FB,FB,0,338,338,57,GE DIRE
7649,02/01/2026,57N900425,470,2,57,N,0,338,"997710,62","6853850,42",0,2,57,N,470,808,"998023,74","6854152,22",0,D,0,ACCROCHE,DB2,FB2,DB,DB,FB,FB,0,470,470,57,GE DIRE
7648,02/01/2026,57N900425,345,3,57,N,0,808,"997997,4","6854145,63",0,3,57,N,345,1153,"997675,51","6854076,88",0,D,0,ACCROCHE,DB3,FB3,DB,DB,FB,FB,0,345,345,57,GE DIRE
7647,02/01/2026,57N900425,285,4,57,N,0,1153,"997686,45","6854047,8",0,4,57,N,285,1438,"997705,87","6853965,71",0,D,0,ACCROCHE,DB4,FB4,DB,DB,FR,FR,0,285,285,57,GE DIRE
7575,02/01/2026,57N943115,196,1,57,N,0,0,"936016,43","6893116,74",0,1,57,N,196,196,"936147,95","6893076,68",0,D,0,ACCROCHE,DB1,FB1,DB,DB,FB,FB,0,196,196,57,GE DIRE
7574,02/01/2026,57N943115,236,2,57,N,0,196,"936161,95","6893078,85",0,2,57,N,236,432,"936090,42","6893294,97",0,D,0,ACCROCHE,DB2,FB2,DB,DB,FR,FR,0,236,236,57,GE DIRE
7573,02/01/2026,57N943120,509,1,57,N,0,0,"935961,43","6893012,76",0,1,57,N,509,509,"935608,54","6892664,02",0,D,0,ACCROCHE,DB1,FB1,DB,DB,FB,FB,0,509,509,57,GE DIRE
7572,02/01/2026,57N943120,342,2,57,N,0,509,"935574,64","6892641,57",0,2,57,N,342,851,"935322,82","6892434,28",0,D,0,ACCROCHE,DB2,FB2,DB,DB,FB,FB,0,342,342,57,GE DIRE
7554,02/01/2026,57N943120,388,3,57,N,0,851,"935315,93","6892419,69",0,3,57,N,388,1239,"935683,08","6892550,73",0,D,0,ACCROCHE,DB3,FB3,DB,DB,FB,FB,0,388,388,57,GE DIRE
7553,02/01/2026,57N943120,292,4,57,N,0,1239,"935711,78","6892577,75",0,4,57,N,292,1531,"935849,42","6892804,41",0,D,0,ACCROCHE,DB4,FB4,DB,DB,FR,FR,0,292,292,57,GE DIRE
7550,02/01/2026,57N943130,380,1,57,N,0,0,"933182,69","6889316,94",0,1,57,N,380,380,"932842,17","6889153,56",0,D,0,ACCROCHE,DB1,FB1,DB,DB,FB,FB,0,380,380,57,GE DIRE
7549,02/01/2026,57N943130,287,2,57,N,0,380,"932805,87","6889129,84",0,2,57,N,287,667,"932632,1","6888905,05",0,D,0,ACCROCHE,DB2,FB2,DB,DB,FB,FB,0,287,287,57,GE DIRE
7548,02/01/2026,57N943130,354,3,57,N,0,667,"932562,96","6888840,87",0,3,57,N,354,1021,"932874,73","6889004,24",0,D,0,ACCROCHE,DB3,FB3,DB,DB,FB,FB,0,354,354,57,GE DIRE
7547,02/01/2026,57N943130,305,4,57,N,0,1021,"932904,14","6889019,31",0,4,57,N,305,1326,"933104,72","6889245,94",0,D,0,ACCROCHE,DB4,FB4,DB,DB,FR,FR,0,305,305,57,GE DIRE
8345,02/01/2026,57A903150,211,1,57,N,0,0,"931273,49","6911316,98",0,1,57,N,211,211,"931303,51","6911608,44",0,D,0,ACCROCHE,DB1,FB1,DB,DB,FB,FB,0,211,211,57,GE DIRE
8344,02/01/2026,57A903150,200,2,57,N,0,211,"931319,13","6911646,88",0,2,57,N,200,411,"931198,92","6911921,91",0,D,0,ACCROCHE,DB2,FB2,DB,DB,FB,FB,0,200,200,57,GE DIRE
8343,02/01/2026,57A903150,153,3,57,N,0,411,"931182,55","6911919,16",0,3,57,N,153,564,"931191,37","6911676,87",0,D,0,ACCROCHE,DB3,FB3,DB,DB,FB,FB,0,153,153,57,GE DIRE
8342,02/01/2026,57A903150,184,4,57,N,0,564,"931187,81","6911635,42",0,4,57,N,184,748,"931257,55","6911399,08",0,D,0,ACCROCHE,DB4,FB4,DB,DB,FR,FR,0,184,184,57,GE DIRE
51931,02/01/2026,70N905702,220,1,70,N,0,0,"953944,28","6752415,06",0,1,70,N,220,220,"953861,67","6752214,75",0,D,0,ACCROCHE,DB1,FB1,DB,DB,FB,FB,0,220,220,70,DIRE
3775,02/01/2026,70N905702,267,2,70,N,0,220,"953904,22","6751794,93",0,2,70,N,267,487,"954050,76","6751539,67",0,D,0,ACCROCHE,DB2,FB2,DB,DB,FB,FB,0,267,267,70,DIRE
3774,02/01/2026,70N905702,255,3,70,N,0,487,"954047,71","6751561,62",0,3,70,N,255,742,"953974,86","6751808,69",0,D,0,ACCROCHE,DB3,FB3,DB,DB,FB,FB,0,255,255,70,DIRE
3773,02/01/2026,70N905702,235,4,70,N,0,742,"953954,49","6751886,28",0,4,70,N,235,977,"953909,18","6752109,39",0,D,0,ACCROCHE,DB4,FB4,DB,DB,FR,FR,0,235,235,70,DIRE
3779,02/01/2026,70N905701,335,1,70,N,0,0,"952752,71","6757410,09",0,1,70,N,335,335,"952577,14","6757169,71",0,D,0,ACCROCHE,DB1,FB1,DB,DB,FB,FB,0,335,335,70,DIRE
3778,02/01/2026,70N905701,225,2,70,N,0,335,"952582,47","6757123,62",0,2,70,N,225,560,"952750,11","6757004,09",0,D,0,ACCROCHE,DB2,FB2,DB,DB,FB,FB,0,225,225,70,DIRE
3777,02/01/2026,70N905701,245,3,70,N,0,560,"952760,51","6756951,12",0,3,70,N,245,805,"952924,55","6757130,27",0,D,0,ACCROCHE,DB3,FB3,DB,DB,FB,FB,0,245,245,70,DIRE
3776,02/01/2026,70N905701,220,4,70,N,0,805,"952907,4","6757134,92",0,4,70,N,220,1025,"952756,64","6757117,62",0,D,0,ACCROCHE,DB4,FB4,DB,DB,FR,FR,0,220,220,70,DIRE
3672,02/01/2026,70N905706,289,1,70,N,0,0,"927871,08","6698543,23",0,1,70,N,289,289,"927933,89","6698647,62",0,D,0,ACCROCHE,DB1,FB1,DB,DB,FB,FB,0,289,289,70,DIRE
3671,02/01/2026,70N905706,343,2,70,N,0,289,"927928,22","6698671,08",0,2,70,N,343,632,"927718,2","6698432,87",0,D,0,ACCROCHE,DB2,FB2,DB,DB,FB,FB,0,343,343,70,DIRE
3670,02/01/2026,70N905706,272,3,70,N,0,632,"927722,75","6698424,16",0,3,70,N,272,904,"927989,57","6698497,35",0,D,0,ACCROCHE,DB3,FB3,DB,DB,FB,FB,0,272,272,70,DIRE
3669,02/01/2026,70N905706,219,4,70,N,0,904,"927986,44","6698517,01",0,4,70,N,219,1123,"927848,6","6698514,88",0,D,0,ACCROCHE,DB4,FB4,DB,DB,FR,FR,0,219,219,70,DIRE
3792,02/01/2026,70N901921,347,1,70,N,0,0,"940133,39","6729679,51",0,1,70,N,347,347,"940306,72","6729465,82",0,D,0,ACCROCHE,DB1,FB1,DB,DB,FB,FB,0,347,347,70,DIRE
3790,02/01/2026,70N901921,535,2,70,N,0,347,"940306,72","6729465,82",0,2,70,N,535,882,"940114,65","6729675,81",0,D,0,ACCROCHE,DB2,FB2,DB,DB,FB,FB,0,535,535,70,DIRE
3789,02/01/2026,70N901921,180,3,70,N,0,882,"940322,27","6729585,93",0,3,70,N,180,1062,"940415,41","6729734,13",0,D,0,ACCROCHE,DB3,FB3,DB,DB,FR,FR,0,180,180,70,DIRE
4494,02/01/2026,70N901902,246,10,70,N,0,98,"937641,42","6730223,83",0,10,70,N,246,344,"937636,02","6730423,49",0,D,0,ACCROCHE,DB10,FB10,DB,DB,FB,FB,0,246,246,70,DIRE
4493,02/01/2026,70N901902,98,1,70,N,0,0,"937652,95","6730319,29",0,1,70,N,98,98,"937641,42","6730223,83",0,D,0,ACCROCHE,DB1,FB1,DB,DB,FB,FB,0,98,98,70,DIRE
4492,02/01/2026,70N901902,80,2,70,N,0,344,"937654,09","6730217,8",0,2,70,N,80,424,"937688,27","6730296,16",0,D,0,ACCROCHE,DB2,FB2,DB,DB,FB,FB,0,80,80,70,DIRE
4491,02/01/2026,70N901902,95,3,70,N,0,424,"937641,42","6730223,83",0,3,70,N,95,519,"937641,42","6730223,83",0,D,0,ACCROCHE,DB3,FB3,SA,SA,SA,SA,0,95,95,70,DIRE
4490,02/01/2026,70N901902,40,4,70,N,0,519,"937652,41","6730203,83",0,4,70,N,40,559,"937690,92","6730202,03",0,D,0,ACCROCHE,DB4,FB4,DB,DB,FB,FB,0,40,40,70,DIRE
4489,02/01/2026,70N901902,40,5,70,N,0,559,"937690,92","6730202,03",0,5,70,N,40,599,"937655,54","6730213,93",0,D,0,ACCROCHE,DB5,FB5,DB,DB,FB,FB,0,40,40,70,DIRE
4488,02/01/2026,70N901902,95,6,70,N,0,599,"937558,28","6730381,91",0,6,70,N,95,694,"937621,84","6730427,2",0,D,0,ACCROCHE,DB6,FB6,DB,DB,FB,FB,0,95,95,70,DIRE
4486,02/01/2026,70N901902,86,7,70,N,0,694,"937621,84","6730427,2",0,7,70,N,86,780,"937621,84","6730427,2",0,D,0,ACCROCHE,DB7,FB7,SA,SA,SA,SA,0,86,86,70,DIRE
4485,02/01/2026,70N901902,309,8,70,N,0,780,"937629,04","6730443,93",0,8,70,N,309,1089,"937341,45","6730524,55",0,D,0,ACCROCHE,DB8,FB8,DB,DB,FB,FB,0,309,309,70,DIRE
3807,02/01/2026,70N901902,264,9,70,N,0,1089,"937621,84","6730427,2",0,9,70,N,264,1353,"937632,14","6730214,68",0,D,0,ACCROCHE,DB9,FB9,DB,DB,FR,FR,0,264,264,70,DIRE
3796,02/01/2026,70N901907,262,1,70,N,0,0,"936081,1","6731597,85",0,1,70,N,262,262,"936073,49","6731399,57",0,D,0,ACCROCHE,DB1,FB1,DB,DB,FB,FB,0,262,262,70,DIRE
3795,02/01/2026,70N901907,163,2,70,N,0,262,"936086,39","6731404,15",0,2,70,N,163,425,"936242,42","6731370,65",0,D,0,ACCROCHE,DB2,FB2,DB,DB,FB,FB,0,163,163,70,DIRE
3794,02/01/2026,70N901907,219,3,70,N,0,425,"936336,2","6731283,99",0,3,70,N,219,644,"936290,5","6731484,84",0,D,0,ACCROCHE,DB3,FB3,DB,DB,FB,FB,0,219,219,70,DIRE
3793,02/01/2026,70N901907,121,4,70,N,0,644,"936266,41","6731485,34",0,4,70,N,121,765,"936211,07","6731431,53",0,D,0,ACCROCHE,DB4,FB4,DB,DB,FR,FR,0,121,121,70,DIRE
38533,02/01/2026,70N901901,208,1,70,N,0,0,"938271,18","6730046,66",0,1,70,N,208,208,"938427,25","6729973,52",0,D,0,ACCROCHE,DB1,FB1,DB,DB,FB,FB,0,208,208,70,DIRE
38493,02/01/2026,70N901901,107,8,70,N,0,1523,"938377,31","6730008,57",0,8,70,N,107,1630,"938471,52","6729984,02",0,D,0,ACCROCHE,DB8,FB8,DB,DB,FR,FR,0,107,107,70,DIRE
4501,02/01/2026,70N901901,384,2,70,N,0,208,"938396,5","6730200,42",0,2,70,N,384,592,"938321,02","6730045,09",0,D,0,ACCROCHE,DB2,FB2,DB,DB,FB,FB,0,384,384,70,DIRE
4500,02/01/2026,70N901901,401,3,70,N,0,592,"938429,68","6730066,01",0,3,70,N,401,993,"938396,5","6730200,42",0,D,0,ACCROCHE,DB3,FB3,DB,DB,FB,FB,0,401,401,70,DIRE
4499,02/01/2026,70N901901,188,4,70,N,0,993,"938516,47","6730076,53",0,4,70,N,188,1181,"938399,41","6730230,25",0,D,0,ACCROCHE,DB4,FB4,DB,DB,FB,FB,0,188,188,70,DIRE
4497,02/01/2026,70N901901,154,5,70,N,0,1181,"938390,1","6730117,31",0,5,70,N,154,1335,"938422,97","6730064,61",0,D,0,ACCROCHE,DB5,FB5,DB,DB,FB,FB,0,154,154,70,DIRE
4496,02/01/2026,70N901901,28,6,70,N,0,1335,"938429,67","6730172,48",0,6,70,N,28,1363,"938395,47","6730171,84",0,D,0,ACCROCHE,DB6,FB6,DB,DB,FB,FB,0,28,28,70,DIRE
4495,02/01/2026,70N901901,160,7,70,N,0,1363,"938391,51","6730165,54",0,7,70,N,160,1523,"938294,83","6730044,82",0,D,0,ACCROCHE,DB7,FB7,DB,DB,FB,FB,0,160,160,70,DIRE
27647,02/01/2026,70N901928,604,1,70,N,0,0,"932651,28","6734361,88",0,1,70,N,604,604,"932953,8","6734052,65",0,D,0,ACCROCHE,DB1,FB1,DB,DB,FB,FB,0,604,604,70,DIRE
27646,02/01/2026,70N901928,461,2,70,N,0,604,"932952,96","6734072,97",0,2,70,N,461,1065,"932745,95","6734093,77",0,D,0,ACCROCHE,DB2,FB2,DB,DB,FB,FB,0,461,461,70,DIRE
27645,02/01/2026,70N901928,432,4,70,N,0,1381,"932836,29","6734271,11",0,4,70,N,432,1813,932540,"6734573,33",0,D,0,ACCROCHE,DB4,FB4,DB,DB,FR,FR,0,432,432,70,DIRE
3802,02/01/2026,70N901928,316,3,70,N,0,1065,"932841,22","6733802,29",0,3,70,N,316,1381,"932879,83","6734058,07",0,D,0,ACCROCHE,DB3,FB3,DB,DB,FB,FB,0,316,316,70,DIRE
3772,02/01/2026,70N905703,250,1,70,N,0,0,"935543,61","6721957,31",0,1,70,N,250,250,"935436,15","6721737,46",0,D,0,ACCROCHE,DB1,FB1,DB,DB,FB,FB,0,250,250,70,DIRE
3771,02/01/2026,70N905703,250,2,70,N,0,250,"935436,36","6721735,87",0,2,70,N,250,500,"935501,33","6721494,32",0,D,0,ACCROCHE,DB2,FB2,DB,DB,FB,FB,0,250,250,70,DIRE
3770,02/01/2026,70N905703,244,3,70,N,0,500,"935500,89","6721542,19",0,3,70,N,244,744,"935548,36","6721757,95",0,D,0,ACCROCHE,DB3,FB3,DB,DB,FB,FB,0,244,244,70,DIRE
3769,02/01/2026,70N905703,303,4,70,N,0,744,"935549,32","6721759,04",0,4,70,N,303,1047,"935608,18","6722047,93",0,D,0,ACCROCHE,DB4,FB4,DB,DB,FR,FR,0,303,303,70,DIRE
27966,02/01/2026,70N905704,215,3,70,N,0,447,"930726,22","6708018,08",0,3,70,N,215,662,"930883,96","6708157,25",0,D,0,ACCROCHE,DB3,FB3,DB,DB,FB,FB,0,215,215,70,DIRE
27965,02/01/2026,70N905704,180,4,70,N,0,662,"930909,63","6708177,23",0,4,70,N,180,842,"931009,84","6708322,52",0,D,0,ACCROCHE,DB4,FB4,DB,DB,FR,FR,0,180,180,70,DIRE
3768,02/01/2026,70N905704,240,1,70,N,0,0,"931006,7","6708331,66",0,1,70,N,240,240,"930798,56","6708230,17",0,D,0,ACCROCHE,DB1,FB1,DB,DB,FB,FB,0,240,240,70,DIRE
3767,02/01/2026,70N905704,207,2,70,N,0,240,"930764,9","6708203,74",0,2,70,N,207,447,"930711,76","6708012,46",0,D,0,ACCROCHE,DB2,FB2,DB,DB,FB,FB,0,207,207,70,DIRE
29948,02/01/2026,70N905705,378,1,70,N,0,0,"931103,95","6706601,87",0,1,70,N,378,378,"931221,11","6706254,69",0,D,0,ACCROCHE,DB1,FB1,DB,DB,FB,FB,0,378,378,70,DIRE
29947,02/01/2026,70N905705,302,2,70,N,0,378,"931237,05","6706227,57",0,2,70,N,302,680,"931370,41","6705966,34",0,D,0,ACCROCHE,DB2,FB2,DB,DB,FB,FB,0,302,302,70,DIRE
29773,02/01/2026,70N905705,300,3,70,N,0,680,"931368,77","6706023,66",0,3,70,N,300,980,"931319,68","6706313,59",0,D,0,ACCROCHE,DB3,FB3,DB,DB,FB,FB,0,300,300,70,DIRE
29772,02/01/2026,70N905705,240,4,70,N,0,980,"931302,09","6706343,6",0,4,70,N,240,1220,"931152,76","6706524,5",0,D,0,ACCROCHE,DB4,FB4,DB,DB,FR,FR,0,240,240,70,DIRE
3800,02/01/2026,70N901905,197,1,70,N,0,0,"933904,46","6732519,12",0,1,70,N,197,197,"934088,73","6732480,54",0,D,0,ACCROCHE,DB1,FB1,DB,DB,FB,FB,0,197,197,70,DIRE
3799,02/01/2026,70N901905,220,2,70,N,0,197,"934186,12","6732407,91",0,2,70,N,220,417,"934062,08","6732596,31",0,D,0,ACCROCHE,DB2,FB2,DB,DB,FR,FR,0,220,220,70,DIRE
49314,02/01/2026,70N901906,130,4,70,N,0,464,"935503,53","6732108,46",0,4,70,N,130,594,"935412,62","6732042,89",0,D,0,ACCROCHE,DB4,FB4,DB,DB,FR,FR,0,130,130,70,DIRE
3798,02/01/2026,70N901906,215,1,70,N,0,0,"935633,09","6731950,71",0,1,70,N,215,215,"935756,44","6731767,9",0,D,0,ACCROCHE,DB1,FB1,DB,DB,FB,FB,0,215,215,70,DIRE
3797,02/01/2026,70N901906,249,2,70,N,0,215,"935676,02","6731940,69",0,2,70,N,249,464,"935517,4","6732099,97",0,D,0,ACCROCHE,DB2,FB2,DB,DB,FB,FB,0,249,249,70,DIRE
3806,02/01/2026,70N901903,150,1,70,N,0,0,"936654,82","6731084,3",0,1,70,N,150,150,"936729,58","6730967,72",0,D,0,ACCROCHE,DB1,FB1,DB,DB,FB,FB,0,150,150,70,DIRE
3805,02/01/2026,70N901903,127,2,70,N,0,150,"936796,22","6730918,42",0,2,70,N,127,277,"936912,47","6730859,77",0,D,0,ACCROCHE,DB2,FB2,DB,DB,FB,FB,0,127,127,70,DIRE
3804,02/01/2026,70N901903,273,3,70,N,0,277,"936976,19","6730805,74",0,3,70,N,273,550,"936882,77","6731063,34",0,D,0,ACCROCHE,DB3,FB3,DB,DB,FB,FB,0,273,273,70,DIRE
3803,02/01/2026,70N901903,250,4,70,N,0,550,"936838,73","6731093,45",0,4,70,N,250,800,"936588,35","6731133,24",0,D,0,ACCROCHE,DB4,FB4,DB,DB,FR,FR,0,250,250,70,DIRE
3788,02/01/2026,70N901920,192,1,70,N,0,0,"943263,96",6730569,0,1,70,N,192,192,"943432,92","6730690,44",0,D,0,ACCROCHE,DB1,FB1,DB,DB,FB,FB,0,192,192,70,DIRE
3787,02/01/2026,70N901920,135,2,70,N,0,192,"943432,92","6730690,44",0,2,70,N,135,327,"943510,79","6730797,1",0,D,0,ACCROCHE,DB2,FB2,DB,DB,FB,FB,0,135,135,70,DIRE
3786,02/01/2026,70N901920,162,4,70,N,0,327,"943392,77","6730747,15",0,4,70,N,162,489,"943309,45","6730608,59",0,D,0,ACCROCHE,DB4,FB4,DB,DB,FR,FR,0,162,162,70,DIRE
3785,02/01/2026,70N901919,43,1,70,N,0,0,"945055,34","6731963,48",0,1,70,N,43,43,"945072,56","6731920,21",0,D,0,ACCROCHE,DB1,FB1,DB,DB,FB,FB,0,43,43,70,DIRE
3784,02/01/2026,70N901919,172,2,70,N,0,43,"945144,73","6731975,81",0,2,70,N,172,215,"944985,04","6731987,5",0,D,0,ACCROCHE,DB2,FB2,DB,DB,FR,FR,0,172,172,70,DIRE
3783,02/01/2026,70N901916,295,1,70,N,0,0,"962609,61","6738865,05",0,1,70,N,295,295,"962792,15","6738660,73",0,D,0,ACCROCHE,DB1,FB1,DB,DB,FB,FB,0,295,295,70,DIRE
3782,02/01/2026,70N901916,304,2,70,N,0,295,"962833,04","6738631,95",0,2,70,N,304,599,"963119,7","6738563,83",0,D,0,ACCROCHE,DB2,FB2,DB,DB,FB,FB,0,304,304,70,DIRE
3781,02/01/2026,70N901916,319,3,70,N,0,599,"963176,71","6738522,62",0,3,70,N,319,918,"962992,4","6738780,09",0,D,0,ACCROCHE,DB3,FB3,DB,DB,FB,FB,0,319,319,70,DIRE
3780,02/01/2026,70N901916,258,4,70,N,0,918,"962964,9","6738793,7",0,4,70,N,258,1176,"962708,4","6738840,65",0,D,0,ACCROCHE,DB4,FB4,DB,DB,FR,FR,0,258,258,70,DIRE
3668,02/01/2026,70N905707,230,1,70,N,0,0,"953120,45","6755445,24",0,1,70,N,230,230,"953179,74","6755212,7",0,D,0,ACCROCHE,DB1,FB1,DB,DB,FB,FB,0,230,230,70,DIRE
3667,02/01/2026,70N905707,222,2,70,N,0,230,"953324,73","6755319,38",0,2,70,N,222,452,"953139,05","6755437,2",0,D,0,ACCROCHE,DB2,FB2,DB,DB,FR,FR,0,222,222,70,DIRE
33190,02/01/2026,90N901902,1115,1,90,N,0,0,"989435,67","6727772,2",0,1,90,N,1115,1115,"990432,73","6727403,02",0,D,0,ACCROCHE,DB1,FB1,DB,DB,FB,FB,0,1115,1115,90,DIRE
33189,02/01/2026,90N901902,302,2,90,N,0,1115,"989996,21","6727566,03",0,2,90,N,302,1417,"989881,21","6727430,95",0,D,0,ACCROCHE,DB2,FB2,DB,DB,FB,FB,0,302,302,90,DIRE
33188,02/01/2026,90N901902,303,3,90,N,0,1417,"989882,84","6727419,57",0,3,90,N,303,1720,"990146,38","6727505,1",0,D,0,ACCROCHE,DB3,FB3,DB,DB,FB,FB,0,303,303,90,DIRE
33187,02/01/2026,90N901902,292,4,90,N,0,1720,"990117,03","6727537,56",0,4,90,N,292,2012,"989965,43","6727748,31",0,D,0,ACCROCHE,DB4,FB4,DB,DB,FB,FB,0,292,292,90,DIRE
33551,02/01/2026,90N901902,238,5,90,N,0,2012,"989958,87","6727734,34",0,5,90,N,238,2250,"989908,41","6727620,04",0,D,0,ACCROCHE,DB5,FB5,DB,DB,FR,FR,0,238,238,90,DIRE
29771,02/01/2026,70N905705C,325,1,70,N,0,0,"930846,14","6703424,85",0,1,70,N,325,325,"930687,23","6703151,04",0,D,0,ACCROCHE,DB1,FB1,DB,DB,FB,FB,0,325,325,70,DIRE
29770,02/01/2026,70N905705C,243,2,70,N,0,325,"930671,44","6703134,45",0,2,70,N,243,568,"930600,99","6702895,22",0,D,0,ACCROCHE,DB2,FB2,DB,DB,FB,FB,0,243,243,70,DIRE
29769,02/01/2026,70N905705C,225,3,70,N,0,568,"930581,99","6702830,75",0,3,70,N,225,793,"930748,72","6702939,95",0,D,0,ACCROCHE,DB3,FB3,DB,DB,FB,FB,0,225,225,70,DIRE
29768,02/01/2026,70N905705C,179,4,70,N,0,793,"930749,52","6702957,57",0,4,70,N,179,972,"930705,86","6703078,82",0,D,0,ACCROCHE,DB4,FB4,DB,DB,FR,FR,0,179,179,70,DIRE
29516,02/01/2026,70N905703C,188,1,70,N,0,0,"934892,21","6717038,06",0,1,70,N,188,188,"934892,21","6717038,06",0,D,0,ACCROCHE,DB1,FB1,SA,SA,FR,FR,0,188,188,70,DIRE
28092,02/01/2026,25N905714,170,1,25,N,0,0,"926940,61","6683243,88",0,1,25,N,170,170,"926940,61","6683243,88",0,D,0,ACCROCHE,DB1,FB1,SA,SA,FR,FR,0,170,170,25,DIRE
54958,02/01/2026,88N905922,192,2,88,N,0,150,"999861,11","6804011,76",0,2,88,N,192,342,"999925,72","6804159,63",0,D,0,ACCROCHE,DB2,FB2,DB,DB,FB,FB,0,192,192,88,DIRE
54957,02/01/2026,88N905922,161,3,88,N,0,342,"999933,09","6804165,21",0,3,88,N,161,503,"999772,17","6804099,95",0,D,0,ACCROCHE,DB3,FB3,DB,DB,FB,FB,0,161,161,88,DIRE
54956,02/01/2026,88N905922,20,5,88,N,0,547,"999791,02","6804111,8",0,5,88,N,20,567,"999789,42","6804093,08",0,D,0,ACCROCHE,DB5,FB5,DB,DB,FB,FB,0,20,20,88,DIRE
38532,02/01/2026,88N905922,19,6,88,N,0,567,"999819,11","6804048,01",0,6,88,N,19,586,"999837,46","6804050,44",0,D,0,ACCROCHE,DB6,FB6,DB,DB,FB,FB,0,19,19,88,DIRE
38531,02/01/2026,88N905922,44,4,88,N,0,503,"999702,61","6804033,86",0,4,88,N,44,547,"999672,6","6804006,83",0,D,0,ACCROCHE,DB4,FB4,DB,DB,FB,FB,0,44,44,88,DIRE
30949,02/01/2026,88N905922,150,1,88,N,0,0,"999688,7","6804014,59",0,1,88,N,150,150,"999838,88","6804022,94",0,D,0,ACCROCHE,DB1,FB1,DB,DB,FB,FB,0,150,150,88,DIRE
30948,02/01/2026,88N905922,24,7,88,N,0,586,"999797,98","6804028,21",0,7,88,N,24,610,"999817,69","6804048,33",0,D,0,ACCROCHE,DB7,FB7,DB,DB,FR,FR,0,24,24,88,DIRE
54942,02/01/2026,88N915924,290,1,88,N,0,0,"1001873,13","6806952,55",0,1,88,N,290,290,"1001873,13","6806952,55",0,D,0,ACCROCHE,DB1,FB1,SA,SA,FR,FR,0,290,290,88,DIRE
54965,02/01/2026,88N905918,276,1,88,N,0,0,"993735,88","6803186,56",0,1,88,N,276,276,"993984,88","6803040,78",0,D,0,ACCROCHE,DB1,FB1,DB,DB,FB,FB,0,276,276,88,DIRE
54964,02/01/2026,88N905918,310,2,88,N,0,276,"993998,83","6802934,11",0,2,88,N,310,586,"994170,31","6803108,83",0,D,0,ACCROCHE,DB2,FB2,DB,DB,FB,FB,0,310,310,88,DIRE
54963,02/01/2026,88N905918,250,3,88,N,0,586,"994163,38","6803119,43",0,3,88,N,250,836,"993958,88","6803251,32",0,D,0,ACCROCHE,DB3,FB3,DB,DB,FB,FB,0,250,250,88,DIRE
54962,02/01/2026,88N905918,208,4,88,N,0,836,"993984,43","6803158,88",0,4,88,N,208,1044,994004,"6803129,91",0,D,0,ACCROCHE,DB4,FB4,DB,DB,FB,FB,0,208,208,88,DIRE
54961,02/01/2026,88N905918,253,5,88,N,0,1044,"993926,73","6803294,9",0,5,88,N,253,1297,"993805,88","6803176,19",0,D,0,ACCROCHE,DB5,FB5,DB,DB,FB,FB,0,253,253,88,DIRE
54960,02/01/2026,88N905918,20,6,88,N,0,1297,"993998,02",6803213,0,6,88,N,20,1317,"993975,26","6803204,21",0,D,0,ACCROCHE,DB6,FB6,DB,DB,FR,FR,0,20,20,88,DIRE
54969,02/01/2026,88N905916,169,1,88,N,0,0,"991408,23","6806543,4",0,1,88,N,169,169,"991314,18","6806391,96",0,D,0,ACCROCHE,DB1,FB1,DB,DB,FB,FB,0,169,169,88,DIRE
54968,02/01/2026,88N905916,179,2,88,N,0,169,"991323,76","6806356,8",0,2,88,N,179,348,"991429,25","6806279,03",0,D,0,ACCROCHE,DB2,FB2,DB,DB,FB,FB,0,179,179,88,DIRE
54967,02/01/2026,88N905916,159,3,88,N,0,348,"991449,16","6806171,4",0,3,88,N,159,507,"991511,28","6806315,5",0,D,0,ACCROCHE,DB3,FB3,DB,DB,FB,FB,0,159,159,88,DIRE
54966,02/01/2026,88N905916,237,4,88,N,0,507,"991531,31","6806343,11",0,4,88,N,237,744,"991421,31","6806528,03",0,D,0,ACCROCHE,DB4,FB4,DB,DB,FR,FR,0,237,237,88,DIRE
54978,02/01/2026,88N905912,178,1,88,N,0,0,"988881,04","6810439,99",0,1,88,N,178,178,"988986,47","6810286,76",0,D,0,ACCROCHE,DB1,FB1,DB,DB,FB,FB,0,178,178,88,DIRE
54977,02/01/2026,88N905912,211,2,88,N,0,178,"988980,06","6810273,33",0,2,88,N,211,389,"989156,24","6810242,52",0,D,0,ACCROCHE,DB2,FB2,DB,DB,FB,FB,0,211,211,88,DIRE
54976,02/01/2026,88N905912,282,3,88,N,0,389,"989274,62","6810171,89",0,3,88,N,282,671,"989063,32","6810378,64",0,D,0,ACCROCHE,DB3,FB3,DB,DB,FB,FB,0,282,282,88,DIRE
54975,02/01/2026,88N905912,220,4,88,N,0,671,"989035,67","6810406,26",0,4,88,N,220,891,"988851,68","6810479,97",0,D,0,ACCROCHE,DB4,FB4,DB,DB,FB,FB,0,220,220,88,DIRE
54974,02/01/2026,88N905912,22,5,88,N,0,891,"989000,18","6810312,03",0,5,88,N,22,913,"989015,97","6810288,9",0,D,0,ACCROCHE,DB5,FB5,DB,DB,FR,FR,0,22,22,88,DIRE
54981,02/01/2026,88N905910,229,2,88,N,0,0,"988100,83","6811807,54",0,2,88,N,229,229,"988192,51","6811642,9",0,D,0,ACCROCHE,DB2,FB2,DB,DB,FB,FB,0,229,229,88,DIRE
54980,02/01/2026,88N905910,244,3,88,N,0,229,"988179,56","6811709,65",0,3,88,N,244,473,"988208,35","6811912,9",0,D,0,ACCROCHE,DB3,FB3,DB,DB,FB,FB,0,244,244,88,DIRE
54979,02/01/2026,88N905910,239,4,88,N,0,473,"988200,41","6811914,26",0,4,88,N,239,712,"988100,58","6811927,32",0,D,0,ACCROCHE,DB4,FB4,DB,DB,FR,FR,0,239,239,88,DIRE
54983,02/01/2026,88N905908,272,2,88,N,0,0,"987497,59","6813134,21",0,2,88,N,272,272,"987582,88","6812896,75",0,D,0,ACCROCHE,DB2,FB2,DB,DB,FB,FB,0,272,272,88,DIRE
54982,02/01/2026,88N905908,251,3,88,N,0,272,"987674,21","6812732,67",0,3,88,N,251,523,"987603,34","6812993,87",0,D,0,ACCROCHE,DB3,FB3,DB,DB,FR,FR,0,251,251,88,DIRE
54988,02/01/2026,88N905906,240,1,88,N,0,0,"986893,23","6815413,05",0,1,88,N,240,240,"986999,74","6815204,11",0,D,0,ACCROCHE,DB1,FB1,DB,DB,FB,FB,0,240,240,88,DIRE
54987,02/01/2026,88N905906,300,2,88,N,0,240,"987029,46","6815185,65",0,2,88,N,300,540,"987265,39","6815019,5",0,D,0,ACCROCHE,DB2,FB2,DB,DB,FB,FB,0,300,300,88,DIRE
54986,02/01/2026,88N905906,478,3,88,N,0,540,"987341,58","6814917,39",0,3,88,N,478,1018,"987042,34","6815307,12",0,D,0,ACCROCHE,DB3,FB3,DB,DB,FB,FB,0,478,478,88,DIRE
54985,02/01/2026,88N905906,96,4,88,N,0,1018,"986767,92","6815653,27",0,4,88,N,96,1114,"986713,43","6815705,78",0,D,0,ACCROCHE,DB4,FB4,DB,DB,FB,FB,0,96,96,88,DIRE
54984,02/01/2026,88N905906,20,7,88,N,0,1114,"987063,55","6815285,95",0,7,88,N,20,1134,"987037,84","6815282,68",0,D,0,ACCROCHE,DB7,FB7,DB,DB,FR,FR,0,20,20,88,DIRE
54990,02/01/2026,88N905904,582,2,88,N,0,0,"985466,59","6817386,72",0,2,88,N,582,582,"985881,59","6816991,82",0,D,0,ACCROCHE,DB2,FB2,DB,DB,FB,FB,0,582,582,88,DIRE
54989,02/01/2026,88N905904,387,3,88,N,0,582,"985771,95","6817117,57",0,3,88,N,387,969,"985478,02","6817402,31",0,D,0,ACCROCHE,DB3,FB3,DB,DB,FR,FR,0,387,387,88,DIRE
12517,02/01/2026,88N905902,29,5,88,N,0,1915,"982831,26","6818308,6",0,5,88,N,29,1944,"982853,9","6818290,19",0,D,0,ACCROCHE,DB5,FB5,DB,DB,FB,FB,0,29,29,88,DIRE
11473,02/01/2026,88N905902,693,1,88,N,0,0,"982483,68","6818418,79",0,1,88,N,693,693,"982943,64","6818359,85",0,D,0,ACCROCHE,DB1,FB1,DB,DB,FB,FB,0,693,693,88,DIRE
11472,02/01/2026,88N905902,571,2,88,N,0,693,"982927,58","6818373,08",0,2,88,N,571,1264,"982739,06","6818225,51",0,D,0,ACCROCHE,DB2,FB2,DB,DB,FB,FB,0,571,571,88,DIRE
11471,02/01/2026,88N905902,288,3,88,N,0,1264,"982760,38","6818219,97",0,3,88,N,288,1552,"982841,52","6818285,1",0,D,0,ACCROCHE,DB3,FB3,DB,DB,FB,FB,0,288,288,88,DIRE
11470,02/01/2026,88N905902,363,4,88,N,0,1552,"982867,74","6818307,2",0,4,88,N,363,1915,"982525,82","6818405,72",0,D,0,ACCROCHE,DB4,FB4,DB,DB,FB,FB,0,363,363,88,DIRE
11469,02/01/2026,88N905902,19,6,88,N,0,1944,"982857,8","6818293,36",0,6,88,N,19,1963,"982846,94","6818308,95",0,D,0,ACCROCHE,DB6,FB6,DB,DB,FR,FR,0,19,19,88,DIRE
54994,02/01/2026,88N905744,254,1,88,N,0,0,"958211,27","6766526,5",0,1,88,N,254,254,"958011,84","6766361,66",0,D,0,ACCROCHE,DB1,FB1,DB,DB,FB,FB,0,254,254,88,DIRE
54993,02/01/2026,88N905744,348,2,88,N,0,254,"957995,47","6766332,91",0,2,88,N,348,602,"957888,61","6766007,64",0,D,0,ACCROCHE,DB2,FB2,DB,DB,FB,FB,0,348,348,88,DIRE
54992,02/01/2026,88N905744,408,3,88,N,0,602,"957874,15","6765958,81",0,3,88,N,408,1010,"958113,32","6766272,14",0,D,0,ACCROCHE,DB3,FB3,DB,DB,FB,FB,0,408,408,88,DIRE
54991,02/01/2026,88N905744,334,4,88,N,0,1010,"958136,02","6766294,84",0,4,88,N,334,1344,"958290,19","6766593,2",0,D,0,ACCROCHE,DB4,FB4,DB,DB,FB,FB,0,334,334,88,DIRE
34118,02/01/2026,88N905744,120,5,88,N,0,1344,"958011,84","6766361,66",0,5,88,N,120,1464,"958011,84","6766361,66",0,D,0,ACCROCHE,DB5,FB5,SA,SA,SA,SA,0,120,120,88,DIRE
34117,02/01/2026,88N905744,120,8,88,N,0,1650,"958113,32","6766272,14",0,8,88,N,120,1770,"958113,32","6766272,14",0,D,0,ACCROCHE,DB8,FB8,SA,SA,FR,FR,0,120,120,88,DIRE
34116,02/01/2026,88N905744,93,6,88,N,0,1464,"958013,94","6766331,99",0,6,88,N,93,1557,"958105,7","6766285,34",0,D,0,ACCROCHE,DB6,FB6,DB,DB,FB,FB,0,93,93,88,DIRE
34115,02/01/2026,88N905744,93,7,88,N,0,1557,"958112,05","6766299,29",0,7,88,N,93,1650,"958021,77","6766347,17",0,D,0,ACCROCHE,DB7,FB7,DB,DB,FB,FB,0,93,93,88,DIRE
54954,02/01/2026,88N906602,235,1,88,N,0,0,"968759,56","6774587,63",0,1,88,N,235,235,"968876,15","6774383,48",0,D,0,ACCROCHE,DB1,FB1,DB,DB,FB,FB,0,235,235,88,DIRE
54953,02/01/2026,88N906602,202,2,88,N,0,235,"968895,04","6774391,02",0,2,88,N,202,437,"968894,98","6774520,24",0,D,0,ACCROCHE,DB2,FB2,DB,DB,FB,FB,0,202,202,88,DIRE
54952,02/01/2026,88N906602,218,3,88,N,0,437,"969162,6","6774259,73",0,3,88,N,218,655,"969113,69","6774484,63",0,D,0,ACCROCHE,DB3,FB3,DB,DB,FB,FB,0,218,218,88,DIRE
54951,02/01/2026,88N906602,198,4,88,N,0,655,"969082,33","6774468,41",0,4,88,N,198,853,"969076,74","6774378,63",0,D,0,ACCROCHE,DB4,FB4,DB,DB,FB,FB,0,198,198,88,DIRE
54950,02/01/2026,88N906602,286,5,88,N,0,853,"969073,66","6774464,08",0,5,88,N,286,1139,"968820,03","6774572,35",0,D,0,ACCROCHE,DB5,FB5,DB,DB,FR,FR,0,286,286,88,DIRE
54947,02/01/2026,88N906606,181,3,88,N,0,0,"969877,14","6772432,93",0,3,88,N,181,181,"969883,67","6772633,55",0,D,0,ACCROCHE,DB3,FB3,DB,DB,FR,FR,0,181,181,88,DIRE
54949,02/01/2026,88N906604,136,1,88,N,0,0,"969537,17","6773253,65",0,1,88,N,136,136,"969524,51","6773138,39",0,D,0,ACCROCHE,DB1,FB1,DB,DB,FB,FB,0,136,136,88,DIRE
54948,02/01/2026,88N906604,155,2,88,N,0,136,"969534,56","6773128,54",0,2,88,N,155,291,"969642,06","6773099,53",0,D,0,ACCROCHE,DB2,FB2,DB,DB,FR,FR,0,155,155,88,DIRE
55053,02/01/2026,88N905728,389,1,88,N,0,0,"967721,3","6782720,97",0,1,88,N,389,389,"967870,68","6782441,94",0,D,0,ACCROCHE,DB1,FB1,DB,DB,FB,FB,0,389,389,88,DIRE
55052,02/01/2026,88N905728,216,4,88,N,0,389,"967888,09","6782458,8",0,4,88,N,216,605,"967759,34","6782604,22",0,D,0,ACCROCHE,DB4,FB4,DB,DB,FR,FR,0,216,216,88,DIRE
54955,02/01/2026,88N906601,200,1,88,N,0,0,"967576,07","6775429,52",0,1,88,N,200,200,"967539,43","6775274,15",0,D,0,ACCROCHE,DB1,FB1,DB,DB,FR,FR,0,200,200,88,DIRE
55051,02/01/2026,88N905730,88,2,88,N,0,0,"967836,57","6780342,87",0,2,88,N,88,88,"967871,94","6780257,86",0,D,0,ACCROCHE,DB2,FB2,DB,DB,FB,FB,0,88,88,88,DIRE
55050,02/01/2026,88N905730,162,3,88,N,0,88,"967871,06","6780348,74",0,3,88,N,162,250,"967835,94","6780519,56",0,D,0,ACCROCHE,DB3,FB3,DB,DB,FB,FB,0,162,162,88,DIRE
55049,02/01/2026,88N905730,200,4,88,N,0,250,"967890,51","6780681,02",0,4,88,N,200,450,"967703,19","6780650,64",0,D,0,ACCROCHE,DB4,FB4,DB,DB,FB,FB,0,200,200,88,DIRE
55048,02/01/2026,88N905730,37,5,88,N,0,450,"967874,95","6780598,31",0,5,88,N,37,487,"967835,26","6780623,28",0,D,0,ACCROCHE,DB5,FB5,DB,DB,FR,FR,0,37,37,88,DIRE
55047,02/01/2026,88N905732,150,1,88,N,0,0,"967417,75","6779093,9",0,1,88,N,150,150,"967328,62","6778973,58",0,D,0,ACCROCHE,DB1,FB1,DB,DB,FB,FB,0,150,150,88,DIRE
55045,02/01/2026,88N905732,102,2,88,N,0,150,"967103,52","6778748,09",0,2,88,N,102,252,"967075,04","6778659,92",0,D,0,ACCROCHE,DB2,FB2,DB,DB,FB,FB,0,102,102,88,DIRE
55044,02/01/2026,88N905732,61,3,88,N,0,252,"967448,39","6779138,45",0,3,88,N,61,313,"967499,39","6779215,14",0,D,0,ACCROCHE,DB3,FB3,DB,DB,FR,FR,0,61,61,88,DIRE
55042,02/01/2026,88N905736,400,11,88,N,0,0,"966707,51","6776164,75",0,11,88,N,400,400,"966861,42","6776161,39",0,D,0,ACCROCHE,DB11,FB11,DB,DB,FB,FB,0,400,400,88,DIRE
55041,02/01/2026,88N905736,720,2,88,N,0,400,"966856,26","6776837,28",0,2,88,N,720,1120,"966847,29","6776192,25",0,D,0,ACCROCHE,DB2,FB2,DB,DB,FB,FB,0,720,720,88,DIRE
55040,02/01/2026,88N905736,642,3,88,N,0,1120,966853,"6776194,88",0,3,88,N,642,1762,"966797,4","6776591,04",0,D,0,ACCROCHE,DB3,FB3,DB,DB,FB,FB,0,642,642,88,DIRE
55039,02/01/2026,88N905736,205,5,88,N,0,1762,"966701,73","6776335,02",0,5,88,N,205,1967,"966542,8","6776175,99",0,D,0,ACCROCHE,DB5,FB5,DB,DB,FB,FB,0,205,205,88,DIRE
55038,02/01/2026,88N905736,45,6,88,N,0,1967,"966450,35","6775958,56",0,6,88,N,45,2012,"966452,88","6775908,71",0,D,0,ACCROCHE,DB6,FB6,DB,DB,FB,FB,0,45,45,88,DIRE
55037,02/01/2026,88N905736,110,7,88,N,0,2012,"966499,37","6775978,91",0,7,88,N,110,2122,"966595,18","6776058,2",0,D,0,ACCROCHE,DB7,FB7,DB,DB,FB,FB,0,110,110,88,DIRE
55036,02/01/2026,88N905736,140,8,88,N,0,2122,"966714,08","6776138,1",0,8,88,N,140,2262,"966698,11","6776310,59",0,D,0,ACCROCHE,DB8,FB8,DB,DB,FB,FB,0,140,140,88,DIRE
55007,02/01/2026,88N905736,360,9,88,N,0,2262,"966905,17","6776083,71",0,9,88,N,360,2622,"966794,84","6776536,53",0,D,0,ACCROCHE,DB9,FB9,DB,DB,FR,FR,0,360,360,88,DIRE
27648,02/01/2026,70N901929,506,1,70,N,0,0,"928688,33","6737414,89",0,1,70,N,506,506,"929163,91","6737250,23",0,D,0,ACCROCHE,DB1,FB1,DB,DB,FB,FB,0,506,506,70,DIRE
27644,02/01/2026,70N901929,290,2,70,N,0,506,"929197,59","6737252,48",0,2,70,N,290,796,"929453,84","6737376,53",0,D,0,ACCROCHE,DB2,FB2,DB,DB,FB,FB,0,290,290,70,DIRE
27590,02/01/2026,70N901929,420,3,70,N,0,796,"929659,41","6737384,45",0,3,70,N,420,1216,"929276,43","6737543,03",0,D,0,ACCROCHE,DB3,FB3,DB,DB,FB,FB,0,420,420,70,DIRE
27589,02/01/2026,70N901929,305,4,70,N,0,1216,"929266,95","6737527,57",0,4,70,N,305,1521,"929210,77","6737388,98",0,D,0,ACCROCHE,DB4,FB4,DB,DB,FR,FR,0,305,305,70,DIRE
55043,02/01/2026,88N905734,102,1,88,N,0,0,"966821,89","6778078,93",0,1,88,N,102,102,"966781,35","6777974,4",0,D,0,ACCROCHE,DB1,FB1,DB,DB,FR,FR,0,102,102,88,DIRE
55006,02/01/2026,88N905738,170,1,88,N,0,0,"965962,1","6774942,84",0,1,88,N,170,170,"965849,88","6774808,69",0,D,0,ACCROCHE,DB1,FB1,DB,DB,FB,FB,0,170,170,88,DIRE
55005,02/01/2026,88N905738,127,2,88,N,0,170,"965867,03","6774812,29",0,2,88,N,127,297,"965910,5","6774807,86",0,D,0,ACCROCHE,DB2,FB2,DB,DB,FB,FB,0,127,127,88,DIRE
55004,02/01/2026,88N905738,250,3,88,N,0,297,"965862,52","6774693,06",0,3,88,N,250,547,"966009,82","6774813,89",0,D,0,ACCROCHE,DB3,FB3,DB,DB,FB,FB,0,250,250,88,DIRE
55003,02/01/2026,88N905738,144,4,88,N,0,547,"966022,22","6774813,37",0,4,88,N,144,691,"965956,6","6774896,41",0,D,0,ACCROCHE,DB4,FB4,DB,DB,FR,FR,0,144,144,88,DIRE
55061,02/01/2026,88N905726,159,1,88,N,0,0,"965556,45","6784881,86",0,1,88,N,159,159,"965718,77","6784830,59",0,D,0,ACCROCHE,DB1,FB1,DB,DB,FB,FB,0,159,159,88,DIRE
55060,02/01/2026,88N905726,290,2,88,N,0,159,"965921,92","6784783,57",0,2,88,N,290,449,"966179,46","6784752,18",0,D,0,ACCROCHE,DB2,FB2,DB,DB,FB,FB,0,290,290,88,DIRE
55059,02/01/2026,88N905726,257,3,88,N,0,449,"966113,97","6784795,83",0,3,88,N,257,706,"965925,53","6784935,43",0,D,0,ACCROCHE,DB3,FB3,DB,DB,FB,FB,0,257,257,88,DIRE
55058,02/01/2026,88N905726,332,4,88,N,0,706,"965925,53","6784935,43",0,4,88,N,332,1038,"965624,63","6784887,5",0,D,0,ACCROCHE,DB4,FB4,DB,DB,FB,FB,0,332,332,88,DIRE
55057,02/01/2026,88N905726,34,5,88,N,0,1038,"965699,62","6784858,02",0,5,88,N,34,1072,"965746,13","6784841,99",0,D,0,ACCROCHE,DB5,FB5,DB,DB,FB,FB,0,34,34,88,DIRE
55056,02/01/2026,88N905726,24,6,88,N,0,1072,"965910,55","6784820,74",0,6,88,N,24,1096,"965944,85","6784812,05",0,D,0,ACCROCHE,DB6,FB6,DB,DB,FB,FB,0,24,24,88,DIRE
55055,02/01/2026,88N905726,20,7,88,N,0,1096,"965949,67","6784896,71",0,7,88,N,20,1116,"965919,92","6784899,31",0,D,0,ACCROCHE,DB7,FB7,DB,DB,FB,FB,0,20,20,88,DIRE
55054,02/01/2026,88N905726,20,8,88,N,0,1116,"965919,4","6784896,21",0,8,88,N,20,1136,"965893,65","6784911,32",0,D,0,ACCROCHE,DB8,FB8,DB,DB,FR,FR,0,20,20,88,DIRE
55002,02/01/2026,88N905740,246,1,88,N,0,0,"965059,78","6773045,65",0,1,88,N,246,246,"964831,57","6772964,52",0,D,0,ACCROCHE,DB1,FB1,DB,DB,FB,FB,0,246,246,88,DIRE
55001,02/01/2026,88N905740,156,2,88,N,0,246,"964849,64","6772927,59",0,2,88,N,156,402,"964864,29","6772814,32",0,D,0,ACCROCHE,DB2,FB2,DB,DB,FB,FB,0,156,156,88,DIRE
55000,02/01/2026,88N905740,118,3,88,N,0,402,"964851,92","6772784,19",0,3,88,N,118,520,"964999,59","6772848,27",0,D,0,ACCROCHE,DB3,FB3,DB,DB,FB,FB,0,118,118,88,DIRE
54999,02/01/2026,88N905740,103,4,88,N,0,520,965008,"6772858,56",0,4,88,N,103,623,"964969,17","6772921,7",0,D,0,ACCROCHE,DB4,FB4,DB,DB,FR,FR,0,103,103,88,DIRE
54998,02/01/2026,88N905742,300,1,88,N,0,0,"960801,23","6770248,23",0,1,88,N,300,300,"960649,92","6769968,08",0,D,0,ACCROCHE,DB1,FB1,DB,DB,FB,FB,0,300,300,88,DIRE
54997,02/01/2026,88N905742,369,2,88,N,0,300,"960641,65","6769929,26",0,2,88,N,369,669,"960642,38","6769573,24",0,D,0,ACCROCHE,DB2,FB2,DB,DB,FB,FB,0,369,369,88,DIRE
54996,02/01/2026,88N905742,334,3,88,N,0,669,"960668,6",6769641,0,3,88,N,334,1003,"960820,56","6769954,21",0,D,0,ACCROCHE,DB3,FB3,DB,DB,FB,FB,0,334,334,88,DIRE
54995,02/01/2026,88N905742,295,4,88,N,0,1003,"960828,49","6770002,16",0,4,88,N,295,1298,"960820,51","6770273,43",0,D,0,ACCROCHE,DB4,FB4,DB,DB,FR,FR,0,295,295,88,DIRE
55062,02/01/2026,88N905724,255,1,88,N,0,0,"961523,16","6786530,39",0,1,88,N,255,255,"961557,57","6786298,17",0,D,0,ACCROCHE,DB1,FB1,DB,DB,FB,FB,0,255,255,88,DIRE
17363,02/01/2026,88N905724,517,3,88,N,0,518,"961813,18","6786259,49",0,3,88,N,517,1035,"961507,43","6786244,66",0,D,0,ACCROCHE,DB3,FB3,DB,DB,FB,FB,0,517,517,88,DIRE
17362,02/01/2026,88N905724,473,4,88,N,0,1035,"961517,69","6786236,2",0,4,88,N,473,1508,"961686,46","6786352,32",0,D,0,ACCROCHE,DB4,FB4,DB,DB,FR,FR,0,473,473,88,DIRE
17361,02/01/2026,88N905724,263,2,88,N,0,255,"961565,43","6786303,09",0,2,88,N,263,518,"961819,36","6786245,92",0,D,0,ACCROCHE,DB2,FB2,DB,DB,FB,FB,0,263,263,88,DIRE
55067,02/01/2026,88N905722,236,1,88,N,0,0,"958823,58","6791874,23",0,1,88,N,236,236,"958663,73","6791759,19",0,D,0,ACCROCHE,DB1,FB1,DB,DB,FB,FB,0,236,236,88,DIRE
55066,02/01/2026,88N905722,348,2,88,N,0,236,"958663,73","6791759,19",0,2,88,N,348,584,"958808,77","6791541,75",0,D,0,ACCROCHE,DB2,FB2,DB,DB,FB,FB,0,348,348,88,DIRE
55065,02/01/2026,88N905722,235,3,88,N,0,584,"958815,21","6791688,05",0,3,88,N,235,819,"958877,83","6791919,72",0,D,0,ACCROCHE,DB3,FB3,DB,DB,FB,FB,0,235,235,88,DIRE
55064,02/01/2026,88N905722,493,4,88,N,0,819,"958940,01","6791951,77",0,4,88,N,493,1312,"958918,92","6792406,16",0,D,0,ACCROCHE,DB4,FB4,DB,DB,FB,FB,0,493,493,88,DIRE
55063,02/01/2026,88N905722,23,5,88,N,0,1312,958902,"6791927,08",0,5,88,N,23,1335,"958913,65","6791960,33",0,D,0,ACCROCHE,DB5,FB5,DB,DB,FR,FR,0,23,23,88,DIRE
52406,02/01/2026,88N905720,435,1,88,N,0,0,"958306,6","6793565,67",0,1,88,N,435,435,"958311,85","6793167,86",0,D,0,ACCROCHE,DB1,FB1,DB,DB,FB,FB,0,435,435,88,DIRE
52405,02/01/2026,88N905720,281,2,88,N,0,435,"958420,86","6793200,38",0,2,88,N,281,716,"958610,04","6793047,73",0,D,0,ACCROCHE,DB2,FB2,DB,DB,FB,FB,0,281,281,88,DIRE
52404,02/01/2026,88N905720,235,3,88,N,0,716,"958617,57","6793056,12",0,3,88,N,235,951,"958563,79","6793289,82",0,D,0,ACCROCHE,DB3,FB3,DB,DB,FB,FB,0,235,235,88,DIRE
52403,02/01/2026,88N905720,290,4,88,N,0,951,"958532,44","6793323,95",0,4,88,N,290,1241,"958338,39","6793527,55",0,D,0,ACCROCHE,DB4,FB4,DB,DB,FB,FB,0,290,290,88,DIRE
52402,02/01/2026,88N905720,131,5,88,N,0,1241,"958359,99","6793352,55",0,5,88,N,131,1372,"958385,62","6793231,19",0,D,0,ACCROCHE,DB5,FB5,DB,DB,FR,FR,0,131,131,88,DIRE
15398,02/01/2026,88N905718,250,1,88,N,0,0,"957804,27","6794454,27",0,1,88,N,250,250,"957887,24",6794215,0,D,0,ACCROCHE,DB1,FB1,DB,DB,FB,FB,0,250,250,88,DIRE
15396,02/01/2026,88N905718,315,2,88,N,0,250,"957910,43","6794182,16",0,2,88,N,315,565,"958118,02","6793950,79",0,D,0,ACCROCHE,DB2,FB2,DB,DB,FB,FB,0,315,315,88,DIRE
15395,02/01/2026,88N905718,375,3,88,N,0,565,"958159,52","6793893,88",0,3,88,N,375,940,"958067,95","6794260,34",0,D,0,ACCROCHE,DB3,FB3,DB,DB,FB,FB,0,375,375,88,DIRE
15394,02/01/2026,88N905718,268,4,88,N,0,940,"958050,18","6794294,24",0,4,88,N,268,1208,"957824,84","6794449,23",0,D,0,ACCROCHE,DB4,FB4,DB,DB,FB,FB,0,268,268,88,DIRE
15393,02/01/2026,88N905718,96,5,88,N,0,1208,"957878,27","6794266,37",0,5,88,N,96,1304,"957842,23","6794179,85",0,D,0,ACCROCHE,DB5,FB5,DB,DB,FB,FB,0,96,96,88,DIRE
15392,02/01/2026,88N905718,216,6,88,N,0,1304,"957758,65","6794139,45",0,6,88,N,216,1520,"957970,68","6794153,01",0,D,0,ACCROCHE,DB6,FB6,DB,DB,FB,FB,0,216,216,88,DIRE
15384,02/01/2026,88N905718,217,7,88,N,0,1520,"958090,65","6794130,64",0,7,88,N,217,1737,"958134,14","6794317,99",0,D,0,ACCROCHE,DB7,FB7,DB,DB,FR,FR,0,217,217,88,DIRE
55071,02/01/2026,88N905716,369,1,88,N,0,0,"954537,24","6797429,19",0,1,88,N,369,369,"954766,82","6797103,54",0,D,0,ACCROCHE,DB1,FB1,DB,DB,FB,FB,0,369,369,88,DIRE
55070,02/01/2026,88N905716,926,2,88,N,0,369,"955043,37","6796885,83",0,2,88,N,926,1295,"954541,4","6797438,93",0,D,0,ACCROCHE,DB2,FB2,DB,DB,FB,FB,0,926,926,88,DIRE
55069,02/01/2026,88N905716,840,3,88,N,0,1295,"954764,8","6797272,86",0,3,88,N,840,2135,955018,"6796864,47",0,D,0,ACCROCHE,DB3,FB3,DB,DB,FB,FB,0,840,840,88,DIRE
55068,02/01/2026,88N905716,275,4,88,N,0,2135,"954774,89","6797115,71",0,4,88,N,275,2410,"954969,58","6797229,13",0,D,0,ACCROCHE,DB4,FB4,DB,DB,FR,FR,0,275,275,88,DIRE
55074,02/01/2026,88N905714,144,2,88,N,0,0,"953273,56","6798725,89",0,2,88,N,144,144,"953402,54","6798706,13",0,D,0,ACCROCHE,DB2,FB2,DB,DB,FB,FB,0,144,144,88,DIRE
55073,02/01/2026,88N905714,145,3,88,N,0,144,"953292,62","6798826,25",0,3,88,N,145,289,"953255,15","6798953,47",0,D,0,ACCROCHE,DB3,FB3,DB,DB,FB,FB,0,145,145,88,DIRE
55072,02/01/2026,88N905714,23,4,88,N,0,289,"953248,93","6798915,9",0,4,88,N,23,312,"953222,98","6798933,09",0,D,0,ACCROCHE,DB4,FB4,DB,DB,FR,FR,0,23,23,88,DIRE
55422,02/01/2026,88N905708,121,1,88,N,0,0,"950373,76","6804849,93",0,1,88,N,121,121,"950268,81","6804763,92",0,D,0,ACCROCHE,DB1,FB1,DB,DB,FB,FB,0,121,121,88,DIRE
55421,02/01/2026,88N905708,50,2,88,N,0,121,"950332,15","6804796,59",0,2,88,N,50,171,"950308,81","6804743,39",0,D,0,ACCROCHE,DB2,FB2,DB,DB,FB,FB,0,50,50,88,DIRE
55420,02/01/2026,88N905708,149,3,88,N,0,171,"950342,6","6804608,36",0,3,88,N,149,320,"950411,47","6804475,93",0,D,0,ACCROCHE,DB3,FB3,DB,DB,FB,FB,0,149,149,88,DIRE
55419,02/01/2026,88N905708,30,4,88,N,0,320,"950333,36","6804542,51",0,4,88,N,30,350,"950369,97","6804557,98",0,D,0,ACCROCHE,DB4,FB4,DB,DB,FB,FB,0,30,30,88,DIRE
55418,02/01/2026,88N905708,292,5,88,N,0,350,"950422,65","6804473,29",0,5,88,N,292,642,"950519,14","6804773,53",0,D,0,ACCROCHE,DB5,FB5,DB,DB,FB,FB,0,292,292,88,DIRE
55417,02/01/2026,88N905708,180,6,88,N,0,642,"950500,3","6804756,53",0,6,88,N,180,822,"950385,29","6804844,04",0,D,0,ACCROCHE,DB6,FB6,DB,DB,FB,FB,0,180,180,88,DIRE
55416,02/01/2026,88N905708,33,7,88,N,0,822,"950460,21","6804672,87",0,7,88,N,33,855,"950431,73","6804697,06",0,D,0,ACCROCHE,DB7,FB7,DB,DB,FB,FB,0,33,33,88,DIRE
55415,02/01/2026,88N905708,20,8,88,N,0,855,"950471,88","6804731,62",0,8,88,N,20,875,"950460,69","6804752,77",0,D,0,ACCROCHE,DB8,FB8,DB,DB,FR,FR,0,20,20,88,DIRE
55414,02/01/2026,88N905710,175,1,88,N,0,0,"951092,98","6801926,72",0,1,88,N,175,175,"951143,86","6801744,97",0,D,0,ACCROCHE,DB1,FB1,DB,DB,FB,FB,0,175,175,88,DIRE
55413,02/01/2026,88N905710,187,2,88,N,0,175,"951143,86","6801744,97",0,2,88,N,187,362,"951262,55","6801615,71",0,D,0,ACCROCHE,DB2,FB2,DB,DB,FB,FB,0,187,187,88,DIRE
55412,02/01/2026,88N905710,159,3,88,N,0,362,"951231,67","6801694,85",0,3,88,N,159,521,"951189,34","6801839,22",0,D,0,ACCROCHE,DB3,FB3,DB,DB,FB,FB,0,159,159,88,DIRE
55411,02/01/2026,88N905710,181,4,88,N,0,521,"951190,77","6801842,1",0,4,88,N,181,702,"951085,98","6801966,68",0,D,0,ACCROCHE,DB4,FB4,DB,DB,FR,FR,0,181,181,88,DIRE
55410,02/01/2026,88N905712,156,1,88,N,0,0,"951979,24","6800305,16",0,1,88,N,156,156,"952001,99","6800124,24",0,D,0,ACCROCHE,DB1,FB1,DB,DB,FB,FB,0,156,156,88,DIRE
55409,02/01/2026,88N905712,189,2,88,N,0,156,"952052,45","6800100,32",0,2,88,N,189,345,"952189,45","6799984,7",0,D,0,ACCROCHE,DB2,FB2,DB,DB,FB,FB,0,189,189,88,DIRE
55076,02/01/2026,88N905712,361,3,88,N,0,345,"952172,87","6800025,17",0,3,88,N,361,706,"952246,02","6800217,37",0,D,0,ACCROCHE,DB3,FB3,DB,DB,FB,FB,0,361,361,88,DIRE
55075,02/01/2026,88N905712,285,4,88,N,0,706,"952251,05","6800231,39",0,4,88,N,285,991,"951996,76","6800294,87",0,D,0,ACCROCHE,DB4,FB4,DB,DB,FR,FR,0,285,285,88,DIRE
55428,02/01/2026,88N905706,176,1,88,N,0,0,"949607,79","6807176,44",0,1,88,N,176,176,"949626,22","6807007,78",0,D,0,ACCROCHE,DB1,FB1,DB,DB,FB,FB,0,176,176,88,DIRE
55427,02/01/2026,88N905706,194,2,88,N,0,176,"949638,77","6807005,36",0,2,88,N,194,370,"949784,23","6806882,8",0,D,0,ACCROCHE,DB2,FB2,DB,DB,FB,FB,0,194,194,88,DIRE
55426,02/01/2026,88N905706,114,3,88,N,0,370,"949800,24","6806869,94",0,3,88,N,114,484,"949809,78","6806994,51",0,D,0,ACCROCHE,DB3,FB3,DB,DB,FB,FB,0,114,114,88,DIRE
55425,02/01/2026,88N905706,139,4,88,N,0,484,"949681,05","6807150,62",0,4,88,N,139,623,"949596,56","6807207,61",0,D,0,ACCROCHE,DB4,FB4,DB,DB,FB,FB,0,139,139,88,DIRE
55424,02/01/2026,88N905706,34,5,88,N,0,623,"949650,56","6807037,35",0,5,88,N,34,657,"949672,95","6807003,58",0,D,0,ACCROCHE,DB5,FB5,DB,DB,FB,FB,0,34,34,88,DIRE
55423,02/01/2026,88N905706,20,6,88,N,0,657,"949686,85","6807003,96",0,6,88,N,20,677,"949690,11","6806976,73",0,D,0,ACCROCHE,DB6,FB6,DB,DB,FR,FR,0,20,20,88,DIRE
55432,02/01/2026,88N905704,164,1,88,N,0,0,945064,"6810291,17",0,1,88,N,164,164,"945131,09","6810120,73",0,D,0,ACCROCHE,DB1,FB1,DB,DB,FB,FB,0,164,164,88,DIRE
55431,02/01/2026,88N905704,225,2,88,N,0,164,"945131,09","6810120,73",0,2,88,N,225,389,"945295,14","6809992,5",0,D,0,ACCROCHE,DB2,FB2,DB,DB,FB,FB,0,225,225,88,DIRE
55430,02/01/2026,88N905704,296,3,88,N,0,389,"945358,96","6809913,46",0,3,88,N,296,685,"945235,22","6810201,48",0,D,0,ACCROCHE,DB3,FB3,DB,DB,FB,FB,0,296,296,88,DIRE
55429,02/01/2026,88N905704,352,4,88,N,0,685,"945235,22","6810201,48",0,4,88,N,352,1037,"944985,33","6810387,53",0,D,0,ACCROCHE,DB4,FB4,DB,DB,FR,FR,0,352,352,88,DIRE
55436,02/01/2026,88N905702,311,1,88,N,0,0,"942243,28","6812737,2",0,1,88,N,311,311,"942503,01","6812563,21",0,D,0,ACCROCHE,DB1,FB1,DB,DB,FB,FB,0,311,311,88,DIRE
55435,02/01/2026,88N905702,289,2,88,N,0,311,"942522,22","6812576,84",0,2,88,N,289,600,"942635,23","6812683,7",0,D,0,ACCROCHE,DB2,FB2,DB,DB,FB,FB,0,289,289,88,DIRE
55434,02/01/2026,88N905702,163,3,88,N,0,600,"942667,64","6812685,21",0,3,88,N,163,763,"942520,85","6812777,22",0,D,0,ACCROCHE,DB3,FB3,DB,DB,FB,FB,0,163,163,88,DIRE
55433,02/01/2026,88N905702,124,9,88,N,0,763,"942472,96","6812774,83",0,9,88,N,124,887,"942378,12","6812737,33",0,D,0,ACCROCHE,DB9,FB9,DB,DB,FR,FR,0,124,124,88,DIRE
54973,02/01/2026,88N905914,190,1,88,N,0,0,"990497,36","6808451,93",0,1,88,N,190,190,"990504,25","6808254,25",0,D,0,ACCROCHE,DB1,FB1,DB,DB,FB,FB,0,190,190,88,DIRE
54972,02/01/2026,88N905914,215,2,88,N,0,190,990528,"6808192,38",0,2,88,N,215,405,"990666,38","6808094,14",0,D,0,ACCROCHE,DB2,FB2,DB,DB,FB,FB,0,215,215,88,DIRE
54971,02/01/2026,88N905914,196,3,88,N,0,405,"990692,2","6808063,85",0,3,88,N,196,601,"990660,47","6808268,99",0,D,0,ACCROCHE,DB3,FB3,DB,DB,FB,FB,0,196,196,88,DIRE
54970,02/01/2026,88N905914,239,4,88,N,0,601,"990651,27","6808314,54",0,4,88,N,239,840,"990508,85","6808451,35",0,D,0,ACCROCHE,DB4,FB4,DB,DB,FR,FR,0,239,239,88,DIRE
54959,02/01/2026,88N905920,255,4,88,N,0,0,"996720,49","6803383,23",0,4,88,N,255,255,"996647,8","6803186,39",0,D,0,ACCROCHE,DB4,FB4,DB,DB,FR,FR,0,255,255,88,DIRE
54946,02/01/2026,88N906608,65,1,88,N,0,0,"970063,55","6771408,33",0,1,88,N,65,65,"970011,06","6771353,22",0,D,0,ACCROCHE,DB1,FB1,DB,DB,FB,FB,0,65,65,88,DIRE
54945,02/01/2026,88N906608,79,2,88,N,0,65,"970015,46","6771339,51",0,2,88,N,79,144,"970066,78","6771325,97",0,D,0,ACCROCHE,DB2,FB2,DB,DB,FB,FB,0,79,79,88,DIRE
54944,02/01/2026,88N906608,151,3,88,N,0,144,"970090,19","6771153,08",0,3,88,N,151,295,"970092,4","6771320,3",0,D,0,ACCROCHE,DB3,FB3,DB,DB,FB,FB,0,151,151,88,DIRE
54943,02/01/2026,88N906608,75,4,88,N,0,295,"970113,83","6771476,82",0,4,88,N,75,370,"970065,68","6771495,82",0,D,0,ACCROCHE,DB4,FB4,DB,DB,FR,FR,0,75,75,88,DIRE
54310,02/01/2026,90N901906,203,1,90,N,0,0,"996015,71","6724751,79",0,1,90,N,203,203,"996035,19","6724552,01",0,D,0,ACCROCHE,DB1,FB1,DB,DB,FB,FB,0,203,203,90,DIRE
54309,02/01/2026,90N901906,183,2,90,N,0,203,"996131,17","6724727,04",0,2,90,N,183,386,"995976,04","6724796,55",0,D,0,ACCROCHE,DB2,FB2,DB,DB,FB,FB,0,183,183,90,DIRE
54308,02/01/2026,90N901906,32,3,90,N,0,386,"996120,61","6724690,64",0,3,90,N,32,418,"996094,64","6724716,65",0,D,0,ACCROCHE,DB3,FB3,DB,DB,FR,FR,0,32,32,90,DIRE
25775,02/01/2026,90N901905,407,1,90,N,0,0,"993502,36","6726527,36",0,1,90,N,407,407,"993513,04","6726184,71",0,D,0,ACCROCHE,DB1,FB1,DB,DB,FB,FB,0,407,407,90,DIRE
25774,02/01/2026,90N901905,547,2,90,N,0,407,"993520,18","6726186,17",0,2,90,N,547,954,"993484,39","6726537,8",0,D,0,ACCROCHE,DB2,FB2,DB,DB,FR,FR,0,547,547,90,DIRE
54317,02/01/2026,90N901901,117,1,90,N,0,0,"985774,41","6728611,48",0,1,90,N,117,117,"985851,06","6728672,8",0,D,0,ACCROCHE,DB1,FB1,DB,DB,FB,FB,0,117,117,90,DIRE
54316,02/01/2026,90N901901,319,3,90,N,0,274,"986417,84","6729130,85",0,3,90,N,319,593,"986185,3","6729001,2",0,D,0,ACCROCHE,DB3,FB3,DB,DB,FB,FB,0,319,319,90,DIRE
54315,02/01/2026,90N901901,307,4,90,N,0,593,"986725,83","6728995,43",0,4,90,N,307,900,"986445,09","6729145,38",0,D,0,ACCROCHE,DB4,FB4,DB,DB,FR,FR,0,307,307,90,DIRE
19115,02/01/2026,90N901901,157,2,90,N,0,117,"986000,67","6728757,57",0,2,90,N,157,274,"985942,65","6728840,07",0,D,0,ACCROCHE,DB2,FB2,DB,DB,FB,FB,0,157,157,90,DIRE
54307,02/01/2026,90N901908,220,1,90,N,0,0,"998758,03","6719503,47",0,1,90,N,220,220,"998802,15","6719289,82",0,D,0,ACCROCHE,DB1,FB1,DB,DB,FB,FB,0,220,220,90,DIRE
54306,02/01/2026,90N901908,184,2,90,N,0,220,"998810,48","6719253,82",0,2,90,N,184,404,"998932,69","6719122,58",0,D,0,ACCROCHE,DB2,FB2,DB,DB,FB,FB,0,184,184,90,DIRE
54305,02/01/2026,90N901908,304,3,90,N,0,404,"998983,39","6719019,71",0,3,90,N,304,708,"998935,16","6719312,2",0,D,0,ACCROCHE,DB3,FB3,DB,DB,FB,FB,0,304,304,90,DIRE
54304,02/01/2026,90N901908,322,4,90,N,0,708,"998915,23","6719343,73",0,4,90,N,322,1030,"998724,23","6719587,89",0,D,0,ACCROCHE,DB4,FB4,DB,DB,FR,FR,0,322,322,90,DIRE
54314,02/01/2026,90N901903,216,1,90,N,0,0,"990915,25","6727309,69",0,1,90,N,216,216,"991145,52","6727273,49",0,D,0,ACCROCHE,DB1,FB1,DB,DB,FB,FB,0,216,216,90,DIRE
54313,02/01/2026,90N901903,210,2,90,N,0,216,"991185,15","6727288,17",0,2,90,N,210,426,"991340,07","6727420,8",0,D,0,ACCROCHE,DB2,FB2,DB,DB,FB,FB,0,210,210,90,DIRE
54312,02/01/2026,90N901903,261,3,90,N,0,426,"991400,8","6727454,33",0,3,90,N,261,687,"991135,2","6727450,56",0,D,0,ACCROCHE,DB3,FB3,DB,DB,FB,FB,0,261,261,90,DIRE
54311,02/01/2026,90N901903,300,4,90,N,0,687,"991095,05","6727438,26",0,4,90,N,300,987,"990830,31","6727319,37",0,D,0,ACCROCHE,DB4,FB4,DB,DB,FR,FR,0,300,300,90,DIRE
25400,02/01/2026,52N901901,205,1,52,N,0,0,"870915,55","6762064,89",0,1,52,N,205,205,"870915,55","6762064,89",0,D,0,ACCROCHE,DB1,FB1,SA,SA,FR,FR,0,205,205,52,DIRE
52834,02/01/2026,90N901904,222,1,90,N,0,0,"992795,12","6727302,83",0,1,90,N,222,222,"992878,16","6727110,72",0,D,0,ACCROCHE,DB1,FB1,DB,DB,FB,FB,0,222,222,90,DIRE
19114,02/01/2026,90N901904,209,2,90,N,0,222,"992901,26","6727086,77",0,2,90,N,209,431,"993060,76","6726964,35",0,D,0,ACCROCHE,DB2,FB2,DB,DB,FB,FB,0,209,209,90,DIRE
19113,02/01/2026,90N901904,188,3,90,N,0,431,"993043,75","6726985,86",0,3,90,N,188,619,"993006,32","6727167,08",0,D,0,ACCROCHE,DB3,FB3,DB,DB,FB,FB,0,188,188,90,DIRE
19112,02/01/2026,90N901904,174,4,90,N,0,619,"992984,52","6727194,16",0,4,90,N,174,793,"992827,08","6727262,04",0,D,0,ACCROCHE,DB4,FB4,DB,DB,FR,FR,0,174,174,90,DIRE
22973,02/01/2026,39N900511,155,1,39,N,0,0,"926066,04","6613503,5",0,1,39,N,155,155,"926066,04","6613503,5",0,D,0,ACCROCHE,DB1,FB1,SA,SA,FR,FR,0,155,155,39,DIRE
19409,02/01/2026,55N913501A,82,1,55,N,0,0,"859600,33","6854712,81",0,1,55,N,82,82,"859600,33","6854712,81",0,D,0,ACCROCHE,DB1,FB1,SA,SA,FR,FR,0,82,82,55,DIRE
16677,02/01/2026,54A803301,126,1,54,N,0,0,"929984,65","6845119,92",0,1,54,N,126,126,"929989,1","6844970,78",0,D,0,ACCROCHE,DB1,FB1,DB,DB,FB,FB,0,126,126,54,GE DIRE
16676,02/01/2026,54A803301,121,2,54,N,0,126,"930015,27","6844864,1",0,2,54,N,121,247,"930081,48","6844723,96",0,D,0,ACCROCHE,DB2,FB2,DB,DB,FR,FR,0,121,121,54,GE DIRE
16675,02/01/2026,54A803302,127,1,54,N,0,0,"930082,39","6844758,33",0,1,54,N,127,127,"930077,7","6844907,46",0,D,0,ACCROCHE,DB1,FB1,DB,DB,FB,FB,0,127,127,54,GE DIRE
16673,02/01/2026,54A803302,127,2,54,N,0,127,"930051,98","6845013,74",0,2,54,N,127,254,"929985,93","6845152,86",0,D,0,ACCROCHE,DB2,FB2,DB,DB,FR,FR,0,127,127,54,GE DIRE
16811,02/01/2026,54A803105,125,1,54,N,0,0,"921433,79","6847359,48",0,1,54,N,125,125,"921560,24","6847352,56",0,D,0,ACCROCHE,DB1,FB1,DB,DB,FB,FB,0,125,125,54,GE DIRE
16810,02/01/2026,54A803105,161,2,54,N,0,125,"921699,86","6847369,47",0,2,54,N,161,286,"921857,54","6847411,06",0,D,0,ACCROCHE,DB2,FB2,DB,DB,FR,FR,0,161,161,54,GE DIRE
16740,02/01/2026,88N906610,154,1,88,N,0,0,"976025,5","6762742,34",0,1,88,N,154,154,"976025,5","6762742,34",0,D,0,ACCROCHE,DB1,FB1,SA,SA,FR,FR,0,154,154,88,DIRE
49942,02/01/2026,70N901911,254,1,70,N,0,0,"973696,3","6731470,77",0,1,70,N,254,254,"973807,59","6731251,79",0,D,0,ACCROCHE,DB1,FB1,DB,DB,FB,FB,0,254,254,70,DIRE
49941,02/01/2026,70N901911,290,2,70,N,0,254,973832,"6731223,81",0,2,70,N,290,544,"974106,15","6731182,02",0,D,0,ACCROCHE,DB2,FB2,DB,DB,FB,FB,0,290,290,70,DIRE
49639,02/01/2026,70N901911,245,3,70,N,0,544,"974117,58","6731190,57",0,3,70,N,245,789,"973961,91","6731338,56",0,D,0,ACCROCHE,DB3,FB3,DB,DB,FB,FB,0,245,245,70,DIRE
49638,02/01/2026,70N901911,208,4,70,N,0,789,"973936,45","6731369,79",0,4,70,N,208,997,"973753,77","6731425,05",0,D,0,ACCROCHE,DB4,FB4,DB,DB,FR,FR,0,208,208,70,DIRE
49816,02/01/2026,70N901908,474,1,70,N,0,0,"983741,5","6727834,97",0,1,70,N,474,474,"984198,93","6727825,07",0,D,0,ACCROCHE,DB1,FB1,DB,DB,FB,FB,0,474,474,70,DIRE
49815,02/01/2026,70N901908,313,2,70,N,0,474,"984196,39","6727845,71",0,2,70,N,313,787,"984129,99","6727935,38",0,D,0,ACCROCHE,DB2,FB2,DB,DB,FB,FB,0,313,313,70,DIRE
49814,02/01/2026,70N901908,353,3,70,N,0,787,"984471,17","6727996,4",0,3,70,N,353,1140,"984124,29","6728033,59",0,D,0,ACCROCHE,DB3,FB3,DB,DB,FB,FB,0,353,353,70,DIRE
49813,02/01/2026,70N901908,221,4,70,N,0,1140,"984086,15","6728010,42",0,4,70,N,221,1361,"983928,8","6727893,67",0,D,0,ACCROCHE,DB4,FB4,DB,DB,FR,FR,0,221,221,70,DIRE
50189,02/01/2026,70N901914,415,1,70,N,0,0,"965906,99","6735108,98",0,1,70,N,415,415,"966294,5","6735015,21",0,D,0,ACCROCHE,DB1,FB1,DB,DB,FB,FB,0,415,415,70,DIRE
50188,02/01/2026,70N901914,227,2,70,N,0,415,"966260,24","6735145,04",0,2,70,N,227,642,"966421,94","6735292,46",0,D,0,ACCROCHE,DB2,FB2,DB,DB,FB,FB,0,227,227,70,DIRE
50187,02/01/2026,70N901914,310,3,70,N,0,642,"966469,2","6735324,47",0,3,70,N,310,952,"966154,41","6735266,08",0,D,0,ACCROCHE,DB3,FB3,DB,DB,FB,FB,0,310,310,70,DIRE
50186,02/01/2026,70N901914,207,4,70,N,0,952,"966154,41","6735266,08",0,4,70,N,207,1159,"966006,61","6735133,74",0,D,0,ACCROCHE,DB4,FB4,DB,DB,FB,FB,0,207,207,70,DIRE
50185,02/01/2026,70N901914,30,5,70,N,0,1159,"966234,63","6735174,05",0,5,70,N,30,1189,"966270,19","6735168,64",0,D,0,ACCROCHE,DB5,FB5,DB,DB,FB,FB,0,30,30,70,DIRE
50184,02/01/2026,70N901914,35,6,70,N,0,1189,"966202,28","6735263,61",0,6,70,N,35,1224,"966187,95","6735229,84",0,D,0,ACCROCHE,DB6,FB6,DB,DB,FB,FB,0,35,35,70,DIRE
50183,02/01/2026,70N901914,40,7,70,N,0,1224,"966184,14","6735233,65",0,7,70,N,40,1264,"966147,94","6735234,8",0,D,0,ACCROCHE,DB7,FB7,DB,DB,FR,FR,0,40,40,70,DIRE
50182,02/01/2026,70N901913,190,1,70,N,0,0,"969125,58","6733952,73",0,1,70,N,190,190,"969221,96","6733788,99",0,D,0,ACCROCHE,DB1,FB1,DB,DB,FB,FB,0,190,190,70,DIRE
50181,02/01/2026,70N901913,195,2,70,N,0,190,"969213,71","6733778,07",0,2,70,N,195,385,"969380,71","6733709,44",0,D,0,ACCROCHE,DB2,FB2,DB,DB,FB,FB,0,195,195,70,DIRE
50180,02/01/2026,70N901913,280,3,70,N,0,385,"969419,12","6733659,52",0,3,70,N,280,665,"969322,57","6733906,99",0,D,0,ACCROCHE,DB3,FB3,DB,DB,FB,FB,0,280,280,70,DIRE
50178,02/01/2026,70N901913,204,4,70,N,0,665,"969329,74","6733915,37",0,4,70,N,204,869,"969132,87","6733960,18",0,D,0,ACCROCHE,DB4,FB4,DB,DB,FB,FB,0,204,204,70,DIRE
50177,02/01/2026,70N901913,39,5,70,N,0,869,"969246,78","6733818,54",0,5,70,N,39,908,"969253,36","6733780,5",0,D,0,ACCROCHE,DB5,FB5,DB,DB,FB,FB,0,39,39,70,DIRE
50176,02/01/2026,70N901913,33,6,70,N,0,908,"969301,87","6733882,65",0,6,70,N,33,941,"969298,73","6733916,52",0,D,0,ACCROCHE,DB6,FB6,DB,DB,FR,FR,0,33,33,70,DIRE
50175,02/01/2026,70N901912,276,1,70,N,0,0,"971432,46","6732564,86",0,1,70,N,276,276,"971605,39","6732391,01",0,D,0,ACCROCHE,DB1,FB1,DB,DB,FB,FB,0,276,276,70,DIRE
50174,02/01/2026,70N901912,132,2,70,N,0,276,"971874,33","6732357,05",0,2,70,N,132,408,"971989,63","6732372,2",0,D,0,ACCROCHE,DB2,FB2,DB,DB,FB,FB,0,132,132,70,DIRE
50173,02/01/2026,70N901912,360,3,70,N,0,408,"972227,04","6732301,36",0,3,70,N,360,768,"971922,7","6732464,37",0,D,0,ACCROCHE,DB3,FB3,DB,DB,FB,FB,0,360,360,70,DIRE
50172,02/01/2026,70N901912,181,4,70,N,0,768,"971842,24","6732483,61",0,4,70,N,181,949,"971672,93","6732461,39",0,D,0,ACCROCHE,DB4,FB4,DB,DB,FR,FR,0,181,181,70,DIRE
50193,02/01/2026,70N901915,513,1,70,N,0,0,"963862,42","6736725,36",0,1,70,N,513,513,"964194,81","6736500,37",0,D,0,ACCROCHE,DB1,FB1,DB,DB,FB,FB,0,513,513,70,DIRE
50192,02/01/2026,70N901915,244,2,70,N,0,513,"963988,15","6736400,18",0,2,70,N,244,757,"964134,79",6736206,0,D,0,ACCROCHE,DB2,FB2,DB,DB,FB,FB,0,244,244,70,DIRE
50191,02/01/2026,70N901915,198,3,70,N,0,757,"964008,76","6736424,85",0,3,70,N,198,955,"964085,79","6736544,2",0,D,0,ACCROCHE,DB3,FB3,DB,DB,FB,FB,0,198,198,70,DIRE
50190,02/01/2026,70N901915,340,4,70,N,0,955,"964200,11","6736526,06",0,4,70,N,340,1295,"963908,11","6736623,27",0,D,0,ACCROCHE,DB4,FB4,DB,DB,FR,FR,0,340,340,70,DIRE
47380,02/01/2026,70N901910,296,1,70,N,0,0,"979571,92","6728808,61",0,1,70,N,296,296,"979686,99","6728544,72",0,D,0,ACCROCHE,DB1,FB1,DB,DB,FB,FB,0,296,296,70,DIRE
47375,02/01/2026,70N901910,182,2,70,N,0,296,"979719,95","6728512,74",0,2,70,N,182,478,"979884,82","6728455,51",0,D,0,ACCROCHE,DB2,FB2,DB,DB,FB,FB,0,182,182,70,DIRE
47374,02/01/2026,70N901910,335,3,70,N,0,478,"979947,95","6728396,88",0,3,70,N,335,813,"979813,16","6728683,86",0,D,0,ACCROCHE,DB3,FB3,DB,DB,FB,FB,0,335,335,70,DIRE
47721,02/01/2026,70N901910,198,4,70,N,0,813,"979782,86","6728710,06",0,4,70,N,198,1011,"979610,83","6728783,95",0,D,0,ACCROCHE,DB4,FB4,DB,DB,FR,FR,0,198,198,70,DIRE
47386,02/01/2026,70N901909,355,1,70,N,0,0,"981290,43","6727195,14",0,1,70,N,355,355,"981635,39","6727122,63",0,D,0,ACCROCHE,DB1,FB1,DB,DB,FB,FB,0,355,355,70,DIRE
47383,02/01/2026,70N901909,227,2,70,N,0,355,"981697,97","6727137,1",0,2,70,N,227,582,"981908,31","6727212,3",0,D,0,ACCROCHE,DB2,FB2,DB,DB,FB,FB,0,227,227,70,DIRE
47382,02/01/2026,70N901909,297,3,70,N,0,582,"981912,44","6727222,99",0,3,70,N,297,879,"981629,85","6727250,11",0,D,0,ACCROCHE,DB3,FB3,DB,DB,FB,FB,0,297,297,70,DIRE
47381,02/01/2026,70N901909,280,4,70,N,0,879,"981649,08","6727225,61",0,4,70,N,280,1159,"981658,95","6727187,9",0,D,0,ACCROCHE,DB4,FB4,DB,DB,FR,FR,0,280,280,70,DIRE
47501,02/01/2026,25N905723,240,1,25,N,0,0,"956157,51","6648129,68",0,1,25,N,240,240,"956133,17","6647885,23",0,D,0,ACCROCHE,DB1,FB1,DB,DB,FB,FB,0,240,240,25,DIRE
47104,02/01/2026,25N905723,160,2,25,N,0,240,"956133,17","6647885,23",0,2,25,N,160,400,956157,"6648027,49",0,D,0,ACCROCHE,DB2,FB2,DB,DB,FR,FR,0,160,160,25,DIRE
47215,02/01/2026,25N905722,286,1,25,N,0,0,"953340,68","6672013,22",0,1,25,N,286,286,"953491,83","6671770,68",0,D,0,ACCROCHE,DB1,FB1,DB,DB,FB,FB,0,286,286,25,DIRE
47168,02/01/2026,25N905722,300,2,25,N,0,286,"953476,15","6671748,83",0,2,25,N,300,586,"953719,13","6671579,94",0,D,0,ACCROCHE,DB2,FB2,DB,DB,FB,FB,0,300,300,25,DIRE
47512,02/01/2026,25N905722,368,3,25,N,0,586,"953732,97","6671576,53",0,3,25,N,368,954,"953686,5","6671912,19",0,D,0,ACCROCHE,DB3,FB3,DB,DB,FB,FB,0,368,368,25,DIRE
47511,02/01/2026,25N905722,272,4,25,N,0,954,"953686,5","6671912,19",0,4,25,N,272,1226,"953403,33","6671985,76",0,D,0,ACCROCHE,DB4,FB4,DB,DB,FB,FB,0,272,272,25,DIRE
47510,02/01/2026,25N905722,20,5,25,N,0,1226,"953677,61","6671882,66",0,5,25,N,20,1246,"953656,11","6671898,17",0,D,0,ACCROCHE,DB5,FB5,DB,DB,FB,FB,0,20,20,25,DIRE
47509,02/01/2026,25N905722,29,6,25,N,0,1246,"953618,14","6671879,68",0,6,25,N,29,1275,"953609,95","6671916,2",0,D,0,ACCROCHE,DB6,FB6,DB,DB,FB,FB,0,29,29,25,DIRE
47508,02/01/2026,25N905722,34,7,25,N,0,1275,"953483,36","6671808,92",0,7,25,N,34,1309,"953513,42","6671795,17",0,D,0,ACCROCHE,DB7,FB7,DB,DB,FB,FB,0,34,34,25,DIRE
47506,02/01/2026,25N905722,29,8,25,N,0,1309,"953498,48","6671777,91",0,8,25,N,29,1338,"953508,16","6671752,25",0,D,0,ACCROCHE,DB8,FB8,DB,DB,FR,FR,0,29,29,25,DIRE
47227,02/01/2026,25N905720,129,1,25,N,0,0,"946938,67","6677714,74",0,1,25,N,129,129,"946881,11","6677717,82",0,D,0,ACCROCHE,DB1,FB1,DB,DB,FB,FB,0,129,129,25,DIRE
47225,02/01/2026,25N905720,129,2,25,N,0,129,"946862,6","6677710,84",0,2,25,N,129,258,"946973,07","6677687,58",0,D,0,ACCROCHE,DB2,FB2,DB,DB,FB,FB,0,129,129,25,DIRE
47224,02/01/2026,25N905720,95,3,25,N,0,258,"946969,97","6677690,02",0,3,25,N,95,353,"947017,52","6677778,32",0,D,0,ACCROCHE,DB3,FB3,DB,DB,FB,FB,0,95,95,25,DIRE
47223,02/01/2026,25N905720,101,4,25,N,0,353,"946990,81","6677778,02",0,4,25,N,101,454,"946931,33","6677720,54",0,D,0,ACCROCHE,DB4,FB4,DB,DB,FR,FR,0,101,101,25,DIRE
47095,02/01/2026,25N905724,247,1,25,N,0,0,"956132,2","6637530,57",0,1,25,N,247,247,"956315,24","6637373,02",0,D,0,ACCROCHE,DB1,FB1,DB,DB,FB,FB,0,247,247,25,DIRE
47028,02/01/2026,25N905724,196,2,25,N,0,247,"956375,03","6637351,33",0,2,25,N,196,443,"956569,08","6637354,42",0,D,0,ACCROCHE,DB2,FB2,DB,DB,FB,FB,0,196,196,25,DIRE
47023,02/01/2026,25N905724,228,3,25,N,0,443,"956617,42","6637367,84",0,3,25,N,228,671,"956391,17","6637396,73",0,D,0,ACCROCHE,DB3,FB3,DB,DB,FB,FB,0,228,228,25,DIRE
47022,02/01/2026,25N905724,260,4,25,N,0,671,"956331,75","6637419,48",0,4,25,N,260,931,"956113,81","6637573,53",0,D,0,ACCROCHE,DB4,FB4,DB,DB,FB,FB,0,260,260,25,DIRE
46994,02/01/2026,25N905724,274,5,25,N,0,931,"956315,24","6637373,02",0,5,25,N,274,1205,"956315,24","6637373,02",0,D,0,ACCROCHE,DB5,FB5,SA,SA,FR,FR,0,274,274,25,DIRE
47222,02/01/2026,25N905721,131,1,25,N,0,0,"949047,49","6675145,21",0,1,25,N,131,131,"948948,53","6675122,47",0,D,0,ACCROCHE,DB1,FB1,DB,DB,FB,FB,0,131,131,25,DIRE
47221,02/01/2026,25N905721,134,2,25,N,0,131,"948940,06","6675113,67",0,2,25,N,134,265,"949063,68","6675126,09",0,D,0,ACCROCHE,DB2,FB2,DB,DB,FB,FB,0,134,134,25,DIRE
47216,02/01/2026,25N905721,306,3,25,N,0,265,"949117,43","6675233,38",0,3,25,N,306,571,"948852,68","6675382,93",0,D,0,ACCROCHE,DB3,FB3,DB,DB,FR,FR,0,306,306,25,DIRE
47327,02/01/2026,25N905719,233,1,25,N,0,0,"942750,81","6680174,07",0,1,25,N,233,233,"942952,78","6680060,82",0,D,0,ACCROCHE,DB1,FB1,DB,DB,FB,FB,0,233,233,25,DIRE
47252,02/01/2026,25N905719,230,2,25,N,0,233,"942947,84","6680052,41",0,2,25,N,230,463,"943148,83","6680138,22",0,D,0,ACCROCHE,DB2,FB2,DB,DB,FB,FB,0,230,230,25,DIRE
47243,02/01/2026,25N905719,350,3,25,N,0,463,"943175,53","6680148,15",0,3,25,N,350,813,"942952,78","6680060,82",0,D,0,ACCROCHE,DB3,FB3,DB,DB,FB,FB,0,350,350,25,DIRE
47235,02/01/2026,25N905719,300,4,25,N,0,813,"942952,78","6680060,82",0,4,25,N,300,1113,"943011,89","6680144,9",0,D,0,ACCROCHE,DB4,FB4,DB,DB,FR,FR,0,300,300,25,DIRE
47377,02/01/2026,25N905716,366,1,25,N,0,0,"934183,9","6683697,43",0,1,25,N,366,366,"934427,58","6683575,7",0,D,0,ACCROCHE,DB1,FB1,DB,DB,FB,FB,0,366,366,25,DIRE
47717,02/01/2026,25N905716,320,2,25,N,0,366,"934427,58","6683575,7",0,2,25,N,320,686,"934167,08","6683727,13",0,D,0,ACCROCHE,DB2,FB2,DB,DB,FR,FR,0,320,320,25,DIRE
15898,02/01/2026,25N905727,313,1,25,N,0,0,"932982,53","6684603,58",0,1,25,N,313,313,"933088,62","6684617,37",0,D,0,ACCROCHE,DB1,FB1,DB,DB,FB,FB,0,313,313,25,DIRE
15897,02/01/2026,25N905727,321,2,25,N,0,313,"933091,49","6684623,31",0,2,25,N,321,634,"933032,62","6684583,56",0,D,0,ACCROCHE,DB2,FB2,DB,DB,FR,FR,0,321,321,25,DIRE
47571,02/01/2026,25N905710,350,1,25,N,0,0,"925703,78","6685767,43",0,1,25,N,350,350,"925591,03","6685454,56",0,D,0,ACCROCHE,DB1,FB1,DB,DB,FB,FB,0,350,350,25,DIRE
47530,02/01/2026,25N905710,80,2,25,N,0,350,"925677,41","6685711,3",0,2,25,N,80,430,925598,"6685655,73",0,D,0,ACCROCHE,DB2,FB2,DB,DB,FB,FB,0,80,80,25,DIRE
47527,02/01/2026,25N905710,296,3,25,N,0,430,"925587,72","6685423,01",0,3,25,N,296,726,"925685,12","6685689,05",0,D,0,ACCROCHE,DB3,FB3,DB,DB,FR,FR,0,296,296,25,DIRE
47282,02/01/2026,25N908302,766,1,25,N,0,0,"919792,99","6671476,14",0,1,25,N,766,766,"920309,44","6671923,34",0,D,0,ACCROCHE,DB1,FB1,DB,DB,FB,FB,0,766,766,25,DIRE
47271,02/01/2026,25N908302,520,2,25,N,0,766,"920193,03","6671740,66",0,2,25,N,520,1286,"919792,99","6671476,14",0,D,0,ACCROCHE,DB2,FB2,DB,DB,FR,FR,0,520,520,25,DIRE
47373,02/01/2026,25N905717,130,1,25,N,0,0,"934492,8","6683223,6",0,1,25,N,130,130,"934514,72","6683112,39",0,D,0,ACCROCHE,DB1,FB1,DB,DB,FB,FB,0,130,130,25,DIRE
47369,02/01/2026,25N905717,245,2,25,N,0,130,"934834,02","6682930,48",0,2,25,N,245,375,"935070,67","6683026,47",0,D,0,ACCROCHE,DB2,FB2,DB,DB,FB,FB,0,245,245,25,DIRE
47360,02/01/2026,25N905717,195,3,25,N,0,375,"934951,06","6683010,96",0,3,25,N,195,570,"934751,89","6683059,79",0,D,0,ACCROCHE,DB3,FB3,DB,DB,FB,FB,0,195,195,25,DIRE
47359,02/01/2026,25N905717,263,4,25,N,0,570,"934654,5","6683214,71",0,4,25,N,263,833,"934416,63","6683360,55",0,D,0,ACCROCHE,DB4,FB4,DB,DB,FB,FB,0,263,263,25,DIRE
47358,02/01/2026,25N905717,44,5,25,N,0,833,"934530,88","6683144,13",0,5,25,N,44,877,"934552,34","6683105,97",0,D,0,ACCROCHE,DB5,FB5,DB,DB,FR,FR,0,44,44,25,DIRE
47415,02/01/2026,25N905715,330,1,25,N,0,0,"932705,46","6684985,84",0,1,25,N,330,330,"932581,66","6684715,74",0,D,0,ACCROCHE,DB1,FB1,DB,DB,FB,FB,0,330,330,25,DIRE
47408,02/01/2026,25N905715,267,2,25,N,0,330,"932814,78","6684834,92",0,2,25,N,267,597,"932735,92","6684860,55",0,D,0,ACCROCHE,DB2,FB2,DB,DB,FB,FB,0,267,267,25,DIRE
47407,02/01/2026,25N905715,70,3,25,N,0,597,"932740,02","6684755,72",0,3,25,N,70,667,"932703,21","6684828,57",0,D,0,ACCROCHE,DB3,FB3,DB,DB,FB,FB,0,70,70,25,DIRE
47397,02/01/2026,25N905715,237,5,25,N,0,975,"932835,62","6684788,94",0,5,25,N,237,1212,"932850,14","6684990,34",0,D,0,ACCROCHE,DB5,FB5,DB,DB,FB,FB,0,237,237,25,DIRE
47392,02/01/2026,25N905715,230,7,25,N,0,1462,"932877,58","6685028,98",0,7,25,N,230,1692,"932691,13","6685000,38",0,D,0,ACCROCHE,DB7,FB7,DB,DB,FB,FB,0,230,230,25,DIRE
47391,02/01/2026,25N905715,154,8,25,N,0,1692,"932619,03","6685030,84",0,8,25,N,154,1846,"932750,81","6684950,73",0,D,0,ACCROCHE,DB8,FB8,DB,DB,FB,FB,0,154,154,25,DIRE
47384,02/01/2026,25N905715,154,9,25,N,0,1846,"932750,81","6684950,73",0,9,25,N,154,2000,"932617,44","6685027,03",0,D,0,ACCROCHE,DB9,FB9,DB,DB,FR,FR,0,154,154,25,DIRE
38732,02/01/2026,25N905715,308,4,25,N,0,667,"932622,93","6684754,42",0,4,25,N,308,975,"932900,98","6684668,97",0,D,0,ACCROCHE,DB4,FB4,DB,DB,FB,FB,0,308,308,25,DIRE
17036,02/01/2026,25N905715,250,6,25,N,0,1212,"932750,81","6684950,73",0,6,25,N,250,1462,"932782,29","6684906,47",0,D,0,ACCROCHE,DB6,FB6,DB,DB,FB,FB,0,250,250,25,DIRE
13403,02/01/2026,25N905701,242,1,25,N,0,0,"926420,83","6695383,05",0,1,25,N,242,242,"926313,62","6695177,32",0,D,0,ACCROCHE,DB1,FB1,DB,DB,FB,FB,0,242,242,25,DIRE
13402,02/01/2026,25N905701,210,2,25,N,0,242,"926317,33","6695145,91",0,2,25,N,210,452,"926392,58","6695009,55",0,D,0,ACCROCHE,DB2,FB2,DB,DB,FB,FB,0,210,210,25,DIRE
13401,02/01/2026,25N905701,295,3,25,N,0,452,"926399,16","6694951,37",0,3,25,N,295,747,"926460,67","6695233,06",0,D,0,ACCROCHE,DB3,FB3,DB,DB,FB,FB,0,295,295,25,DIRE
13400,02/01/2026,25N905701,243,4,25,N,0,747,"926483,18","6695318,03",0,4,25,N,243,990,"926481,6","6695553,59",0,D,0,ACCROCHE,DB4,FB4,DB,DB,FB,FB,0,243,243,25,DIRE
13399,02/01/2026,25N905701,126,5,25,N,0,990,"926313,62","6695177,32",0,5,25,N,126,1116,"926313,62","6695177,32",0,D,0,ACCROCHE,DB5,FB5,SA,SA,FR,FR,0,126,126,25,DIRE
47755,02/01/2026,25N905704,205,1,25,N,0,0,"926457,75",6690209,0,1,25,N,205,205,"926541,15","6690031,22",0,D,0,ACCROCHE,DB1,FB1,DB,DB,FB,FB,0,205,205,25,DIRE
47754,02/01/2026,25N905704,335,3,25,N,0,398,"926766,65","6689888,18",0,3,25,N,335,733,"926560,8","6690020,07",0,D,0,ACCROCHE,DB3,FB3,DB,DB,FB,FB,0,335,335,25,DIRE
47753,02/01/2026,25N905704,300,4,25,N,0,733,"926564,83","6690007,17",0,4,25,N,300,1033,926639,"6689999,4",0,D,0,ACCROCHE,DB4,FB4,DB,DB,FR,FR,0,300,300,25,DIRE
15945,02/01/2026,25N905704,193,2,25,N,0,205,"926729,61","6689805,41",0,2,25,N,193,398,"926900,92","6689745,43",0,D,0,ACCROCHE,DB2,FB2,DB,DB,FB,FB,0,193,193,25,DIRE
47752,02/01/2026,25N905705,320,1,25,N,0,0,"927175,56","6689311,5",0,1,25,N,320,320,"927180,21","6688990,99",0,D,0,ACCROCHE,DB1,FB1,DB,DB,FB,FB,0,320,320,25,DIRE
47751,02/01/2026,25N905705,247,2,25,N,0,320,"927168,15","6688947,33",0,2,25,N,247,567,"927078,01","6688703,19",0,D,0,ACCROCHE,DB2,FB2,DB,DB,FB,FB,0,247,247,25,DIRE
47750,02/01/2026,25N905705,420,3,25,N,0,567,"926966,34","6688568,55",0,3,25,N,420,987,"927232,69","6688923,79",0,D,0,ACCROCHE,DB3,FB3,DB,DB,FB,FB,0,420,420,25,DIRE
47749,02/01/2026,25N905705,655,4,25,N,0,987,"927250,12","6688974,6",0,4,25,N,655,1642,"927040,86","6689553,97",0,D,0,ACCROCHE,DB4,FB4,DB,DB,FB,FB,0,655,655,25,DIRE
47748,02/01/2026,25N905705,298,5,25,N,0,1642,"927180,21","6688990,99",0,5,25,N,298,1940,"927180,21","6688990,99",0,D,0,ACCROCHE,DB5,FB5,SA,SA,FR,FR,0,298,298,25,DIRE
47794,02/01/2026,25N905703,175,1,25,N,0,0,"926083,85","6690774,95",0,1,25,N,175,175,"926148,94","6690604,71",0,D,0,ACCROCHE,DB1,FB1,DB,DB,FB,FB,0,175,175,25,DIRE
47790,02/01/2026,25N905703,175,2,25,N,0,175,"926212,77","6690555,7",0,2,25,N,175,350,"926350,46","6690429,75",0,D,0,ACCROCHE,DB2,FB2,DB,DB,FB,FB,0,175,175,25,DIRE
47786,02/01/2026,25N905703,215,3,25,N,0,350,"926362,63","6690425,04",0,3,25,N,215,565,"926234,72","6690603,93",0,D,0,ACCROCHE,DB3,FB3,DB,DB,FB,FB,0,215,215,25,DIRE
47776,02/01/2026,25N905703,175,4,25,N,0,565,"926190,57","6690639,3",0,4,25,N,175,740,"926087,92","6690793,65",0,D,0,ACCROCHE,DB4,FB4,DB,DB,FB,FB,0,175,175,25,DIRE
47770,02/01/2026,25N905703,297,5,25,N,0,740,"926148,94","6690604,71",0,5,25,N,297,1037,"926148,94","6690604,71",0,D,0,ACCROCHE,DB5,FB5,SA,SA,SA,SA,0,297,297,25,DIRE
47766,02/01/2026,25N905703,120,6,25,N,0,1037,"926147,87","6690589,47",0,6,25,N,120,1157,"926071,39","6690516,8",0,D,0,ACCROCHE,DB6,FB6,DB,DB,FB,FB,0,120,120,25,DIRE
47756,02/01/2026,25N905703,120,7,25,N,0,1157,"926071,5","6690506,61",0,7,25,N,120,1277,"926160,99","6690563,76",0,D,0,ACCROCHE,DB7,FB7,DB,DB,FR,FR,0,120,120,25,DIRE
30380,02/01/2026,25N905702,215,3,25,N,0,1066,"926042,77","6690933,69",0,3,25,N,215,1281,"926053,29","6691141,3",0,D,0,ACCROCHE,DB3,FB3,DB,DB,FB,FB,0,215,215,25,DIRE
30379,02/01/2026,25N905702,661,1,25,N,0,0,"925514,76","6691560,18",0,1,25,N,661,661,"925658,86","6690952,85",0,D,0,ACCROCHE,DB1,FB1,DB,DB,FB,FB,0,661,661,25,DIRE
30378,02/01/2026,25N905702,405,2,25,N,0,661,"925666,79","6690959,25",0,2,25,N,405,1066,"925697,98","6691188,03",0,D,0,ACCROCHE,DB2,FB2,DB,DB,FB,FB,0,405,405,25,DIRE
30377,02/01/2026,25N905702,200,4,25,N,0,1281,"926000,83","6691118,72",0,4,25,N,200,1481,"925820,29","6691158,98",0,D,0,ACCROCHE,DB4,FB4,DB,DB,FR,FR,0,200,200,25,DIRE
47427,02/01/2026,25N905712,235,1,25,N,0,0,"925657,76",6684120,0,1,25,N,235,235,"925541,03","6684329,04",0,D,0,ACCROCHE,DB1,FB1,DB,DB,FB,FB,0,235,235,25,DIRE
47418,02/01/2026,25N905712,140,2,25,N,0,235,"925510,14","6684375,55",0,2,25,N,140,375,"925416,23","6684488,29",0,D,0,ACCROCHE,DB2,FB2,DB,DB,FB,FB,0,140,140,25,DIRE
47417,02/01/2026,25N905712,122,3,25,N,0,375,"925411,24","6684468,73",0,3,25,N,122,497,"925466,06","6684350,05",0,D,0,ACCROCHE,DB3,FB3,DB,DB,FB,FB,0,122,122,25,DIRE
47416,02/01/2026,25N905712,200,4,25,N,0,497,"925498,49","6684298,41",0,4,25,N,200,697,"925628,93","6684146,22",0,D,0,ACCROCHE,DB4,FB4,DB,DB,FR,FR,0,200,200,25,DIRE
47526,02/01/2026,25N905711,424,1,25,N,0,0,"925369,62","6684794,2",0,1,25,N,424,424,"925633,1","6685072,12",0,D,0,ACCROCHE,DB1,FB1,DB,DB,FB,FB,0,424,424,25,DIRE
47525,02/01/2026,25N905711,240,2,25,N,0,424,"925446,25","6684997,35",0,2,25,N,240,664,"925387,57","6684951,69",0,D,0,ACCROCHE,DB2,FB2,DB,DB,FB,FB,0,240,240,25,DIRE
47524,02/01/2026,25N905711,145,3,25,N,0,664,"925405,29","6685066,11",0,3,25,N,145,809,"925476,38","6685016,86",0,D,0,ACCROCHE,DB3,FB3,DB,DB,FB,FB,0,145,145,25,DIRE
47519,02/01/2026,25N905711,192,4,25,N,0,809,"925540,57","6685043,19",0,4,25,N,192,1001,"925460,87","6685197,76",0,D,0,ACCROCHE,DB4,FB4,DB,DB,FB,FB,0,192,192,25,DIRE
47437,02/01/2026,25N905711,178,5,25,N,0,1001,"925371,09","6684971,72",0,5,25,N,178,1179,"925398,33","6685023,98",0,D,0,ACCROCHE,DB5,FB5,DB,DB,FB,FB,0,178,178,25,DIRE
47430,02/01/2026,25N905711,290,6,25,N,0,1179,"925445,38","6685171,71",0,6,25,N,290,1469,"925277,16","6684926,04",0,D,0,ACCROCHE,DB6,FB6,DB,DB,FB,FB,0,290,290,25,DIRE
47429,02/01/2026,25N905711,133,7,25,N,0,1469,"925381,27","6684905,09",0,7,25,N,133,1602,"925323,1","6684944,18",0,D,0,ACCROCHE,DB7,FB7,DB,DB,FB,FB,0,133,133,25,DIRE
47428,02/01/2026,25N905711,170,8,25,N,0,1602,"925244,82","6684912,05",0,8,25,N,170,1772,"925363,96","6684799,03",0,D,0,ACCROCHE,DB8,FB8,DB,DB,FR,FR,0,170,170,25,DIRE
47291,02/01/2026,25N908301,146,1,25,N,0,0,"918699,63","6668416,59",0,1,25,N,146,146,"918742,06","6668568,43",0,D,0,ACCROCHE,DB1,FB1,DB,DB,FB,FB,0,146,146,25,DIRE
47290,02/01/2026,25N908301,210,2,25,N,0,146,"918742,06","6668568,43",0,2,25,N,210,356,"918708,85","6668778,15",0,D,0,ACCROCHE,DB2,FB2,DB,DB,FB,FB,0,210,210,25,DIRE
47289,02/01/2026,25N908301,172,3,25,N,0,356,"918708,18","6668749,98",0,3,25,N,172,528,"918638,9","6668586,5",0,D,0,ACCROCHE,DB3,FB3,DB,DB,FB,FB,0,172,172,25,DIRE
47288,02/01/2026,25N908301,137,4,25,N,0,528,"918639,55","6668557,12",0,4,25,N,137,665,"918699,63","6668416,59",0,D,0,ACCROCHE,DB4,FB4,DB,DB,FB,FB,0,137,137,25,DIRE
47287,02/01/2026,25N908301,30,5,25,N,0,665,"918739,39","6668547,97",0,5,25,N,30,695,918765,"6668563,43",0,D,0,ACCROCHE,DB5,FB5,DB,DB,FR,FR,0,30,30,25,DIRE
47747,02/01/2026,25N905706,176,1,25,N,0,0,"926563,06","6688313,85",0,1,25,N,176,176,"926403,17","6688244,05",0,D,0,ACCROCHE,DB1,FB1,DB,DB,FB,FB,0,176,176,25,DIRE
47746,02/01/2026,25N905706,185,2,25,N,0,176,"926372,95","6688227,32",0,2,25,N,185,361,"926245,85","6688098,79",0,D,0,ACCROCHE,DB2,FB2,DB,DB,FB,FB,0,185,185,25,DIRE
47744,02/01/2026,25N905706,210,3,25,N,0,361,"926242,53","6688073,76",0,3,25,N,210,571,"926449,54","6688117,64",0,D,0,ACCROCHE,DB3,FB3,DB,DB,FB,FB,0,210,210,25,DIRE
47743,02/01/2026,25N905706,210,4,25,N,0,571,"926479,06","6688134,18",0,4,25,N,210,781,"926601,73","6688320,84",0,D,0,ACCROCHE,DB4,FB4,DB,DB,FR,FR,0,210,210,25,DIRE
47742,02/01/2026,25N905707,215,1,25,N,0,0,"925710,85","6687686,74",0,1,25,N,215,215,"925599,31","6687503,33",0,D,0,ACCROCHE,DB1,FB1,DB,DB,FB,FB,0,215,215,25,DIRE
47856,02/01/2026,25N905707,160,2,25,N,0,215,"925582,66","6687473,09",0,2,25,N,160,375,"925608,41","6687308,43",0,D,0,ACCROCHE,DB2,FB2,DB,DB,FB,FB,0,160,160,25,DIRE
47855,02/01/2026,25N905707,155,3,25,N,0,375,"925617,38","6687293,04",0,3,25,N,155,530,"925679,29","6687439,39",0,D,0,ACCROCHE,DB3,FB3,DB,DB,FB,FB,0,155,155,25,DIRE
47854,02/01/2026,25N905707,215,4,25,N,0,530,"925675,19","6687473,9",0,4,25,N,215,745,"925728,44","6687684,85",0,D,0,ACCROCHE,DB4,FB4,DB,DB,FR,FR,0,215,215,25,DIRE
47580,02/01/2026,25N905708,145,1,25,N,0,0,"925583,97","6687114,65",0,1,25,N,145,145,"925547,56","6686971,17",0,D,0,ACCROCHE,DB1,FB1,DB,DB,FB,FB,0,145,145,25,DIRE
47579,02/01/2026,25N905708,130,2,25,N,0,145,925536,"6686927,51",0,2,25,N,130,275,"925545,75","6686783,53",0,D,0,ACCROCHE,DB2,FB2,DB,DB,FB,FB,0,130,130,25,DIRE
47578,02/01/2026,25N905708,195,3,25,N,0,275,"925559,23","6686713,37",0,3,25,N,195,470,"925594,36","6686916,91",0,D,0,ACCROCHE,DB3,FB3,DB,DB,FB,FB,0,195,195,25,DIRE
47574,02/01/2026,25N905708,130,4,25,N,0,470,"925601,51","6686958,62",0,4,25,N,130,600,"925592,87","6687098,7",0,D,0,ACCROCHE,DB4,FB4,DB,DB,FR,FR,0,130,130,25,DIRE
47573,02/01/2026,25N905709,250,1,25,N,0,0,"925341,25","6686349,05",0,1,25,N,250,250,"925302,37","6686102,14",0,D,0,ACCROCHE,DB1,FB1,DB,DB,FB,FB,0,250,250,25,DIRE
47572,02/01/2026,25N905709,178,2,25,N,0,250,"925390,02","6686128,17",0,2,25,N,178,428,"925338,25","6686298,15",0,D,0,ACCROCHE,DB2,FB2,DB,DB,FR,FR,0,178,178,25,DIRE
47357,02/01/2026,25N905718,170,1,25,N,0,0,"938461,88","6682155,69",0,1,25,N,170,170,938534,"6682008,49",0,D,0,ACCROCHE,DB1,FB1,DB,DB,FB,FB,0,170,170,25,DIRE
47354,02/01/2026,25N905718,90,2,25,N,0,170,938534,"6682008,49",0,2,25,N,90,260,"938589,7","6682063,43",0,D,0,ACCROCHE,DB2,FB2,DB,DB,FB,FB,0,90,90,25,DIRE
47341,02/01/2026,25N905718,160,3,25,N,0,260,"939825,72","6682131,51",0,3,25,N,160,420,"939665,41","6682096,57",0,D,0,ACCROCHE,DB3,FB3,DB,DB,FB,FB,0,160,160,25,DIRE
47334,02/01/2026,25N905718,120,4,25,N,0,420,"938496,18","6682165,4",0,4,25,N,120,540,"938381,62","6682217,15",0,D,0,ACCROCHE,DB4,FB4,DB,DB,FR,FR,0,120,120,25,DIRE
52420,02/01/2026,25N905751,393,2,25,N,0,515,"925754,99","6693974,17",0,2,25,N,393,908,"925895,3","6693693,22",0,D,0,ACCROCHE,DB2,FB2,DB,DB,FB,FB,0,393,393,25,DIRE
29997,02/01/2026,25N905751,1165,3,25,N,0,908,"925817,81","6693343,9",0,3,25,N,1165,2073,"925584,55","6693845,81",0,D,0,ACCROCHE,DB3,FB3,DB,DB,FB,FB,0,1165,1165,25,DIRE
29996,02/01/2026,25N905751,983,4,25,N,0,2073,"925590,68","6693840,56",0,4,25,N,983,3056,"925915,95","6693722,49",0,D,0,ACCROCHE,DB4,FB4,DB,DB,FR,FR,0,983,983,25,DIRE
13397,02/01/2026,25N905751,515,1,25,N,0,0,"926046,3","6694111,23",0,1,25,N,515,515,"925636,56","6693893,24",0,D,0,ACCROCHE,DB1,FB1,DB,DB,FB,FB,0,515,515,25,DIRE
42516,02/01/2026,70N901917A,176,1,70,N,0,0,"957536,34","6737019,47",0,1,70,N,176,176,"957536,34","6737019,47",0,D,0,ACCROCHE,DB1,FB1,SA,SA,FR,FR,0,176,176,70,DIRE
42761,02/01/2026,70N901917,315,3,70,N,0,557,"960316,57","6738665,1",0,3,70,N,315,872,"960009,7","6738651,52",0,D,0,ACCROCHE,DB3,FB3,DB,DB,FB,FB,0,315,315,70,DIRE
42760,02/01/2026,70N901917,262,1,70,N,0,0,"959847,14","6738475,51",0,1,70,N,262,262,"960102,88","6738483,48",0,D,0,ACCROCHE,DB1,FB1,DB,DB,FB,FB,0,262,262,70,DIRE
42759,02/01/2026,70N901917,295,2,70,N,0,262,"960143,01","6738497,81",0,2,70,N,295,557,"960360,56","6738665,97",0,D,0,ACCROCHE,DB2,FB2,DB,DB,FB,FB,0,295,295,70,DIRE
42758,02/01/2026,70N901917,232,4,70,N,0,872,"959978,64","6738618,1",0,4,70,N,232,1104,"959822,46","6738475,91",0,D,0,ACCROCHE,DB4,FB4,DB,DB,FR,FR,0,232,232,70,DIRE
17013,02/01/2026,39N900508,210,1,39,N,0,0,"923229,06","6631474,28",0,1,39,N,210,210,"923145,32","6631408,79",0,D,0,ACCROCHE,DB1,FB1,DB,DB,FB,FB,0,210,210,39,DIRE
17012,02/01/2026,39N900508,220,2,39,N,0,210,"923188,9","6631355,34",0,2,39,N,220,430,"923388,55","6631318,4",0,D,0,ACCROCHE,DB2,FB2,DB,DB,FB,FB,0,220,220,39,DIRE
17011,02/01/2026,39N900508,768,3,39,N,0,430,"923469,15","6631198,37",0,3,39,N,768,1198,"923045,34","6631541,66",0,D,0,ACCROCHE,DB3,FB3,DB,DB,FB,FB,0,768,768,39,DIRE
17010,02/01/2026,39N900508,688,4,39,N,0,1198,"923032,51","6631531,07",0,4,39,N,688,1886,"923323,6","6631386,4",0,D,0,ACCROCHE,DB4,FB4,DB,DB,FR,FR,0,688,688,39,DIRE
29979,02/01/2026,39N900509,240,1,39,N,0,0,"923324,64","6629529,43",0,1,39,N,240,240,"923152,24","6629606,67",0,D,0,ACCROCHE,DB1,FB1,DB,DB,FB,FB,0,240,240,39,DIRE
29978,02/01/2026,39N900509,240,2,39,N,0,240,"923150,42","6629581,17",0,2,39,N,240,480,"923224,65","6629415,07",0,D,0,ACCROCHE,DB2,FB2,DB,DB,FB,FB,0,240,240,39,DIRE
29949,02/01/2026,39N900509,150,3,39,N,0,480,"923158,16","6629250,89",0,3,39,N,150,630,"923248,07","6629258,02",0,D,0,ACCROCHE,DB3,FB3,DB,DB,FB,FB,0,150,150,39,DIRE
29774,02/01/2026,39N900509,160,4,39,N,0,630,"923274,19","6629263,39",0,4,39,N,160,790,"923211,82","6629395,6",0,D,0,ACCROCHE,DB4,FB4,DB,DB,FB,FB,0,160,160,39,DIRE
29767,02/01/2026,39N900509,170,5,39,N,0,790,"923152,24","6629606,67",0,5,39,N,170,960,"923152,24","6629606,67",0,D,0,ACCROCHE,DB5,FB5,SA,SA,SA,SA,0,170,170,39,DIRE
29761,02/01/2026,39N900509,170,6,39,N,0,960,"923248,07","6629258,02",0,6,39,N,170,1130,"923248,07","6629258,02",0,D,0,ACCROCHE,DB6,FB6,SA,SA,SA,SA,0,170,170,39,DIRE
29742,02/01/2026,39N900509,410,7,39,N,0,1130,"923117,5","6629575,39",0,7,39,N,410,1540,"923274,19","6629263,39",0,D,0,ACCROCHE,DB7,FB7,DB,DB,FB,FB,0,410,410,39,DIRE
29731,02/01/2026,39N900509,405,8,39,N,0,1540,"923290,5","6629239,8",0,8,39,N,405,1945,"923143,08","6629574,89",0,D,0,ACCROCHE,DB8,FB8,DB,DB,FR,FR,0,405,405,39,DIRE
30593,02/01/2026,39N900507,360,1,39,N,0,0,"921704,12","6633260,51",0,1,39,N,360,360,"921740,23","6632913,79",0,D,0,ACCROCHE,DB1,FB1,DB,DB,FB,FB,0,360,360,39,DIRE
30592,02/01/2026,39N900507,266,2,39,N,0,360,"921820,22","6632921,22",0,2,39,N,266,626,"922012,49","6632797,34",0,D,0,ACCROCHE,DB2,FB2,DB,DB,FB,FB,0,266,266,39,DIRE
30590,02/01/2026,39N900507,220,3,39,N,0,626,"921995,56","6632822,56",0,3,39,N,220,846,"921896,95","6633024,51",0,D,0,ACCROCHE,DB3,FB3,DB,DB,FB,FB,0,220,220,39,DIRE
30582,02/01/2026,39N900507,233,4,39,N,0,846,"921869,45","6633046,6",0,4,39,N,233,1079,"921711,18","6633225,72",0,D,0,ACCROCHE,DB4,FB4,DB,DB,FB,FB,0,233,233,39,DIRE
30581,02/01/2026,39N900507,150,5,39,N,0,1079,"921896,95","6633024,51",0,5,39,N,150,1229,"921896,95","6633024,51",0,D,0,ACCROCHE,DB5,FB5,SA,SA,SA,SA,0,150,150,39,DIRE
30580,02/01/2026,39N900507,167,6,39,N,0,1229,"921768,47","6632877,73",0,6,39,N,167,1396,"921880,6","6633011,23",0,D,0,ACCROCHE,DB6,FB6,DB,DB,FB,FB,0,167,167,39,DIRE
30001,02/01/2026,39N900507,157,7,39,N,0,1396,"921862,61","6633019,33",0,7,39,N,157,1553,"921768,31","6632902,86",0,D,0,ACCROCHE,DB7,FB7,DB,DB,FB,FB,0,157,157,39,DIRE
29995,02/01/2026,39N900507,163,8,39,N,0,1553,"921740,23","6632913,79",0,8,39,N,163,1716,"921740,23","6632913,79",0,D,0,ACCROCHE,DB8,FB8,SA,SA,FR,FR,0,163,163,39,DIRE
51963,02/01/2026,39N908311,150,1,39,N,0,0,"905937,75","6641905,17",0,1,39,N,150,150,"906032,2","6642013,07",0,D,0,ACCROCHE,DB1,FB1,DB,DB,FB,FB,0,150,150,39,DIRE
51962,02/01/2026,39N908311,35,2,39,N,0,150,"906032,2","6642013,07",0,2,39,N,35,185,"905995,54","6642024,69",0,D,0,ACCROCHE,DB2,FB2,DB,DB,FB,FB,0,35,35,39,DIRE
51959,02/01/2026,39N908311,160,3,39,N,0,185,"905960,54","6641952,3",0,3,39,N,160,345,"905879,83","6641815,74",0,D,0,ACCROCHE,DB3,FB3,DB,DB,FB,FB,0,160,160,39,DIRE
29700,02/01/2026,39N908311,160,4,39,N,0,345,"905861,87","6641819,69",0,4,39,N,160,505,"905815,28","6641666,98",0,D,0,ACCROCHE,DB4,FB4,DB,DB,FR,FR,0,160,160,39,DIRE
29724,02/01/2026,39N908301,175,1,39,N,0,0,"899740,56","6641236,13",0,1,39,N,175,175,"899740,56","6641236,13",0,D,0,ACCROCHE,DB1,FB1,SA,SA,FR,FR,0,175,175,39,DIRE
